season,date,time,home_team,away_team,home_goals,away_goals,result,home_points,away_points,total_goals,goal_difference
2012/2013,2012-08-17,17:00,Pogoń Szczecin,Zagłębie Lubin,4,0,H,3,0,4,4
2012/2013,2012-08-17,19:30,Piast Gliwice,Górnik Zabrze,1,2,A,0,3,3,-1
2012/2013,2012-08-18,12:30,Jagiellonia Białystok,Podbeskidzie Bielsko-Biała,2,1,H,3,0,3,1
2012/2013,2012-08-18,14:45,Widzew Łódź,Śląsk Wrocław,2,1,H,3,0,3,1
2012/2013,2012-08-18,17:00,Lech Poznań,Ruch Chorzów,4,0,H,3,0,4,4
2012/2013,2012-08-19,13:30,Wisła Kraków,GKS Bełchatów,2,1,H,3,0,3,1
2012/2013,2012-08-19,16:00,Legia Warszawa,Korona Kielce,4,0,H,3,0,4,4
2012/2013,2012-08-20,17:30,Lechia Gdańsk,Polonia Warszawa,1,3,A,0,3,4,-2
2012/2013,2012-08-24,17:00,Zagłębie Lubin,Piast Gliwice,2,1,H,3,0,3,1
2012/2013,2012-08-24,19:30,Jagiellonia Białystok,Górnik Zabrze,1,1,D,1,1,2,0
2012/2013,2012-08-25,12:30,Podbeskidzie Bielsko-Biała,Wisła Kraków,1,1,D,1,1,2,0
2012/2013,2012-08-25,14:45,Widzew Łódź,Ruch Chorzów,2,0,H,3,0,2,2
2012/2013,2012-08-25,17:00,Polonia Warszawa,Lech Poznań,1,2,A,0,3,3,-1
2012/2013,2012-08-26,13:30,Śląsk Wrocław,Korona Kielce,2,0,H,3,0,2,2
2012/2013,2012-08-26,16:00,GKS Bełchatów,Legia Warszawa,0,2,A,0,3,2,-2
2012/2013,2012-08-27,17:30,Pogoń Szczecin,Lechia Gdańsk,0,2,A,0,3,2,-2
2012/2013,2012-08-31,17:00,Piast Gliwice,Pogoń Szczecin,1,0,H,3,0,1,1
2012/2013,2012-08-31,19:30,Wisła Kraków,Polonia Warszawa,1,3,A,0,3,4,-2
2012/2013,2012-09-01,12:30,Korona Kielce,Lechia Gdańsk,0,1,A,0,3,1,-1
2012/2013,2012-09-01,14:45,Widzew Łódź,GKS Bełchatów,1,0,H,3,0,1,1
2012/2013,2012-09-01,17:00,Jagiellonia Białystok,Zagłębie Lubin,0,0,D,1,1,0,0
2012/2013,2012-09-02,13:30,Lech Poznań,Górnik Zabrze,0,0,D,1,1,0,0
2012/2013,2012-09-02,16:00,Śląsk Wrocław,Ruch Chorzów,1,0,H,3,0,1,1
2012/2013,2012-09-03,17:30,Legia Warszawa,Podbeskidzie Bielsko-Biała,3,1,H,3,0,4,2
2012/2013,2012-09-14,17:00,Podbeskidzie Bielsko-Biała,Śląsk Wrocław,1,1,D,1,1,2,0
2012/2013,2012-09-14,19:45,Pogoń Szczecin,Wisła Kraków,2,0,H,3,0,2,2
2012/2013,2012-09-15,12:30,Polonia Warszawa,Jagiellonia Białystok,1,1,D,1,1,2,0
2012/2013,2012-09-15,14:45,Lechia Gdańsk,Piast Gliwice,1,2,A,0,3,3,-1
2012/2013,2012-09-15,17:00,Ruch Chorzów,Korona Kielce,1,1,D,1,1,2,0
2012/2013,2012-09-16,13:30,Zagłębie Lubin,Widzew Łódź,0,1,A,0,3,1,-1
2012/2013,2012-09-16,16:00,Górnik Zabrze,Legia Warszawa,2,2,D,1,1,4,0
2012/2013,2012-09-17,17:30,GKS Bełchatów,Lech Poznań,0,1,A,0,3,1,-1
2012/2013,2012-09-21,17:00,Korona Kielce,Podbeskidzie Bielsko-Biała,2,1,H,3,0,3,1
2012/2013,2012-09-21,19:30,Legia Warszawa,Polonia Warszawa,1,1,D,1,1,2,0
2012/2013,2012-09-22,12:30,Jagiellonia Białystok,Piast Gliwice,0,2,A,0,3,2,-2
2012/2013,2012-09-22,14:45,Ruch Chorzów,Zagłębie Lubin,2,1,H,3,0,3,1
2012/2013,2012-09-22,17:00,Wisła Kraków,Lechia Gdańsk,1,0,H,3,0,1,1
2012/2013,2012-09-23,13:30,Śląsk Wrocław,GKS Bełchatów,2,1,H,3,0,3,1
2012/2013,2012-09-23,16:00,Lech Poznań,Pogoń Szczecin,1,1,D,1,1,2,0
2012/2013,2012-09-24,17:30,Widzew Łódź,Górnik Zabrze,1,1,D,1,1,2,0
2012/2013,2012-09-28,17:00,Podbeskidzie Bielsko-Biała,Ruch Chorzów,1,2,A,0,3,3,-1
2012/2013,2012-09-28,19:45,Polonia Warszawa,Widzew Łódź,3,1,H,3,0,4,2
2012/2013,2012-09-29,12:30,GKS Bełchatów,Korona Kielce,1,1,D,1,1,2,0
2012/2013,2012-09-29,14:45,Pogoń Szczecin,Jagiellonia Białystok,1,1,D,1,1,2,0
2012/2013,2012-09-29,17:00,Zagłębie Lubin,Legia Warszawa,2,2,D,1,1,4,0
2012/2013,2012-09-30,13:30,Górnik Zabrze,Śląsk Wrocław,4,1,H,3,0,5,3
2012/2013,2012-09-30,16:00,Lechia Gdańsk,Lech Poznań,2,0,H,3,0,2,2
2012/2013,2012-10-01,17:30,Piast Gliwice,Wisła Kraków,2,0,H,3,0,2,2
2012/2013,2012-10-05,17:00,Ruch Chorzów,GKS Bełchatów,2,1,H,3,0,3,1
2012/2013,2012-10-05,19:45,Legia Warszawa,Wisła Kraków,2,1,H,3,0,3,1
2012/2013,2012-10-06,12:30,Korona Kielce,Zagłębie Lubin,1,0,H,3,0,1,1
2012/2013,2012-10-06,14:45,Podbeskidzie Bielsko-Biała,Górnik Zabrze,1,3,A,0,3,4,-2
2012/2013,2012-10-06,17:00,Lech Poznań,Piast Gliwice,4,0,H,3,0,4,4
2012/2013,2012-10-07,13:30,Widzew Łódź,Pogoń Szczecin,1,3,A,0,3,4,-2
2012/2013,2012-10-07,16:00,Śląsk Wrocław,Polonia Warszawa,2,1,H,3,0,3,1
2012/2013,2012-10-08,17:30,Jagiellonia Białystok,Lechia Gdańsk,0,2,A,0,3,2,-2
2012/2013,2012-10-19,17:00,Górnik Zabrze,Korona Kielce,2,0,H,3,0,2,2
2012/2013,2012-10-19,19:45,Zagłębie Lubin,Lech Poznań,0,1,A,0,3,1,-1
2012/2013,2012-10-20,12:30,GKS Bełchatów,Podbeskidzie Bielsko-Biała,2,1,H,3,0,3,1
2012/2013,2012-10-20,14:45,Piast Gliwice,Widzew Łódź,1,2,A,0,3,3,-1
2012/2013,2012-10-20,17:00,Wisła Kraków,Jagiellonia Białystok,0,0,D,1,1,0,0
2012/2013,2012-10-21,13:30,Lechia Gdańsk,Śląsk Wrocław,2,3,A,0,3,5,-1
2012/2013,2012-10-21,16:00,Polonia Warszawa,Ruch Chorzów,2,1,H,3,0,3,1
2012/2013,2012-10-22,17:30,Pogoń Szczecin,Legia Warszawa,0,3,A,0,3,3,-3
2012/2013,2012-10-26,17:00,Podbeskidzie Bielsko-Biała,Lechia Gdańsk,2,3,A,0,3,5,-1
2012/2013,2012-10-26,19:45,Widzew Łódź,Wisła Kraków,1,2,A,0,3,3,-1
2012/2013,2012-10-27,12:30,Korona Kielce,Pogoń Szczecin,2,1,H,3,0,3,1
2012/2013,2012-10-27,14:45,GKS Bełchatów,Polonia Warszawa,0,5,A,0,3,5,-5
2012/2013,2012-10-27,17:00,Lech Poznań,Jagiellonia Białystok,0,2,A,0,3,2,-2
2012/2013,2012-10-28,13:30,Śląsk Wrocław,Zagłębie Lubin,0,2,A,0,3,2,-2
2012/2013,2012-10-28,16:00,Legia Warszawa,Piast Gliwice,3,2,H,3,0,5,1
2012/2013,2012-10-29,17:30,Ruch Chorzów,Górnik Zabrze,0,0,D,1,1,0,0
2012/2013,2012-11-02,17:00,Górnik Zabrze,GKS Bełchatów,2,0,H,3,0,2,2
2012/2013,2012-11-02,19:45,Wisła Kraków,Lech Poznań,0,1,A,0,3,1,-1
2012/2013,2012-11-03,12:30,Piast Gliwice,Ruch Chorzów,1,3,A,0,3,4,-2
2012/2013,2012-11-03,14:45,Zagłębie Lubin,Podbeskidzie Bielsko-Biała,1,2,A,0,3,3,-1
2012/2013,2012-11-03,17:00,Jagiellonia Białystok,Widzew Łódź,2,2,D,1,1,4,0
2012/2013,2012-11-04,13:30,Lechia Gdańsk,Legia Warszawa,1,2,A,0,3,3,-1
2012/2013,2012-11-04,16:00,Polonia Warszawa,Korona Kielce,2,0,H,3,0,2,2
2012/2013,2012-11-05,17:30,Pogoń Szczecin,Śląsk Wrocław,0,3,A,0,3,3,-3
2012/2013,2012-11-09,17:00,Ruch Chorzów,Lechia Gdańsk,0,1,A,0,3,1,-1
2012/2013,2012-11-09,19:45,Widzew Łódź,Lech Poznań,0,1,A,0,3,1,-1
2012/2013,2012-11-10,12:30,Podbeskidzie Bielsko-Biała,Polonia Warszawa,0,1,A,0,3,1,-1
2012/2013,2012-11-10,14:45,Śląsk Wrocław,Piast Gliwice,1,3,A,0,3,4,-2
2012/2013,2012-11-10,17:00,Legia Warszawa,Jagiellonia Białystok,1,2,A,0,3,3,-1
2012/2013,2012-11-11,13:30,Górnik Zabrze,Zagłębie Lubin,0,2,A,0,3,2,-2
2012/2013,2012-11-11,16:00,Korona Kielce,Wisła Kraków,1,1,D,1,1,2,0
2012/2013,2012-11-12,17:30,GKS Bełchatów,Pogoń Szczecin,0,1,A,0,3,1,-1
2012/2013,2012-11-16,17:00,Zagłębie Lubin,GKS Bełchatów,1,0,H,3,0,1,1
2012/2013,2012-11-16,19:45,Lechia Gdańsk,Widzew Łódź,2,0,H,3,0,2,2
2012/2013,2012-11-17,12:30,Piast Gliwice,Podbeskidzie Bielsko-Biała,1,0,H,3,0,1,1
2012/2013,2012-11-17,14:45,Jagiellonia Białystok,Korona Kielce,0,0,D,1,1,0,0
2012/2013,2012-11-17,18:30,Polonia Warszawa,Górnik Zabrze,1,1,D,1,1,2,0
2012/2013,2012-11-18,13:30,Lech Poznań,Legia Warszawa,1,3,A,0,3,4,-2
2012/2013,2012-11-18,16:00,Wisła Kraków,Śląsk Wrocław,1,0,H,3,0,1,1
2012/2013,2012-11-19,17:30,Pogoń Szczecin,Ruch Chorzów,1,0,H,3,0,1,1
2012/2013,2012-11-23,17:00,Korona Kielce,Piast Gliwice,4,0,H,3,0,4,4
2012/2013,2012-11-23,19:45,Legia Warszawa,Widzew Łódź,1,0,H,3,0,1,1
2012/2013,2012-11-24,12:30,GKS Bełchatów,Lechia Gdańsk,1,1,D,1,1,2,0
2012/2013,2012-11-24,14:45,Polonia Warszawa,Zagłębie Lubin,0,1,A,0,3,1,-1
2012/2013,2012-11-24,17:00,Górnik Zabrze,Pogoń Szczecin,0,0,D,1,1,0,0
2012/2013,2012-11-25,13:30,Śląsk Wrocław,Jagiellonia Białystok,3,3,D,1,1,6,0
2012/2013,2012-11-25,16:00,Ruch Chorzów,Wisła Kraków,1,2,A,0,3,3,-1
2012/2013,2012-11-26,17:30,Podbeskidzie Bielsko-Biała,Lech Poznań,2,3,A,0,3,5,-1
2012/2013,2012-11-30,17:00,Jagiellonia Białystok,GKS Bełchatów,2,2,D,1,1,4,0
2012/2013,2012-11-30,19:45,Lech Poznań,Śląsk Wrocław,0,3,A,0,3,3,-3
2012/2013,2012-12-01,12:30,Pogoń Szczecin,Podbeskidzie Bielsko-Biała,2,0,H,3,0,2,2
2012/2013,2012-12-01,14:45,Widzew Łódź,Korona Kielce,1,0,H,3,0,1,1
2012/2013,2012-12-01,17:00,Wisła Kraków,Górnik Zabrze,1,3,A,0,3,4,-2
2012/2013,2012-12-02,13:30,Lechia Gdańsk,Zagłębie Lubin,2,2,D,1,1,4,0
2012/2013,2012-12-02,16:00,Legia Warszawa,Ruch Chorzów,3,0,H,3,0,3,3
2012/2013,2012-12-03,17:30,Piast Gliwice,Polonia Warszawa,1,1,D,1,1,2,0
2012/2013,2012-12-07,17:00,Ruch Chorzów,Jagiellonia Białystok,1,1,D,1,1,2,0
2012/2013,2012-12-07,19:45,Śląsk Wrocław,Legia Warszawa,1,0,H,3,0,1,1
2012/2013,2012-12-08,12:30,GKS Bełchatów,Piast Gliwice,1,3,A,0,3,4,-2
2012/2013,2012-12-08,14:45,Zagłębie Lubin,Wisła Kraków,4,1,H,3,0,5,3
2012/2013,2012-12-08,17:00,Górnik Zabrze,Lechia Gdańsk,2,0,H,3,0,2,2
2012/2013,2012-12-09,13:30,Podbeskidzie Bielsko-Biała,Widzew Łódź,2,2,D,1,1,4,0
2012/2013,2012-12-09,16:00,Korona Kielce,Lech Poznań,0,1,A,0,3,1,-1
2012/2013,2012-12-10,17:30,Polonia Warszawa,Pogoń Szczecin,2,0,H,3,0,2,2
2012/2013,2013-02-22,17:00,Zagłębie Lubin,Pogoń Szczecin,3,0,H,3,0,3,3
2012/2013,2013-02-22,19:45,Polonia Warszawa,Lechia Gdańsk,1,1,D,1,1,2,0
2012/2013,2013-02-23,12:30,Podbeskidzie Bielsko-Biała,Jagiellonia Białystok,4,0,H,3,0,4,4
2012/2013,2013-02-23,14:45,Śląsk Wrocław,Widzew Łódź,2,1,H,3,0,3,1
2012/2013,2013-02-23,17:00,Korona Kielce,Legia Warszawa,3,2,H,3,0,5,1
2012/2013,2013-02-24,13:30,GKS Bełchatów,Wisła Kraków,0,0,D,1,1,0,0
2012/2013,2013-02-24,16:00,Ruch Chorzów,Lech Poznań,0,4,A,0,3,4,-4
2012/2013,2013-02-25,17:30,Górnik Zabrze,Piast Gliwice,1,0,H,3,0,1,1
2012/2013,2013-03-01,17:00,Lechia Gdańsk,Pogoń Szczecin,1,1,D,1,1,2,0
2012/2013,2013-03-01,19:45,Lech Poznań,Polonia Warszawa,0,1,A,0,3,1,-1
2012/2013,2013-03-02,12:30,Ruch Chorzów,Widzew Łódź,3,0,H,3,0,3,3
2012/2013,2013-03-02,14:45,Piast Gliwice,Zagłębie Lubin,1,1,D,1,1,2,0
2012/2013,2013-03-02,17:30,Legia Warszawa,GKS Bełchatów,0,0,D,1,1,0,0
2012/2013,2013-03-03,13:30,Korona Kielce,Śląsk Wrocław,1,1,D,1,1,2,0
2012/2013,2013-03-03,16:00,Górnik Zabrze,Jagiellonia Białystok,1,2,A,0,3,3,-1
2012/2013,2013-03-04,17:30,Wisła Kraków,Podbeskidzie Bielsko-Biała,0,0,D,1,1,0,0
2012/2013,2013-03-08,17:00,Zagłębie Lubin,Jagiellonia Białystok,2,1,H,3,0,3,1
2012/2013,2013-03-08,19:45,Podbeskidzie Bielsko-Biała,Legia Warszawa,1,2,A,0,3,3,-1
2012/2013,2013-03-09,12:30,GKS Bełchatów,Widzew Łódź,0,0,D,1,1,0,0
2012/2013,2013-03-09,14:45,Ruch Chorzów,Śląsk Wrocław,1,1,D,1,1,2,0
2012/2013,2013-03-09,17:00,Polonia Warszawa,Wisła Kraków,1,2,A,0,3,3,-1
2012/2013,2013-03-10,13:30,Pogoń Szczecin,Piast Gliwice,0,2,A,0,3,2,-2
2012/2013,2013-03-10,16:00,Górnik Zabrze,Lech Poznań,0,1,A,0,3,1,-1
2012/2013,2013-03-11,17:30,Lechia Gdańsk,Korona Kielce,3,2,H,3,0,5,1
2012/2013,2013-03-15,17:00,Jagiellonia Białystok,Polonia Warszawa,2,0,H,3,0,2,2
2012/2013,2013-03-15,19:45,Legia Warszawa,Górnik Zabrze,3,0,H,3,0,3,3
2012/2013,2013-03-16,12:30,Korona Kielce,Ruch Chorzów,2,1,H,3,0,3,1
2012/2013,2013-03-16,14:45,Widzew Łódź,Zagłębie Lubin,0,0,D,1,1,0,0
2012/2013,2013-03-16,17:00,Lech Poznań,GKS Bełchatów,0,0,D,1,1,0,0
2012/2013,2013-03-17,13:30,Śląsk Wrocław,Podbeskidzie Bielsko-Biała,1,1,D,1,1,2,0
2012/2013,2013-03-17,16:00,Wisła Kraków,Pogoń Szczecin,2,0,H,3,0,2,2
2012/2013,2013-03-18,17:30,Piast Gliwice,Lechia Gdańsk,2,0,H,3,0,2,2
2012/2013,2013-03-28,17:00,Podbeskidzie Bielsko-Biała,Korona Kielce,1,1,D,1,1,2,0
2012/2013,2013-03-28,19:30,Górnik Zabrze,Widzew Łódź,3,1,H,3,0,4,2
2012/2013,2013-03-30,12:30,Piast Gliwice,Jagiellonia Białystok,1,1,D,1,1,2,0
2012/2013,2013-03-30,14:45,GKS Bełchatów,Śląsk Wrocław,1,0,H,3,0,1,1
2012/2013,2013-03-30,17:00,Polonia Warszawa,Legia Warszawa,1,2,A,0,3,3,-1
2012/2013,2013-04-01,12:30,Zagłębie Lubin,Ruch Chorzów,2,3,A,0,3,5,-1
2012/2013,2013-04-01,15:00,Lechia Gdańsk,Wisła Kraków,0,0,D,1,1,0,0
2012/2013,2013-04-01,17:30,Pogoń Szczecin,Lech Poznań,0,2,A,0,3,2,-2
2012/2013,2013-04-05,17:00,Ruch Chorzów,Podbeskidzie Bielsko-Biała,1,3,A,0,3,4,-2
2012/2013,2013-04-05,19:45,Lech Poznań,Lechia Gdańsk,4,2,H,3,0,6,2
2012/2013,2013-04-06,12:30,Jagiellonia Białystok,Pogoń Szczecin,1,0,H,3,0,1,1
2012/2013,2013-04-06,14:45,Śląsk Wrocław,Górnik Zabrze,2,1,H,3,0,3,1
2012/2013,2013-04-06,17:00,Legia Warszawa,Zagłębie Lubin,2,0,H,3,0,2,2
2012/2013,2013-04-07,13:30,Korona Kielce,GKS Bełchatów,1,0,H,3,0,1,1
2012/2013,2013-04-07,16:15,Wisła Kraków,Piast Gliwice,1,2,A,0,3,3,-1
2012/2013,2013-04-08,17:30,Widzew Łódź,Polonia Warszawa,3,2,H,3,0,5,1
2012/2013,2013-04-12,17:00,Pogoń Szczecin,Widzew Łódź,1,1,D,1,1,2,0
2012/2013,2013-04-12,19:45,Zagłębie Lubin,Korona Kielce,2,1,H,3,0,3,1
2012/2013,2013-04-13,12:30,GKS Bełchatów,Ruch Chorzów,0,3,A,0,3,3,-3
2012/2013,2013-04-13,14:45,Polonia Warszawa,Śląsk Wrocław,2,2,D,1,1,4,0
2012/2013,2013-04-13,17:00,Wisła Kraków,Legia Warszawa,1,2,A,0,3,3,-1
2012/2013,2013-04-14,13:30,Górnik Zabrze,Podbeskidzie Bielsko-Biała,0,1,A,0,3,1,-1
2012/2013,2013-04-14,16:00,Lechia Gdańsk,Jagiellonia Białystok,2,3,A,0,3,5,-1
2012/2013,2013-04-15,17:30,Piast Gliwice,Lech Poznań,0,3,A,0,3,3,-3
2012/2013,2013-04-19,17:00,Widzew Łódź,Piast Gliwice,1,1,D,1,1,2,0
2012/2013,2013-04-19,19:45,Korona Kielce,Górnik Zabrze,1,0,H,3,0,1,1
2012/2013,2013-04-20,12:30,Podbeskidzie Bielsko-Biała,GKS Bełchatów,1,1,D,1,1,2,0
2012/2013,2013-04-20,14:45,Jagiellonia Białystok,Wisła Kraków,2,2,D,1,1,4,0
2012/2013,2013-04-20,17:15,Legia Warszawa,Pogoń Szczecin,3,1,H,3,0,4,2
2012/2013,2013-04-21,13:30,Śląsk Wrocław,Lechia Gdańsk,1,1,D,1,1,2,0
2012/2013,2013-04-21,16:00,Lech Poznań,Zagłębie Lubin,3,1,H,3,0,4,2
2012/2013,2013-04-22,17:30,Ruch Chorzów,Polonia Warszawa,2,1,H,3,0,3,1
2012/2013,2013-04-26,17:00,Pogoń Szczecin,Korona Kielce,2,1,H,3,0,3,1
2012/2013,2013-04-26,19:45,Wisła Kraków,Widzew Łódź,1,0,H,3,0,1,1
2012/2013,2013-04-27,12:30,Polonia Warszawa,GKS Bełchatów,0,1,A,0,3,1,-1
2012/2013,2013-04-27,14:45,Lechia Gdańsk,Podbeskidzie Bielsko-Biała,1,2,A,0,3,3,-1
2012/2013,2013-04-27,17:00,Piast Gliwice,Legia Warszawa,0,0,D,1,1,0,0
2012/2013,2013-04-28,13:30,Zagłębie Lubin,Śląsk Wrocław,4,0,H,3,0,4,4
2012/2013,2013-04-28,16:00,Górnik Zabrze,Ruch Chorzów,2,0,H,3,0,2,2
2012/2013,2013-04-29,17:30,Jagiellonia Białystok,Lech Poznań,0,1,A,0,3,1,-1
2012/2013,2013-05-03,17:00,Podbeskidzie Bielsko-Biała,Zagłębie Lubin,1,1,D,1,1,2,0
2012/2013,2013-05-03,19:45,Korona Kielce,Polonia Warszawa,1,1,D,1,1,2,0
2012/2013,2013-05-04,12:30,Widzew Łódź,Jagiellonia Białystok,3,0,H,3,0,3,3
2012/2013,2013-05-04,14:45,GKS Bełchatów,Górnik Zabrze,2,0,H,3,0,2,2
2012/2013,2013-05-04,17:00,Lech Poznań,Wisła Kraków,1,0,H,3,0,1,1
2012/2013,2013-05-05,13:30,Legia Warszawa,Lechia Gdańsk,1,0,H,3,0,1,1
2012/2013,2013-05-05,16:00,Śląsk Wrocław,Pogoń Szczecin,1,0,H,3,0,1,1
2012/2013,2013-05-06,17:30,Ruch Chorzów,Piast Gliwice,1,2,A,0,3,3,-1
2012/2013,2013-05-10,17:00,Polonia Warszawa,Podbeskidzie Bielsko-Biała,2,1,H,3,0,3,1
2012/2013,2013-05-10,19:45,Lech Poznań,Widzew Łódź,4,0,H,3,0,4,4
2012/2013,2013-05-11,12:30,Pogoń Szczecin,GKS Bełchatów,0,1,A,0,3,1,-1
2012/2013,2013-05-11,14:45,Wisła Kraków,Korona Kielce,3,0,H,3,0,3,3
2012/2013,2013-05-11,17:00,Jagiellonia Białystok,Legia Warszawa,0,3,A,0,3,3,-3
2012/2013,2013-05-12,13:30,Piast Gliwice,Śląsk Wrocław,3,2,H,3,0,5,1
2012/2013,2013-05-12,16:00,Lechia Gdańsk,Ruch Chorzów,4,4,D,1,1,8,0
2012/2013,2013-05-13,17:30,Zagłębie Lubin,Górnik Zabrze,1,2,A,0,3,3,-1
2012/2013,2013-05-17,17:00,Ruch Chorzów,Pogoń Szczecin,2,3,A,0,3,5,-1
2012/2013,2013-05-17,19:45,Śląsk Wrocław,Wisła Kraków,3,0,H,3,0,3,3
2012/2013,2013-05-18,12:30,Legia Warszawa,Lech Poznań,1,0,H,3,0,1,1
2012/2013,2013-05-18,14:45,Podbeskidzie Bielsko-Biała,Piast Gliwice,1,2,A,0,3,3,-1
2012/2013,2013-05-18,17:00,Górnik Zabrze,Polonia Warszawa,0,4,A,0,3,4,-4
2012/2013,2013-05-19,13:30,GKS Bełchatów,Zagłębie Lubin,3,2,H,3,0,5,1
2012/2013,2013-05-19,16:00,Korona Kielce,Jagiellonia Białystok,5,0,H,3,0,5,5
2012/2013,2013-05-20,17:30,Widzew Łódź,Lechia Gdańsk,1,2,A,0,3,3,-1
2012/2013,2013-05-23,19:45,Piast Gliwice,Korona Kielce,1,1,D,1,1,2,0
2012/2013,2013-05-24,17:00,Wisła Kraków,Ruch Chorzów,1,1,D,1,1,2,0
2012/2013,2013-05-24,19:45,Widzew Łódź,Legia Warszawa,1,1,D,1,1,2,0
2012/2013,2013-05-25,12:30,Lechia Gdańsk,GKS Bełchatów,1,1,D,1,1,2,0
2012/2013,2013-05-25,14:45,Lech Poznań,Podbeskidzie Bielsko-Biała,0,2,A,0,3,2,-2
2012/2013,2013-05-26,13:30,Pogoń Szczecin,Górnik Zabrze,1,0,H,3,0,1,1
2012/2013,2013-05-26,16:00,Jagiellonia Białystok,Śląsk Wrocław,0,3,A,0,3,3,-3
2012/2013,2013-05-27,17:30,Zagłębie Lubin,Polonia Warszawa,0,0,D,1,1,0,0
2012/2013,2013-05-30,17:00,Górnik Zabrze,Wisła Kraków,0,1,A,0,3,1,-1
2012/2013,2013-05-30,17:00,Podbeskidzie Bielsko-Biała,Pogoń Szczecin,2,1,H,3,0,3,1
2012/2013,2013-05-30,17:00,Polonia Warszawa,Piast Gliwice,1,1,D,1,1,2,0
2012/2013,2013-05-30,17:00,Ruch Chorzów,Legia Warszawa,0,0,D,1,1,0,0
2012/2013,2013-05-30,17:00,Śląsk Wrocław,Lech Poznań,1,1,D,1,1,2,0
2012/2013,2013-05-30,17:00,Zagłębie Lubin,Lechia Gdańsk,0,3,A,0,3,3,-3
2012/2013,2013-05-30,17:45,GKS Bełchatów,Jagiellonia Białystok,1,1,D,1,1,2,0
2012/2013,2013-05-30,17:45,Korona Kielce,Widzew Łódź,0,0,D,1,1,0,0
2012/2013,2013-06-02,15:00,Jagiellonia Białystok,Ruch Chorzów,1,0,H,3,0,1,1
2012/2013,2013-06-02,15:00,Lech Poznań,Korona Kielce,2,0,H,3,0,2,2
2012/2013,2013-06-02,15:00,Lechia Gdańsk,Górnik Zabrze,0,2,A,0,3,2,-2
2012/2013,2013-06-02,15:00,Legia Warszawa,Śląsk Wrocław,5,0,H,3,0,5,5
2012/2013,2013-06-02,15:00,Piast Gliwice,GKS Bełchatów,2,3,A,0,3,5,-1
2012/2013,2013-06-02,15:00,Pogoń Szczecin,Polonia Warszawa,3,1,H,3,0,4,2
2012/2013,2013-06-02,15:00,Widzew Łódź,Podbeskidzie Bielsko-Biała,1,2,A,0,3,3,-1
2012/2013,2013-06-02,15:00,Wisła Kraków,Zagłębie Lubin,0,1,A,0,3,1,-1
2013/2014,2013-07-19,17:00,Zagłębie Lubin,Pogoń Szczecin,0,2,A,0,3,2,-2
2013/2014,2013-07-19,19:30,Wisła Kraków,Górnik Zabrze,0,0,D,1,1,0,0
2013/2014,2013-07-20,14:30,Zawisza Bydgoszcz,Jagiellonia Białystok,0,1,A,0,3,1,-1
2013/2014,2013-07-20,17:00,Legia Warszawa,Widzew Łódź,5,1,H,3,0,6,4
2013/2014,2013-07-21,14:30,Korona Kielce,Śląsk Wrocław,0,0,D,1,1,0,0
2013/2014,2013-07-21,17:00,Cracovia,Piast Gliwice,2,3,A,0,3,5,-1
2013/2014,2013-07-21,19:30,Ruch Chorzów,Lech Poznań,1,1,D,1,1,2,0
2013/2014,2013-07-22,17:00,Lechia Gdańsk,Podbeskidzie Bielsko-Biała,2,2,D,1,1,4,0
2013/2014,2013-07-26,17:00,Ruch Chorzów,Lechia Gdańsk,1,1,D,1,1,2,0
2013/2014,2013-07-26,19:30,Widzew Łódź,Zawisza Bydgoszcz,2,1,H,3,0,3,1
2013/2014,2013-07-27,17:00,Podbeskidzie Bielsko-Biała,Górnik Zabrze,1,2,A,0,3,3,-1
2013/2014,2013-07-27,19:30,Pogoń Szczecin,Legia Warszawa,0,3,A,0,3,3,-3
2013/2014,2013-07-28,14:30,Piast Gliwice,Zagłębie Lubin,2,1,H,3,0,3,1
2013/2014,2013-07-28,17:00,Śląsk Wrocław,Jagiellonia Białystok,2,3,A,0,3,5,-1
2013/2014,2013-07-28,19:30,Lech Poznań,Cracovia,1,1,D,1,1,2,0
2013/2014,2013-07-29,17:00,Korona Kielce,Wisła Kraków,2,3,A,0,3,5,-1
2013/2014,2013-08-02,17:00,Cracovia,Ruch Chorzów,2,1,H,3,0,3,1
2013/2014,2013-08-02,19:30,Zawisza Bydgoszcz,Pogoń Szczecin,1,1,D,1,1,2,0
2013/2014,2013-08-03,17:00,Widzew Łódź,Korona Kielce,2,1,H,3,0,3,1
2013/2014,2013-08-03,19:30,Legia Warszawa,Podbeskidzie Bielsko-Biała,4,0,H,3,0,4,4
2013/2014,2013-08-04,14:30,Górnik Zabrze,Piast Gliwice,2,1,H,3,0,3,1
2013/2014,2013-08-04,17:00,Śląsk Wrocław,Wisła Kraków,0,0,D,1,1,0,0
2013/2014,2013-08-04,19:30,Zagłębie Lubin,Lech Poznań,0,0,D,1,1,0,0
2013/2014,2013-08-05,17:00,Lechia Gdańsk,Jagiellonia Białystok,2,0,H,3,0,2,2
2013/2014,2013-08-09,17:00,Podbeskidzie Bielsko-Biała,Zagłębie Lubin,0,0,D,1,1,0,0
2013/2014,2013-08-09,19:30,Wisła Kraków,Jagiellonia Białystok,1,1,D,1,1,2,0
2013/2014,2013-08-10,14:30,Widzew Łódź,Górnik Zabrze,0,3,A,0,3,3,-3
2013/2014,2013-08-10,17:00,Lechia Gdańsk,Cracovia,3,1,H,3,0,4,2
2013/2014,2013-08-10,19:30,Ruch Chorzów,Legia Warszawa,2,1,H,3,0,3,1
2013/2014,2013-08-11,14:30,Pogoń Szczecin,Śląsk Wrocław,2,2,D,1,1,4,0
2013/2014,2013-08-11,17:00,Lech Poznań,Korona Kielce,2,0,H,3,0,2,2
2013/2014,2013-08-12,17:00,Piast Gliwice,Zawisza Bydgoszcz,1,1,D,1,1,2,0
2013/2014,2013-08-23,17:00,Zagłębie Lubin,Cracovia,0,1,A,0,3,1,-1
2013/2014,2013-08-23,19:30,Górnik Zabrze,Ruch Chorzów,2,2,D,1,1,4,0
2013/2014,2013-08-24,14:30,Zawisza Bydgoszcz,Podbeskidzie Bielsko-Biała,2,2,D,1,1,4,0
2013/2014,2013-08-24,17:00,Jagiellonia Białystok,Pogoń Szczecin,2,3,A,0,3,5,-1
2013/2014,2013-08-24,19:30,Legia Warszawa,Lechia Gdańsk,0,1,A,0,3,1,-1
2013/2014,2013-08-25,14:30,Śląsk Wrocław,Widzew Łódź,3,1,H,3,0,4,2
2013/2014,2013-08-25,17:00,Wisła Kraków,Lech Poznań,2,0,H,3,0,2,2
2013/2014,2013-08-26,17:00,Korona Kielce,Piast Gliwice,2,0,H,3,0,2,2
2013/2014,2013-08-30,17:00,Lechia Gdańsk,Górnik Zabrze,1,1,D,1,1,2,0
2013/2014,2013-08-30,17:00,Ruch Chorzów,Zagłębie Lubin,0,2,A,0,3,2,-2
2013/2014,2013-08-31,14:30,Widzew Łódź,Jagiellonia Białystok,1,1,D,1,1,2,0
2013/2014,2013-08-31,17:00,Pogoń Szczecin,Wisła Kraków,0,0,D,1,1,0,0
2013/2014,2013-08-31,19:30,Cracovia,Legia Warszawa,0,1,A,0,3,1,-1
2013/2014,2013-09-01,14:30,Piast Gliwice,Śląsk Wrocław,1,1,D,1,1,2,0
2013/2014,2013-09-01,17:00,Lech Poznań,Zawisza Bydgoszcz,3,2,H,3,0,5,1
2013/2014,2013-09-02,17:00,Podbeskidzie Bielsko-Biała,Korona Kielce,1,0,H,3,0,1,1
2013/2014,2013-09-13,17:00,Widzew Łódź,Podbeskidzie Bielsko-Biała,1,1,D,1,1,2,0
2013/2014,2013-09-13,19:30,Wisła Kraków,Piast Gliwice,3,0,H,3,0,3,3
2013/2014,2013-09-14,14:30,Zawisza Bydgoszcz,Cracovia,2,0,H,3,0,2,2
2013/2014,2013-09-14,17:00,Śląsk Wrocław,Lech Poznań,2,0,H,3,0,2,2
2013/2014,2013-09-14,19:30,Korona Kielce,Legia Warszawa,3,5,A,0,3,8,-2
2013/2014,2013-09-15,14:30,Jagiellonia Białystok,Ruch Chorzów,6,0,H,3,0,6,6
2013/2014,2013-09-15,17:00,Pogoń Szczecin,Lechia Gdańsk,1,1,D,1,1,2,0
2013/2014,2013-09-16,17:00,Górnik Zabrze,Zagłębie Lubin,2,1,H,3,0,3,1
2013/2014,2013-09-19,16:00,Podbeskidzie Bielsko-Biała,Jagiellonia Białystok,0,1,A,0,3,1,-1
2013/2014,2013-09-20,17:00,Piast Gliwice,Widzew Łódź,3,0,H,3,0,3,3
2013/2014,2013-09-20,19:30,Lech Poznań,Pogoń Szczecin,1,2,A,0,3,3,-1
2013/2014,2013-09-21,14:30,Lechia Gdańsk,Zawisza Bydgoszcz,1,1,D,1,1,2,0
2013/2014,2013-09-21,17:00,Cracovia,Wisła Kraków,1,1,D,1,1,2,0
2013/2014,2013-09-21,19:30,Zagłębie Lubin,Korona Kielce,2,0,H,3,0,2,2
2013/2014,2013-09-22,14:30,Ruch Chorzów,Śląsk Wrocław,1,1,D,1,1,2,0
2013/2014,2013-09-22,17:00,Legia Warszawa,Górnik Zabrze,2,1,H,3,0,3,1
2013/2014,2013-09-23,17:00,Pogoń Szczecin,Podbeskidzie Bielsko-Biała,2,1,H,3,0,3,1
2013/2014,2013-09-23,19:30,Piast Gliwice,Lech Poznań,0,2,A,0,3,2,-2
2013/2014,2013-09-24,17:00,Zawisza Bydgoszcz,Zagłębie Lubin,2,0,H,3,0,2,2
2013/2014,2013-09-24,19:30,Wisła Kraków,Lechia Gdańsk,3,0,H,3,0,3,3
2013/2014,2013-09-25,17:00,Śląsk Wrocław,Cracovia,0,3,A,0,3,3,-3
2013/2014,2013-09-25,17:00,Widzew Łódź,Ruch Chorzów,0,1,A,0,3,1,-1
2013/2014,2013-09-25,19:30,Jagiellonia Białystok,Legia Warszawa,2,3,A,0,3,5,-1
2013/2014,2013-09-26,19:30,Korona Kielce,Górnik Zabrze,2,2,D,1,1,4,0
2013/2014,2013-09-27,19:30,Podbeskidzie Bielsko-Biała,Piast Gliwice,0,1,A,0,3,1,-1
2013/2014,2013-09-28,14:30,Cracovia,Pogoń Szczecin,0,1,A,0,3,1,-1
2013/2014,2013-09-28,17:00,Ruch Chorzów,Wisła Kraków,1,1,D,1,1,2,0
2013/2014,2013-09-28,19:30,Legia Warszawa,Śląsk Wrocław,2,1,H,3,0,3,1
2013/2014,2013-09-29,14:30,Zagłębie Lubin,Jagiellonia Białystok,1,1,D,1,1,2,0
2013/2014,2013-09-29,17:00,Lech Poznań,Widzew Łódź,1,0,H,3,0,1,1
2013/2014,2013-09-30,17:00,Górnik Zabrze,Zawisza Bydgoszcz,3,2,H,3,0,5,1
2013/2014,2013-09-30,19:30,Lechia Gdańsk,Korona Kielce,2,2,D,1,1,4,0
2013/2014,2013-10-04,17:00,Zawisza Bydgoszcz,Korona Kielce,0,1,A,0,3,1,-1
2013/2014,2013-10-04,19:30,Śląsk Wrocław,Zagłębie Lubin,2,0,H,3,0,2,2
2013/2014,2013-10-05,14:30,Jagiellonia Białystok,Cracovia,1,2,A,0,3,3,-1
2013/2014,2013-10-05,17:00,Pogoń Szczecin,Górnik Zabrze,1,4,A,0,3,5,-3
2013/2014,2013-10-05,19:30,Podbeskidzie Bielsko-Biała,Lech Poznań,0,0,D,1,1,0,0
2013/2014,2013-10-06,14:30,Wisła Kraków,Legia Warszawa,1,0,H,3,0,1,1
2013/2014,2013-10-06,17:00,Widzew Łódź,Lechia Gdańsk,4,1,H,3,0,5,3
2013/2014,2013-10-07,17:00,Piast Gliwice,Ruch Chorzów,0,2,A,0,3,2,-2
2013/2014,2013-10-18,17:00,Korona Kielce,Jagiellonia Białystok,4,1,H,3,0,5,3
2013/2014,2013-10-18,19:30,Górnik Zabrze,Śląsk Wrocław,3,2,H,3,0,5,1
2013/2014,2013-10-19,14:30,Zawisza Bydgoszcz,Wisła Kraków,3,1,H,3,0,4,2
2013/2014,2013-10-19,17:00,Zagłębie Lubin,Widzew Łódź,3,1,H,3,0,4,2
2013/2014,2013-10-19,19:30,Lechia Gdańsk,Lech Poznań,1,4,A,0,3,5,-3
2013/2014,2013-10-20,14:30,Cracovia,Podbeskidzie Bielsko-Biała,4,2,H,3,0,6,2
2013/2014,2013-10-20,17:00,Legia Warszawa,Piast Gliwice,4,1,H,3,0,5,3
2013/2014,2013-10-21,17:00,Ruch Chorzów,Pogoń Szczecin,1,1,D,1,1,2,0
2013/2014,2013-10-24,15:00,Podbeskidzie Bielsko-Biała,Ruch Chorzów,0,0,D,1,1,0,0
2013/2014,2013-10-25,17:00,Widzew Łódź,Cracovia,1,3,A,0,3,4,-2
2013/2014,2013-10-25,19:30,Jagiellonia Białystok,Górnik Zabrze,0,1,A,0,3,1,-1
2013/2014,2013-10-26,14:30,Pogoń Szczecin,Korona Kielce,3,2,H,3,0,5,1
2013/2014,2013-10-26,17:00,Piast Gliwice,Lechia Gdańsk,0,0,D,1,1,0,0
2013/2014,2013-10-26,19:30,Wisła Kraków,Zagłębie Lubin,1,0,H,3,0,1,1
2013/2014,2013-10-27,14:30,Śląsk Wrocław,Zawisza Bydgoszcz,1,2,A,0,3,3,-1
2013/2014,2013-10-27,17:00,Lech Poznań,Legia Warszawa,1,1,D,1,1,2,0
2013/2014,2013-10-28,17:00,Górnik Zabrze,Cracovia,0,1,A,0,3,1,-1
2013/2014,2013-10-29,17:00,Pogoń Szczecin,Piast Gliwice,4,0,H,3,0,4,4
2013/2014,2013-10-29,19:30,Wisła Kraków,Widzew Łódź,3,0,H,3,0,3,3
2013/2014,2013-10-30,17:00,Korona Kielce,Ruch Chorzów,1,4,A,0,3,5,-3
2013/2014,2013-10-30,17:00,Zagłębie Lubin,Lechia Gdańsk,1,3,A,0,3,4,-2
2013/2014,2013-10-30,19:30,Zawisza Bydgoszcz,Legia Warszawa,3,1,H,3,0,4,2
2013/2014,2013-10-31,17:00,Śląsk Wrocław,Podbeskidzie Bielsko-Biała,4,0,H,3,0,4,4
2013/2014,2013-10-31,19:30,Jagiellonia Białystok,Lech Poznań,2,0,H,3,0,2,2
2013/2014,2013-11-02,14:30,Cracovia,Korona Kielce,1,2,A,0,3,3,-1
2013/2014,2013-11-02,17:00,Widzew Łódź,Pogoń Szczecin,2,1,H,3,0,3,1
2013/2014,2013-11-02,19:30,Legia Warszawa,Zagłębie Lubin,2,0,H,3,0,2,2
2013/2014,2013-11-03,14:30,Lechia Gdańsk,Śląsk Wrocław,1,2,A,0,3,3,-1
2013/2014,2013-11-03,17:00,Lech Poznań,Górnik Zabrze,3,1,H,3,0,4,2
2013/2014,2013-11-04,17:00,Piast Gliwice,Jagiellonia Białystok,2,1,H,3,0,3,1
2013/2014,2013-11-04,19:30,Podbeskidzie Bielsko-Biała,Wisła Kraków,0,0,D,1,1,0,0
2013/2014,2013-11-05,17:00,Ruch Chorzów,Zawisza Bydgoszcz,1,0,H,3,0,1,1
2013/2014,2013-11-08,17:00,Jagiellonia Białystok,Zawisza Bydgoszcz,1,1,D,1,1,2,0
2013/2014,2013-11-08,19:30,Górnik Zabrze,Wisła Kraków,3,2,H,3,0,5,1
2013/2014,2013-11-09,14:30,Piast Gliwice,Cracovia,1,1,D,1,1,2,0
2013/2014,2013-11-09,17:00,Podbeskidzie Bielsko-Biała,Lechia Gdańsk,3,1,H,3,0,4,2
2013/2014,2013-11-09,19:30,Lech Poznań,Ruch Chorzów,4,2,H,3,0,6,2
2013/2014,2013-11-10,14:30,Śląsk Wrocław,Korona Kielce,1,1,D,1,1,2,0
2013/2014,2013-11-10,17:00,Widzew Łódź,Legia Warszawa,0,1,A,0,3,1,-1
2013/2014,2013-11-11,17:00,Pogoń Szczecin,Zagłębie Lubin,1,1,D,1,1,2,0
2013/2014,2013-11-22,17:00,Zagłębie Lubin,Piast Gliwice,0,2,A,0,3,2,-2
2013/2014,2013-11-22,19:30,Wisła Kraków,Korona Kielce,1,0,H,3,0,1,1
2013/2014,2013-11-23,14:30,Zawisza Bydgoszcz,Widzew Łódź,2,0,H,3,0,2,2
2013/2014,2013-11-23,17:00,Jagiellonia Białystok,Śląsk Wrocław,3,1,H,3,0,4,2
2013/2014,2013-11-23,19:30,Legia Warszawa,Pogoń Szczecin,3,1,H,3,0,4,2
2013/2014,2013-11-24,14:30,Lechia Gdańsk,Ruch Chorzów,0,0,D,1,1,0,0
2013/2014,2013-11-24,17:00,Górnik Zabrze,Podbeskidzie Bielsko-Biała,2,0,H,3,0,2,2
2013/2014,2013-11-25,17:00,Cracovia,Lech Poznań,1,6,A,0,3,7,-5
2013/2014,2013-11-28,15:00,Jagiellonia Białystok,Lechia Gdańsk,0,1,A,0,3,1,-1
2013/2014,2013-11-29,17:00,Pogoń Szczecin,Zawisza Bydgoszcz,1,1,D,1,1,2,0
2013/2014,2013-11-29,19:30,Wisła Kraków,Śląsk Wrocław,3,0,H,3,0,3,3
2013/2014,2013-11-30,14:30,Korona Kielce,Widzew Łódź,2,1,H,3,0,3,1
2013/2014,2013-11-30,17:00,Piast Gliwice,Górnik Zabrze,2,0,H,3,0,2,2
2013/2014,2013-11-30,19:30,Lech Poznań,Zagłębie Lubin,1,1,D,1,1,2,0
2013/2014,2013-12-01,14:30,Ruch Chorzów,Cracovia,3,2,H,3,0,5,1
2013/2014,2013-12-01,17:00,Podbeskidzie Bielsko-Biała,Legia Warszawa,1,0,H,3,0,1,1
2013/2014,2013-12-02,17:00,Jagiellonia Białystok,Wisła Kraków,5,2,H,3,0,7,3
2013/2014,2013-12-02,19:30,Śląsk Wrocław,Pogoń Szczecin,1,1,D,1,1,2,0
2013/2014,2013-12-03,17:00,Górnik Zabrze,Widzew Łódź,3,2,H,3,0,5,1
2013/2014,2013-12-03,17:00,Zawisza Bydgoszcz,Piast Gliwice,6,0,H,3,0,6,6
2013/2014,2013-12-03,19:30,Korona Kielce,Lech Poznań,1,0,H,3,0,1,1
2013/2014,2013-12-04,17:00,Cracovia,Lechia Gdańsk,2,1,H,3,0,3,1
2013/2014,2013-12-04,19:30,Legia Warszawa,Ruch Chorzów,2,0,H,3,0,2,2
2013/2014,2013-12-05,19:30,Zagłębie Lubin,Podbeskidzie Bielsko-Biała,3,2,H,3,0,5,1
2013/2014,2013-12-06,17:00,Piast Gliwice,Korona Kielce,1,1,D,1,1,2,0
2013/2014,2013-12-06,19:30,Lech Poznań,Wisła Kraków,2,0,H,3,0,2,2
2013/2014,2013-12-07,14:30,Widzew Łódź,Śląsk Wrocław,0,0,D,1,1,0,0
2013/2014,2013-12-07,17:00,Pogoń Szczecin,Jagiellonia Białystok,1,1,D,1,1,2,0
2013/2014,2013-12-07,19:30,Ruch Chorzów,Górnik Zabrze,2,1,H,3,0,3,1
2013/2014,2013-12-08,14:30,Podbeskidzie Bielsko-Biała,Zawisza Bydgoszcz,0,0,D,1,1,0,0
2013/2014,2013-12-08,17:00,Lechia Gdańsk,Legia Warszawa,2,0,H,3,0,2,2
2013/2014,2013-12-09,17:00,Cracovia,Zagłębie Lubin,2,0,H,3,0,2,2
2013/2014,2013-12-13,17:00,Jagiellonia Białystok,Widzew Łódź,1,0,H,3,0,1,1
2013/2014,2013-12-13,19:30,Zawisza Bydgoszcz,Lech Poznań,2,2,D,1,1,4,0
2013/2014,2013-12-14,14:30,Korona Kielce,Podbeskidzie Bielsko-Biała,2,1,H,3,0,3,1
2013/2014,2013-12-14,17:00,Śląsk Wrocław,Piast Gliwice,0,0,D,1,1,0,0
2013/2014,2013-12-14,19:30,Górnik Zabrze,Lechia Gdańsk,0,0,D,1,1,0,0
2013/2014,2013-12-15,14:30,Zagłębie Lubin,Ruch Chorzów,1,2,A,0,3,3,-1
2013/2014,2013-12-15,17:00,Legia Warszawa,Cracovia,4,1,H,3,0,5,3
2013/2014,2013-12-16,17:00,Wisła Kraków,Pogoń Szczecin,2,1,H,3,0,3,1
2013/2014,2014-02-14,17:00,Podbeskidzie Bielsko-Biała,Widzew Łódź,1,0,H,3,0,1,1
2013/2014,2014-02-14,19:30,Legia Warszawa,Korona Kielce,1,0,H,3,0,1,1
2013/2014,2014-02-15,12:00,Cracovia,Zawisza Bydgoszcz,0,2,A,0,3,2,-2
2013/2014,2014-02-15,14:30,Lechia Gdańsk,Pogoń Szczecin,2,3,A,0,3,5,-1
2013/2014,2014-02-16,12:00,Ruch Chorzów,Jagiellonia Białystok,1,0,H,3,0,1,1
2013/2014,2014-02-16,14:30,Zagłębie Lubin,Górnik Zabrze,3,0,H,3,0,3,3
2013/2014,2014-02-16,17:00,Lech Poznań,Śląsk Wrocław,2,1,H,3,0,3,1
2013/2014,2014-02-17,17:00,Piast Gliwice,Wisła Kraków,0,1,A,0,3,1,-1
2013/2014,2014-02-21,17:00,Jagiellonia Białystok,Podbeskidzie Bielsko-Biała,2,2,D,1,1,4,0
2013/2014,2014-02-21,19:30,Pogoń Szczecin,Lech Poznań,5,1,H,3,0,6,4
2013/2014,2014-02-22,14:30,Widzew Łódź,Piast Gliwice,1,1,D,1,1,2,0
2013/2014,2014-02-22,17:30,Górnik Zabrze,Legia Warszawa,0,3,A,0,3,3,-3
2013/2014,2014-02-23,12:00,Korona Kielce,Zagłębie Lubin,1,1,D,1,1,2,0
2013/2014,2014-02-23,14:30,Wisła Kraków,Cracovia,3,1,H,3,0,4,2
2013/2014,2014-02-23,17:00,Śląsk Wrocław,Ruch Chorzów,2,3,A,0,3,5,-1
2013/2014,2014-02-24,17:00,Zawisza Bydgoszcz,Lechia Gdańsk,0,3,A,0,3,3,-3
2013/2014,2014-02-28,17:00,Ruch Chorzów,Widzew Łódź,2,1,H,3,0,3,1
2013/2014,2014-02-28,19:30,Lechia Gdańsk,Wisła Kraków,0,0,D,1,1,0,0
2013/2014,2014-03-01,14:30,Górnik Zabrze,Korona Kielce,0,0,D,1,1,0,0
2013/2014,2014-03-01,17:30,Lech Poznań,Piast Gliwice,4,0,H,3,0,4,4
2013/2014,2014-03-02,12:00,Cracovia,Śląsk Wrocław,0,1,A,0,3,1,-1
2013/2014,2014-03-02,14:30,Zagłębie Lubin,Zawisza Bydgoszcz,3,1,H,3,0,4,2
2013/2014,2014-03-02,17:00,Legia Warszawa,Jagiellonia Białystok,0,3,A,0,3,3,-3
2013/2014,2014-03-03,17:00,Podbeskidzie Bielsko-Biała,Pogoń Szczecin,0,0,D,1,1,0,0
2013/2014,2014-03-07,17:00,Korona Kielce,Lechia Gdańsk,1,0,H,3,0,1,1
2013/2014,2014-03-07,19:30,Zawisza Bydgoszcz,Górnik Zabrze,3,1,H,3,0,4,2
2013/2014,2014-03-08,14:30,Jagiellonia Białystok,Zagłębie Lubin,1,0,H,3,0,1,1
2013/2014,2014-03-08,17:30,Wisła Kraków,Ruch Chorzów,0,1,A,0,3,1,-1
2013/2014,2014-03-09,12:00,Pogoń Szczecin,Cracovia,0,0,D,1,1,0,0
2013/2014,2014-03-09,14:30,Piast Gliwice,Podbeskidzie Bielsko-Biała,0,0,D,1,1,0,0
2013/2014,2014-03-09,17:00,Śląsk Wrocław,Legia Warszawa,1,1,D,1,1,2,0
2013/2014,2014-03-10,17:00,Widzew Łódź,Lech Poznań,2,2,D,1,1,4,0
2013/2014,2014-03-14,17:00,Korona Kielce,Zawisza Bydgoszcz,1,1,D,1,1,2,0
2013/2014,2014-03-14,19:30,Lech Poznań,Podbeskidzie Bielsko-Biała,2,1,H,3,0,3,1
2013/2014,2014-03-15,14:30,Lechia Gdańsk,Widzew Łódź,2,0,H,3,0,2,2
2013/2014,2014-03-15,17:30,Górnik Zabrze,Pogoń Szczecin,1,1,D,1,1,2,0
2013/2014,2014-03-16,12:00,Legia Warszawa,Wisła Kraków,2,2,D,1,1,4,0
2013/2014,2014-03-16,14:30,Zagłębie Lubin,Śląsk Wrocław,2,2,D,1,1,4,0
2013/2014,2014-03-16,17:00,Ruch Chorzów,Piast Gliwice,0,2,A,0,3,2,-2
2013/2014,2014-03-17,17:00,Cracovia,Jagiellonia Białystok,1,0,H,3,0,1,1
2013/2014,2014-03-21,17:00,Widzew Łódź,Zagłębie Lubin,0,0,D,1,1,0,0
2013/2014,2014-03-21,19:30,Wisła Kraków,Zawisza Bydgoszcz,0,1,A,0,3,1,-1
2013/2014,2014-03-22,14:30,Jagiellonia Białystok,Korona Kielce,1,1,D,1,1,2,0
2013/2014,2014-03-22,17:30,Lech Poznań,Lechia Gdańsk,2,1,H,3,0,3,1
2013/2014,2014-03-23,12:00,Podbeskidzie Bielsko-Biała,Cracovia,1,1,D,1,1,2,0
2013/2014,2014-03-23,14:30,Pogoń Szczecin,Ruch Chorzów,3,1,H,3,0,4,2
2013/2014,2014-03-23,17:00,Śląsk Wrocław,Górnik Zabrze,1,1,D,1,1,2,0
2013/2014,2014-03-24,17:00,Piast Gliwice,Legia Warszawa,1,2,A,0,3,3,-1
2013/2014,2014-03-28,17:00,Ruch Chorzów,Podbeskidzie Bielsko-Biała,0,1,A,0,3,1,-1
2013/2014,2014-03-28,19:30,Korona Kielce,Pogoń Szczecin,2,2,D,1,1,4,0
2013/2014,2014-03-29,14:30,Legia Warszawa,Lech Poznań,1,0,H,3,0,1,1
2013/2014,2014-03-29,17:00,Cracovia,Widzew Łódź,1,1,D,1,1,2,0
2013/2014,2014-03-29,19:30,Lechia Gdańsk,Piast Gliwice,3,1,H,3,0,4,2
2013/2014,2014-03-30,14:30,Zawisza Bydgoszcz,Śląsk Wrocław,1,0,H,3,0,1,1
2013/2014,2014-03-30,17:00,Górnik Zabrze,Jagiellonia Białystok,3,3,D,1,1,6,0
2013/2014,2014-03-31,17:00,Zagłębie Lubin,Wisła Kraków,3,1,H,3,0,4,2
2013/2014,2014-04-04,17:00,Podbeskidzie Bielsko-Biała,Śląsk Wrocław,3,3,D,1,1,6,0
2013/2014,2014-04-04,19:30,Cracovia,Górnik Zabrze,2,0,H,3,0,2,2
2013/2014,2014-04-05,14:30,Lechia Gdańsk,Zagłębie Lubin,2,1,H,3,0,3,1
2013/2014,2014-04-05,17:00,Widzew Łódź,Wisła Kraków,2,1,H,3,0,3,1
2013/2014,2014-04-05,19:30,Lech Poznań,Jagiellonia Białystok,6,1,H,3,0,7,5
2013/2014,2014-04-06,14:30,Piast Gliwice,Pogoń Szczecin,2,2,D,1,1,4,0
2013/2014,2014-04-06,17:00,Legia Warszawa,Zawisza Bydgoszcz,3,0,H,3,0,3,3
2013/2014,2014-04-07,17:00,Ruch Chorzów,Korona Kielce,2,0,H,3,0,2,2
2013/2014,2014-04-12,17:00,Górnik Zabrze,Lech Poznań,0,3,A,0,3,3,-3
2013/2014,2014-04-12,17:00,Jagiellonia Białystok,Piast Gliwice,1,1,D,1,1,2,0
2013/2014,2014-04-12,17:00,Korona Kielce,Cracovia,1,0,H,3,0,1,1
2013/2014,2014-04-12,17:00,Pogoń Szczecin,Widzew Łódź,1,0,H,3,0,1,1
2013/2014,2014-04-12,17:00,Śląsk Wrocław,Lechia Gdańsk,1,0,H,3,0,1,1
2013/2014,2014-04-12,17:00,Wisła Kraków,Podbeskidzie Bielsko-Biała,0,1,A,0,3,1,-1
2013/2014,2014-04-12,17:00,Zagłębie Lubin,Legia Warszawa,1,3,A,0,3,4,-2
2013/2014,2014-04-12,17:00,Zawisza Bydgoszcz,Ruch Chorzów,0,3,A,0,3,3,-3
2013/2014,2014-04-25,17:00,Cracovia,Podbeskidzie Bielsko-Biała,0,1,A,0,3,1,-1
2013/2014,2014-04-25,19:30,Lech Poznań,Wisła Kraków,3,0,H,3,0,3,3
2013/2014,2014-04-26,14:30,Śląsk Wrocław,Zagłębie Lubin,1,0,H,3,0,1,1
2013/2014,2014-04-26,17:00,Jagiellonia Białystok,Piast Gliwice,4,3,H,3,0,7,1
2013/2014,2014-04-26,19:30,Legia Warszawa,Zawisza Bydgoszcz,2,0,H,3,0,2,2
2013/2014,2014-04-27,14:30,Korona Kielce,Widzew Łódź,2,2,D,1,1,4,0
2013/2014,2014-04-27,17:00,Ruch Chorzów,Lechia Gdańsk,0,0,D,1,1,0,0
2013/2014,2014-04-28,17:00,Pogoń Szczecin,Górnik Zabrze,2,2,D,1,1,4,0
2013/2014,2014-05-01,17:00,Podbeskidzie Bielsko-Biała,Jagiellonia Białystok,2,1,H,3,0,3,1
2013/2014,2014-05-03,14:30,Piast Gliwice,Śląsk Wrocław,0,0,D,1,1,0,0
2013/2014,2014-05-03,17:00,Lechia Gdańsk,Legia Warszawa,0,1,A,0,3,1,-1
2013/2014,2014-05-03,19:30,Wisła Kraków,Pogoń Szczecin,5,0,H,3,0,5,5
2013/2014,2014-05-04,14:30,Widzew Łódź,Cracovia,2,0,H,3,0,2,2
2013/2014,2014-05-04,17:00,Górnik Zabrze,Ruch Chorzów,2,0,H,3,0,2,2
2013/2014,2014-05-05,17:00,Zawisza Bydgoszcz,Lech Poznań,1,2,A,0,3,3,-1
2013/2014,2014-05-05,19:30,Zagłębie Lubin,Korona Kielce,0,0,D,1,1,0,0
2013/2014,2014-05-09,17:00,Jagiellonia Białystok,Zagłębie Lubin,1,0,H,3,0,1,1
2013/2014,2014-05-09,19:30,Legia Warszawa,Wisła Kraków,5,0,H,3,0,5,5
2013/2014,2014-05-10,14:30,Cracovia,Piast Gliwice,1,5,A,0,3,6,-4
2013/2014,2014-05-10,17:00,Pogoń Szczecin,Lechia Gdańsk,0,2,A,0,3,2,-2
2013/2014,2014-05-10,19:30,Lech Poznań,Górnik Zabrze,2,1,H,3,0,3,1
2013/2014,2014-05-11,14:30,Korona Kielce,Podbeskidzie Bielsko-Biała,3,2,H,3,0,5,1
2013/2014,2014-05-11,17:00,Ruch Chorzów,Zawisza Bydgoszcz,3,1,H,3,0,4,2
2013/2014,2014-05-12,17:00,Śląsk Wrocław,Widzew Łódź,1,0,H,3,0,1,1
2013/2014,2014-05-16,17:00,Widzew Łódź,Jagiellonia Białystok,1,1,D,1,1,2,0
2013/2014,2014-05-16,19:30,Lechia Gdańsk,Lech Poznań,2,1,H,3,0,3,1
2013/2014,2014-05-17,14:30,Śląsk Wrocław,Podbeskidzie Bielsko-Biała,0,0,D,1,1,0,0
2013/2014,2014-05-17,17:00,Korona Kielce,Piast Gliwice,0,1,A,0,3,1,-1
2013/2014,2014-05-17,19:30,Pogoń Szczecin,Zawisza Bydgoszcz,1,2,A,0,3,3,-1
2013/2014,2014-05-18,14:30,Zagłębie Lubin,Cracovia,1,2,A,0,3,3,-1
2013/2014,2014-05-18,17:00,Górnik Zabrze,Legia Warszawa,2,3,A,0,3,5,-1
2013/2014,2014-05-19,17:00,Ruch Chorzów,Wisła Kraków,2,2,D,1,1,4,0
2013/2014,2014-05-22,17:00,Jagiellonia Białystok,Śląsk Wrocław,0,3,A,0,3,3,-3
2013/2014,2014-05-22,19:30,Podbeskidzie Bielsko-Biała,Widzew Łódź,3,0,H,3,0,3,3
2013/2014,2014-05-23,17:00,Cracovia,Korona Kielce,1,1,D,1,1,2,0
2013/2014,2014-05-23,19:30,Piast Gliwice,Zagłębie Lubin,2,0,H,3,0,2,2
2013/2014,2014-05-24,12:00,Wisła Kraków,Górnik Zabrze,2,3,A,0,3,5,-1
2013/2014,2014-05-24,14:30,Lech Poznań,Pogoń Szczecin,0,0,D,1,1,0,0
2013/2014,2014-05-25,14:30,Legia Warszawa,Ruch Chorzów,1,2,A,0,3,3,-1
2013/2014,2014-05-25,17:00,Zawisza Bydgoszcz,Lechia Gdańsk,0,0,D,1,1,0,0
2013/2014,2014-05-27,19:30,Jagiellonia Białystok,Korona Kielce,4,4,D,1,1,8,0
2013/2014,2014-05-27,19:30,Podbeskidzie Bielsko-Biała,Zagłębie Lubin,2,0,H,3,0,2,2
2013/2014,2014-05-27,19:30,Śląsk Wrocław,Cracovia,1,0,H,3,0,1,1
2013/2014,2014-05-28,19:30,Lech Poznań,Ruch Chorzów,4,0,H,3,0,4,4
2013/2014,2014-05-28,19:30,Lechia Gdańsk,Wisła Kraków,2,2,D,1,1,4,0
2013/2014,2014-05-28,19:30,Pogoń Szczecin,Legia Warszawa,0,1,A,0,3,1,-1
2013/2014,2014-05-28,19:30,Widzew Łódź,Piast Gliwice,2,1,H,3,0,3,1
2013/2014,2014-05-28,19:30,Zawisza Bydgoszcz,Górnik Zabrze,0,1,A,0,3,1,-1
2013/2014,2014-05-31,19:30,Cracovia,Jagiellonia Białystok,2,2,D,1,1,4,0
2013/2014,2014-05-31,19:30,Korona Kielce,Śląsk Wrocław,1,5,A,0,3,6,-4
2013/2014,2014-05-31,19:30,Piast Gliwice,Podbeskidzie Bielsko-Biała,2,2,D,1,1,4,0
2013/2014,2014-05-31,19:30,Zagłębie Lubin,Widzew Łódź,0,3,A,0,3,3,-3
2013/2014,2014-06-01,17:00,Górnik Zabrze,Lechia Gdańsk,0,2,A,0,3,2,-2
2013/2014,2014-06-01,17:00,Legia Warszawa,Lech Poznań,2,0,H,3,0,2,2
2013/2014,2014-06-01,17:00,Ruch Chorzów,Pogoń Szczecin,0,0,D,1,1,0,0
2013/2014,2014-06-01,17:00,Wisła Kraków,Zawisza Bydgoszcz,2,1,H,3,0,3,1
2014/2015,2014-07-18,17:00,Podbeskidzie Bielsko-Biała,Pogoń Szczecin,2,3,A,0,3,5,-1
2014/2015,2014-07-18,19:30,Górnik Łęczna,Wisła Kraków,1,1,D,1,1,2,0
2014/2015,2014-07-19,17:00,Jagiellonia Białystok,Lechia Gdańsk,2,2,D,1,1,4,0
2014/2015,2014-07-19,19:30,Legia Warszawa,GKS Bełchatów,0,1,A,0,3,1,-1
2014/2015,2014-07-20,14:30,Lech Poznań,Piast Gliwice,4,0,H,3,0,4,4
2014/2015,2014-07-20,14:30,Zawisza Bydgoszcz,Korona Kielce,2,0,H,3,0,2,2
2014/2015,2014-07-20,17:00,Śląsk Wrocław,Ruch Chorzów,2,0,H,3,0,2,2
2014/2015,2014-07-21,17:00,Górnik Zabrze,Cracovia,2,0,H,3,0,2,2
2014/2015,2014-07-25,17:00,GKS Bełchatów,Korona Kielce,2,0,H,3,0,2,2
2014/2015,2014-07-25,19:30,Lechia Gdańsk,Podbeskidzie Bielsko-Biała,1,0,H,3,0,1,1
2014/2015,2014-07-26,17:00,Pogoń Szczecin,Śląsk Wrocław,4,1,H,3,0,5,3
2014/2015,2014-07-26,19:30,Cracovia,Legia Warszawa,1,3,A,0,3,4,-2
2014/2015,2014-07-27,14:30,Ruch Chorzów,Górnik Łęczna,1,2,A,0,3,3,-1
2014/2015,2014-07-27,14:30,Zawisza Bydgoszcz,Jagiellonia Białystok,1,3,A,0,3,4,-2
2014/2015,2014-07-27,17:00,Górnik Zabrze,Lech Poznań,1,1,D,1,1,2,0
2014/2015,2014-07-28,17:00,Wisła Kraków,Piast Gliwice,1,1,D,1,1,2,0
2014/2015,2014-08-01,17:00,Jagiellonia Białystok,Cracovia,2,1,H,3,0,3,1
2014/2015,2014-08-01,19:30,Piast Gliwice,Lechia Gdańsk,1,3,A,0,3,4,-2
2014/2015,2014-08-02,17:00,Korona Kielce,Pogoń Szczecin,2,2,D,1,1,4,0
2014/2015,2014-08-02,19:30,Legia Warszawa,Górnik Zabrze,1,1,D,1,1,2,0
2014/2015,2014-08-03,14:30,Podbeskidzie Bielsko-Biała,Ruch Chorzów,3,0,H,3,0,3,3
2014/2015,2014-08-03,14:30,Śląsk Wrocław,Zawisza Bydgoszcz,2,1,H,3,0,3,1
2014/2015,2014-08-03,17:00,Lech Poznań,Wisła Kraków,2,3,A,0,3,5,-1
2014/2015,2014-08-04,17:00,Górnik Łęczna,GKS Bełchatów,1,1,D,1,1,2,0
2014/2015,2014-08-08,17:00,Cracovia,Korona Kielce,2,1,H,3,0,3,1
2014/2015,2014-08-08,19:30,Górnik Zabrze,Jagiellonia Białystok,3,0,H,3,0,3,3
2014/2015,2014-08-09,17:00,GKS Bełchatów,Śląsk Wrocław,2,0,H,3,0,2,2
2014/2015,2014-08-09,19:30,Legia Warszawa,Górnik Łęczna,5,0,H,3,0,5,5
2014/2015,2014-08-10,14:30,Lechia Gdańsk,Lech Poznań,1,2,A,0,3,3,-1
2014/2015,2014-08-10,14:30,Zawisza Bydgoszcz,Podbeskidzie Bielsko-Biała,1,2,A,0,3,3,-1
2014/2015,2014-08-10,17:00,Wisła Kraków,Ruch Chorzów,2,2,D,1,1,4,0
2014/2015,2014-08-11,17:00,Pogoń Szczecin,Piast Gliwice,0,0,D,1,1,0,0
2014/2015,2014-08-15,17:00,Korona Kielce,Górnik Zabrze,0,3,A,0,3,3,-3
2014/2015,2014-08-15,19:30,Jagiellonia Białystok,Legia Warszawa,0,3,A,0,3,3,-3
2014/2015,2014-08-16,14:30,Górnik Łęczna,Zawisza Bydgoszcz,5,2,H,3,0,7,3
2014/2015,2014-08-16,17:00,Piast Gliwice,Ruch Chorzów,0,1,A,0,3,1,-1
2014/2015,2014-08-16,19:30,Lech Poznań,Pogoń Szczecin,1,1,D,1,1,2,0
2014/2015,2014-08-17,14:30,Śląsk Wrocław,Cracovia,0,0,D,1,1,0,0
2014/2015,2014-08-17,17:00,Wisła Kraków,Lechia Gdańsk,3,1,H,3,0,4,2
2014/2015,2014-08-18,17:00,Podbeskidzie Bielsko-Biała,GKS Bełchatów,1,1,D,1,1,2,0
2014/2015,2014-08-22,17:00,Zawisza Bydgoszcz,Lechia Gdańsk,0,2,A,0,3,2,-2
2014/2015,2014-08-22,19:30,Pogoń Szczecin,Wisła Kraków,0,3,A,0,3,3,-3
2014/2015,2014-08-23,14:30,Cracovia,Podbeskidzie Bielsko-Biała,1,3,A,0,3,4,-2
2014/2015,2014-08-23,17:00,Górnik Zabrze,Górnik Łęczna,2,0,H,3,0,2,2
2014/2015,2014-08-23,19:30,Jagiellonia Białystok,Śląsk Wrocław,1,3,A,0,3,4,-2
2014/2015,2014-08-24,14:30,Legia Warszawa,Korona Kielce,2,0,H,3,0,2,2
2014/2015,2014-08-24,17:00,Ruch Chorzów,Lech Poznań,0,0,D,1,1,0,0
2014/2015,2014-08-25,17:00,GKS Bełchatów,Piast Gliwice,0,0,D,1,1,0,0
2014/2015,2014-08-29,17:00,Piast Gliwice,Zawisza Bydgoszcz,3,0,H,3,0,3,3
2014/2015,2014-08-29,19:30,Wisła Kraków,GKS Bełchatów,1,0,H,3,0,1,1
2014/2015,2014-08-30,14:30,Górnik Łęczna,Pogoń Szczecin,4,2,H,3,0,6,2
2014/2015,2014-08-30,17:00,Śląsk Wrocław,Górnik Zabrze,2,0,H,3,0,2,2
2014/2015,2014-08-30,19:30,Korona Kielce,Jagiellonia Białystok,0,3,A,0,3,3,-3
2014/2015,2014-08-31,14:30,Lechia Gdańsk,Ruch Chorzów,3,3,D,1,1,6,0
2014/2015,2014-08-31,14:30,Podbeskidzie Bielsko-Biała,Legia Warszawa,2,1,H,3,0,3,1
2014/2015,2014-08-31,17:00,Lech Poznań,Cracovia,1,1,D,1,1,2,0
2014/2015,2014-09-12,17:00,Zawisza Bydgoszcz,Wisła Kraków,2,4,A,0,3,6,-2
2014/2015,2014-09-12,19:30,Pogoń Szczecin,Ruch Chorzów,1,1,D,1,1,2,0
2014/2015,2014-09-13,14:30,Cracovia,Górnik Łęczna,2,1,H,3,0,3,1
2014/2015,2014-09-13,17:00,Jagiellonia Białystok,Lech Poznań,1,0,H,3,0,1,1
2014/2015,2014-09-13,19:30,Legia Warszawa,Śląsk Wrocław,4,3,H,3,0,7,1
2014/2015,2014-09-14,14:30,Górnik Zabrze,Piast Gliwice,1,2,A,0,3,3,-1
2014/2015,2014-09-14,17:00,GKS Bełchatów,Lechia Gdańsk,1,1,D,1,1,2,0
2014/2015,2014-09-15,17:00,Korona Kielce,Podbeskidzie Bielsko-Biała,2,1,H,3,0,3,1
2014/2015,2014-09-19,17:00,Śląsk Wrocław,Korona Kielce,1,0,H,3,0,1,1
2014/2015,2014-09-19,19:30,Lechia Gdańsk,Pogoń Szczecin,0,1,A,0,3,1,-1
2014/2015,2014-09-20,14:30,Piast Gliwice,Cracovia,4,2,H,3,0,6,2
2014/2015,2014-09-20,17:00,Podbeskidzie Bielsko-Biała,Górnik Zabrze,0,3,A,0,3,3,-3
2014/2015,2014-09-20,19:30,Lech Poznań,Zawisza Bydgoszcz,6,2,H,3,0,8,4
2014/2015,2014-09-21,14:30,Ruch Chorzów,GKS Bełchatów,0,1,A,0,3,1,-1
2014/2015,2014-09-21,17:00,Wisła Kraków,Legia Warszawa,0,3,A,0,3,3,-3
2014/2015,2014-09-22,17:00,Górnik Łęczna,Jagiellonia Białystok,0,0,D,1,1,0,0
2014/2015,2014-09-26,17:00,Korona Kielce,Piast Gliwice,1,0,H,3,0,1,1
2014/2015,2014-09-26,19:30,Śląsk Wrocław,Górnik Łęczna,2,1,H,3,0,3,1
2014/2015,2014-09-27,14:30,Zawisza Bydgoszcz,Ruch Chorzów,1,1,D,1,1,2,0
2014/2015,2014-09-27,17:00,GKS Bełchatów,Pogoń Szczecin,1,0,H,3,0,1,1
2014/2015,2014-09-27,19:30,Legia Warszawa,Lech Poznań,2,2,D,1,1,4,0
2014/2015,2014-09-28,14:30,Górnik Zabrze,Lechia Gdańsk,2,2,D,1,1,4,0
2014/2015,2014-09-28,17:00,Cracovia,Wisła Kraków,1,0,H,3,0,1,1
2014/2015,2014-09-29,17:00,Jagiellonia Białystok,Podbeskidzie Bielsko-Biała,4,2,H,3,0,6,2
2014/2015,2014-10-03,17:00,Podbeskidzie Bielsko-Biała,Śląsk Wrocław,2,2,D,1,1,4,0
2014/2015,2014-10-03,19:30,Wisła Kraków,Jagiellonia Białystok,0,2,A,0,3,2,-2
2014/2015,2014-10-04,14:30,Górnik Łęczna,Korona Kielce,1,0,H,3,0,1,1
2014/2015,2014-10-04,17:00,Lechia Gdańsk,Cracovia,1,0,H,3,0,1,1
2014/2015,2014-10-04,19:30,Ruch Chorzów,Górnik Zabrze,1,2,A,0,3,3,-1
2014/2015,2014-10-05,14:30,Piast Gliwice,Legia Warszawa,3,1,H,3,0,4,2
2014/2015,2014-10-05,14:30,Pogoń Szczecin,Zawisza Bydgoszcz,3,0,H,3,0,3,3
2014/2015,2014-10-05,17:00,Lech Poznań,GKS Bełchatów,5,0,H,3,0,5,5
2014/2015,2014-10-17,17:00,Cracovia,Ruch Chorzów,1,0,H,3,0,1,1
2014/2015,2014-10-17,19:30,Legia Warszawa,Lechia Gdańsk,1,0,H,3,0,1,1
2014/2015,2014-10-18,14:30,Podbeskidzie Bielsko-Biała,Górnik Łęczna,1,0,H,3,0,1,1
2014/2015,2014-10-18,14:30,Śląsk Wrocław,Piast Gliwice,3,0,H,3,0,3,3
2014/2015,2014-10-18,17:00,Jagiellonia Białystok,Pogoń Szczecin,5,0,H,3,0,5,5
2014/2015,2014-10-19,14:30,Korona Kielce,Lech Poznań,2,2,D,1,1,4,0
2014/2015,2014-10-19,17:00,Górnik Zabrze,Wisła Kraków,0,5,A,0,3,5,-5
2014/2015,2014-10-20,17:00,Zawisza Bydgoszcz,GKS Bełchatów,2,1,H,3,0,3,1
2014/2015,2014-10-24,17:00,GKS Bełchatów,Górnik Zabrze,1,0,H,3,0,1,1
2014/2015,2014-10-24,19:30,Wisła Kraków,Podbeskidzie Bielsko-Biała,3,2,H,3,0,5,1
2014/2015,2014-10-25,14:30,Lechia Gdańsk,Śląsk Wrocław,1,4,A,0,3,5,-3
2014/2015,2014-10-25,14:30,Piast Gliwice,Jagiellonia Białystok,0,2,A,0,3,2,-2
2014/2015,2014-10-25,17:00,Pogoń Szczecin,Cracovia,2,1,H,3,0,3,1
2014/2015,2014-10-26,14:30,Lech Poznań,Górnik Łęczna,1,0,H,3,0,1,1
2014/2015,2014-10-26,17:00,Zawisza Bydgoszcz,Legia Warszawa,1,2,A,0,3,3,-1
2014/2015,2014-10-27,17:00,Ruch Chorzów,Korona Kielce,0,1,A,0,3,1,-1
2014/2015,2014-10-31,17:00,Górnik Łęczna,Lechia Gdańsk,1,1,D,1,1,2,0
2014/2015,2014-10-31,19:30,Korona Kielce,Wisła Kraków,3,2,H,3,0,5,1
2014/2015,2014-11-02,12:00,Górnik Zabrze,Pogoń Szczecin,1,1,D,1,1,2,0
2014/2015,2014-11-02,14:30,Cracovia,Zawisza Bydgoszcz,1,0,H,3,0,1,1
2014/2015,2014-11-02,14:30,Śląsk Wrocław,Lech Poznań,1,1,D,1,1,2,0
2014/2015,2014-11-02,17:00,Legia Warszawa,Ruch Chorzów,2,1,H,3,0,3,1
2014/2015,2014-11-03,17:00,Podbeskidzie Bielsko-Biała,Piast Gliwice,2,4,A,0,3,6,-2
2014/2015,2014-11-03,19:30,Jagiellonia Białystok,GKS Bełchatów,0,1,A,0,3,1,-1
2014/2015,2014-11-07,17:00,Piast Gliwice,Górnik Łęczna,0,0,D,1,1,0,0
2014/2015,2014-11-07,19:30,Lech Poznań,Podbeskidzie Bielsko-Biała,1,1,D,1,1,2,0
2014/2015,2014-11-08,14:30,Lechia Gdańsk,Korona Kielce,1,2,A,0,3,3,-1
2014/2015,2014-11-08,17:00,GKS Bełchatów,Cracovia,1,1,D,1,1,2,0
2014/2015,2014-11-08,19:30,Wisła Kraków,Śląsk Wrocław,1,1,D,1,1,2,0
2014/2015,2014-11-09,14:30,Ruch Chorzów,Jagiellonia Białystok,5,2,H,3,0,7,3
2014/2015,2014-11-09,14:30,Zawisza Bydgoszcz,Górnik Zabrze,1,2,A,0,3,3,-1
2014/2015,2014-11-09,17:00,Pogoń Szczecin,Legia Warszawa,2,1,H,3,0,3,1
2014/2015,2014-11-21,17:00,Ruch Chorzów,Śląsk Wrocław,1,0,H,3,0,1,1
2014/2015,2014-11-21,19:30,GKS Bełchatów,Legia Warszawa,0,3,A,0,3,3,-3
2014/2015,2014-11-22,14:30,Pogoń Szczecin,Podbeskidzie Bielsko-Biała,1,2,A,0,3,3,-1
2014/2015,2014-11-22,14:30,Wisła Kraków,Górnik Łęczna,2,0,H,3,0,2,2
2014/2015,2014-11-22,17:00,Korona Kielce,Zawisza Bydgoszcz,2,2,D,1,1,4,0
2014/2015,2014-11-23,14:30,Lechia Gdańsk,Jagiellonia Białystok,1,1,D,1,1,2,0
2014/2015,2014-11-23,17:00,Piast Gliwice,Lech Poznań,3,2,H,3,0,5,1
2014/2015,2014-11-24,17:00,Cracovia,Górnik Zabrze,1,2,A,0,3,3,-1
2014/2015,2014-11-28,17:00,Górnik Łęczna,Ruch Chorzów,3,0,H,3,0,3,3
2014/2015,2014-11-28,19:30,Piast Gliwice,Wisła Kraków,0,0,D,1,1,0,0
2014/2015,2014-11-29,14:30,Jagiellonia Białystok,Zawisza Bydgoszcz,0,0,D,1,1,0,0
2014/2015,2014-11-29,14:30,Podbeskidzie Bielsko-Biała,Lechia Gdańsk,1,0,H,3,0,1,1
2014/2015,2014-11-29,17:00,Korona Kielce,GKS Bełchatów,2,0,H,3,0,2,2
2014/2015,2014-11-30,14:30,Lech Poznań,Górnik Zabrze,3,0,H,3,0,3,3
2014/2015,2014-11-30,17:00,Śląsk Wrocław,Pogoń Szczecin,1,1,D,1,1,2,0
2014/2015,2014-12-01,17:00,Legia Warszawa,Cracovia,2,0,H,3,0,2,2
2014/2015,2014-12-05,17:00,Zawisza Bydgoszcz,Śląsk Wrocław,0,1,A,0,3,1,-1
2014/2015,2014-12-05,19:30,Górnik Zabrze,Legia Warszawa,0,4,A,0,3,4,-4
2014/2015,2014-12-06,14:30,GKS Bełchatów,Górnik Łęczna,1,1,D,1,1,2,0
2014/2015,2014-12-06,14:30,Pogoń Szczecin,Korona Kielce,2,0,H,3,0,2,2
2014/2015,2014-12-06,17:00,Cracovia,Jagiellonia Białystok,1,1,D,1,1,2,0
2014/2015,2014-12-07,14:30,Lechia Gdańsk,Piast Gliwice,3,1,H,3,0,4,2
2014/2015,2014-12-07,17:00,Wisła Kraków,Lech Poznań,1,2,A,0,3,3,-1
2014/2015,2014-12-08,17:00,Ruch Chorzów,Podbeskidzie Bielsko-Biała,2,0,H,3,0,2,2
2014/2015,2014-12-12,17:00,Korona Kielce,Cracovia,1,2,A,0,3,3,-1
2014/2015,2014-12-12,19:30,Śląsk Wrocław,GKS Bełchatów,2,1,H,3,0,3,1
2014/2015,2014-12-13,14:30,Jagiellonia Białystok,Górnik Zabrze,1,0,H,3,0,1,1
2014/2015,2014-12-13,14:30,Ruch Chorzów,Wisła Kraków,1,2,A,0,3,3,-1
2014/2015,2014-12-13,17:00,Lech Poznań,Lechia Gdańsk,1,0,H,3,0,1,1
2014/2015,2014-12-14,14:30,Podbeskidzie Bielsko-Biała,Zawisza Bydgoszcz,2,1,H,3,0,3,1
2014/2015,2014-12-14,17:00,Górnik Łęczna,Legia Warszawa,3,1,H,3,0,4,2
2014/2015,2014-12-15,17:00,Piast Gliwice,Pogoń Szczecin,1,0,H,3,0,1,1
2014/2015,2015-02-13,17:00,Zawisza Bydgoszcz,Górnik Łęczna,0,0,D,1,1,0,0
2014/2015,2015-02-13,19:30,Lechia Gdańsk,Wisła Kraków,1,0,H,3,0,1,1
2014/2015,2015-02-14,14:30,GKS Bełchatów,Podbeskidzie Bielsko-Biała,1,2,A,0,3,3,-1
2014/2015,2015-02-14,14:30,Ruch Chorzów,Piast Gliwice,2,0,H,3,0,2,2
2014/2015,2015-02-14,17:00,Pogoń Szczecin,Lech Poznań,1,1,D,1,1,2,0
2014/2015,2015-02-15,14:30,Cracovia,Śląsk Wrocław,1,1,D,1,1,2,0
2014/2015,2015-02-15,17:00,Legia Warszawa,Jagiellonia Białystok,1,3,A,0,3,4,-2
2014/2015,2015-02-16,17:00,Górnik Zabrze,Korona Kielce,1,1,D,1,1,2,0
2014/2015,2015-02-20,17:00,Podbeskidzie Bielsko-Biała,Cracovia,1,1,D,1,1,2,0
2014/2015,2015-02-20,19:30,Wisła Kraków,Pogoń Szczecin,1,1,D,1,1,2,0
2014/2015,2015-02-21,14:30,Lechia Gdańsk,Zawisza Bydgoszcz,0,0,D,1,1,0,0
2014/2015,2015-02-21,14:30,Górnik Łęczna,Górnik Zabrze,0,1,A,0,3,1,-1
2014/2015,2015-02-21,17:00,Śląsk Wrocław,Jagiellonia Białystok,0,1,A,0,3,1,-1
2014/2015,2015-02-22,14:30,Lech Poznań,Ruch Chorzów,2,1,H,3,0,3,1
2014/2015,2015-02-22,17:00,Korona Kielce,Legia Warszawa,0,0,D,1,1,0,0
2014/2015,2015-02-23,17:00,Piast Gliwice,GKS Bełchatów,3,1,H,3,0,4,2
2014/2015,2015-02-27,17:00,Ruch Chorzów,Lechia Gdańsk,1,1,D,1,1,2,0
2014/2015,2015-02-27,19:30,Cracovia,Lech Poznań,0,0,D,1,1,0,0
2014/2015,2015-02-28,14:30,GKS Bełchatów,Wisła Kraków,3,1,H,3,0,4,2
2014/2015,2015-02-28,14:30,Zawisza Bydgoszcz,Piast Gliwice,2,0,H,3,0,2,2
2014/2015,2015-02-28,17:00,Górnik Zabrze,Śląsk Wrocław,3,3,D,1,1,6,0
2014/2015,2015-03-01,14:30,Jagiellonia Białystok,Korona Kielce,1,2,A,0,3,3,-1
2014/2015,2015-03-01,17:00,Legia Warszawa,Podbeskidzie Bielsko-Biała,3,0,H,3,0,3,3
2014/2015,2015-03-02,17:00,Pogoń Szczecin,Górnik Łęczna,0,1,A,0,3,1,-1
2014/2015,2015-03-06,17:00,Ruch Chorzów,Pogoń Szczecin,2,1,H,3,0,3,1
2014/2015,2015-03-06,19:30,Lech Poznań,Jagiellonia Białystok,2,0,H,3,0,2,2
2014/2015,2015-03-07,14:30,Piast Gliwice,Górnik Zabrze,2,2,D,1,1,4,0
2014/2015,2015-03-07,14:30,Wisła Kraków,Zawisza Bydgoszcz,0,1,A,0,3,1,-1
2014/2015,2015-03-07,17:00,Lechia Gdańsk,GKS Bełchatów,1,0,H,3,0,1,1
2014/2015,2015-03-08,14:30,Podbeskidzie Bielsko-Biała,Korona Kielce,2,2,D,1,1,4,0
2014/2015,2015-03-08,17:00,Śląsk Wrocław,Legia Warszawa,1,3,A,0,3,4,-2
2014/2015,2015-03-09,17:00,Górnik Łęczna,Cracovia,2,1,H,3,0,3,1
2014/2015,2015-03-13,17:00,Cracovia,Piast Gliwice,3,1,H,3,0,4,2
2014/2015,2015-03-13,19:30,Pogoń Szczecin,Lechia Gdańsk,0,1,A,0,3,1,-1
2014/2015,2015-03-14,14:30,Górnik Zabrze,Podbeskidzie Bielsko-Biała,3,3,D,1,1,6,0
2014/2015,2015-03-14,14:30,Jagiellonia Białystok,Górnik Łęczna,2,1,H,3,0,3,1
2014/2015,2015-03-14,17:00,Zawisza Bydgoszcz,Lech Poznań,1,0,H,3,0,1,1
2014/2015,2015-03-15,14:30,Korona Kielce,Śląsk Wrocław,2,2,D,1,1,4,0
2014/2015,2015-03-15,17:00,Legia Warszawa,Wisła Kraków,2,2,D,1,1,4,0
2014/2015,2015-03-16,17:00,GKS Bełchatów,Ruch Chorzów,0,1,A,0,3,1,-1
2014/2015,2015-03-20,17:00,Pogoń Szczecin,GKS Bełchatów,3,0,H,3,0,3,3
2014/2015,2015-03-20,19:30,Górnik Łęczna,Śląsk Wrocław,1,1,D,1,1,2,0
2014/2015,2015-03-21,14:30,Ruch Chorzów,Zawisza Bydgoszcz,1,2,A,0,3,3,-1
2014/2015,2015-03-21,17:00,Wisła Kraków,Cracovia,2,1,H,3,0,3,1
2014/2015,2015-03-21,19:30,Lechia Gdańsk,Górnik Zabrze,1,0,H,3,0,1,1
2014/2015,2015-03-22,14:30,Piast Gliwice,Korona Kielce,1,2,A,0,3,3,-1
2014/2015,2015-03-22,14:30,Podbeskidzie Bielsko-Biała,Jagiellonia Białystok,1,0,H,3,0,1,1
2014/2015,2015-03-22,17:00,Lech Poznań,Legia Warszawa,2,1,H,3,0,3,1
2014/2015,2015-04-04,12:00,Cracovia,Lechia Gdańsk,3,2,H,3,0,5,1
2014/2015,2015-04-04,14:30,Śląsk Wrocław,Podbeskidzie Bielsko-Biała,0,0,D,1,1,0,0
2014/2015,2015-04-04,17:00,GKS Bełchatów,Lech Poznań,1,2,A,0,3,3,-1
2014/2015,2015-04-04,19:30,Legia Warszawa,Piast Gliwice,2,0,H,3,0,2,2
2014/2015,2015-04-06,12:00,Korona Kielce,Górnik Łęczna,2,0,H,3,0,2,2
2014/2015,2015-04-06,14:30,Górnik Zabrze,Ruch Chorzów,2,2,D,1,1,4,0
2014/2015,2015-04-06,17:00,Jagiellonia Białystok,Wisła Kraków,2,2,D,1,1,4,0
2014/2015,2015-04-07,19:30,Zawisza Bydgoszcz,Pogoń Szczecin,2,1,H,3,0,3,1
2014/2015,2015-04-10,17:00,Ruch Chorzów,Cracovia,3,0,H,3,0,3,3
2014/2015,2015-04-10,19:30,Wisła Kraków,Górnik Zabrze,1,1,D,1,1,2,0
2014/2015,2015-04-11,14:30,Lechia Gdańsk,Legia Warszawa,1,0,H,3,0,1,1
2014/2015,2015-04-11,17:00,Piast Gliwice,Śląsk Wrocław,2,0,H,3,0,2,2
2014/2015,2015-04-11,19:30,Pogoń Szczecin,Jagiellonia Białystok,2,0,H,3,0,2,2
2014/2015,2015-04-12,14:30,GKS Bełchatów,Zawisza Bydgoszcz,1,4,A,0,3,5,-3
2014/2015,2015-04-12,17:00,Lech Poznań,Korona Kielce,1,1,D,1,1,2,0
2014/2015,2015-04-13,17:00,Górnik Łęczna,Podbeskidzie Bielsko-Biała,0,0,D,1,1,0,0
2014/2015,2015-04-17,17:00,Korona Kielce,Ruch Chorzów,0,0,D,1,1,0,0
2014/2015,2015-04-17,19:30,Podbeskidzie Bielsko-Biała,Wisła Kraków,2,2,D,1,1,4,0
2014/2015,2015-04-18,14:30,Śląsk Wrocław,Lechia Gdańsk,3,0,H,3,0,3,3
2014/2015,2015-04-18,17:00,Jagiellonia Białystok,Piast Gliwice,2,1,H,3,0,3,1
2014/2015,2015-04-18,19:30,Cracovia,Pogoń Szczecin,0,1,A,0,3,1,-1
2014/2015,2015-04-19,14:30,Górnik Łęczna,Lech Poznań,1,1,D,1,1,2,0
2014/2015,2015-04-19,17:00,Legia Warszawa,Zawisza Bydgoszcz,2,0,H,3,0,2,2
2014/2015,2015-04-20,17:00,Górnik Zabrze,GKS Bełchatów,2,0,H,3,0,2,2
2014/2015,2015-04-24,17:00,Zawisza Bydgoszcz,Cracovia,0,3,A,0,3,3,-3
2014/2015,2015-04-24,19:30,Ruch Chorzów,Legia Warszawa,0,0,D,1,1,0,0
2014/2015,2015-04-25,14:30,Pogoń Szczecin,Górnik Zabrze,3,1,H,3,0,4,2
2014/2015,2015-04-25,17:00,GKS Bełchatów,Jagiellonia Białystok,0,0,D,1,1,0,0
2014/2015,2015-04-25,19:30,Lech Poznań,Śląsk Wrocław,2,0,H,3,0,2,2
2014/2015,2015-04-26,12:00,Piast Gliwice,Podbeskidzie Bielsko-Biała,3,0,H,3,0,3,3
2014/2015,2015-04-26,14:30,Lechia Gdańsk,Górnik Łęczna,2,0,H,3,0,2,2
2014/2015,2015-04-26,17:00,Wisła Kraków,Korona Kielce,2,0,H,3,0,2,2
2014/2015,2015-04-29,19:30,Cracovia,GKS Bełchatów,3,1,H,3,0,4,2
2014/2015,2015-04-29,19:30,Górnik Zabrze,Zawisza Bydgoszcz,2,1,H,3,0,3,1
2014/2015,2015-04-29,19:30,Jagiellonia Białystok,Ruch Chorzów,2,0,H,3,0,2,2
2014/2015,2015-04-29,19:30,Korona Kielce,Lechia Gdańsk,3,2,H,3,0,5,1
2014/2015,2015-04-29,19:30,Górnik Łęczna,Piast Gliwice,1,2,A,0,3,3,-1
2014/2015,2015-04-29,19:30,Legia Warszawa,Pogoń Szczecin,2,1,H,3,0,3,1
2014/2015,2015-04-29,19:30,Podbeskidzie Bielsko-Biała,Lech Poznań,0,2,A,0,3,2,-2
2014/2015,2015-04-29,19:30,Śląsk Wrocław,Wisła Kraków,1,0,H,3,0,1,1
2014/2015,2015-05-08,17:00,Korona Kielce,Ruch Chorzów,0,2,A,0,3,2,-2
2014/2015,2015-05-08,19:30,Jagiellonia Białystok,Śląsk Wrocław,1,1,D,1,1,2,0
2014/2015,2015-05-09,14:30,Legia Warszawa,Lech Poznań,1,2,A,0,3,3,-1
2014/2015,2015-05-09,17:00,Pogoń Szczecin,Lechia Gdańsk,1,3,A,0,3,4,-2
2014/2015,2015-05-09,19:30,Wisła Kraków,Górnik Zabrze,4,1,H,3,0,5,3
2014/2015,2015-05-10,14:30,Podbeskidzie Bielsko-Biała,Zawisza Bydgoszcz,2,2,D,1,1,4,0
2014/2015,2015-05-10,17:00,Cracovia,GKS Bełchatów,1,1,D,1,1,2,0
2014/2015,2015-05-11,17:00,Piast Gliwice,Górnik Łęczna,2,3,A,0,3,5,-1
2014/2015,2015-05-15,17:00,Zawisza Bydgoszcz,Korona Kielce,3,1,H,3,0,4,2
2014/2015,2015-05-15,19:30,Lechia Gdańsk,Wisła Kraków,2,2,D,1,1,4,0
2014/2015,2015-05-16,14:30,Górnik Łęczna,Cracovia,0,3,A,0,3,3,-3
2014/2015,2015-05-16,17:00,GKS Bełchatów,Podbeskidzie Bielsko-Biała,0,2,A,0,3,2,-2
2014/2015,2015-05-16,19:30,Ruch Chorzów,Piast Gliwice,1,1,D,1,1,2,0
2014/2015,2015-05-17,14:30,Górnik Zabrze,Pogoń Szczecin,2,0,H,3,0,2,2
2014/2015,2015-05-17,14:30,Lech Poznań,Jagiellonia Białystok,1,3,A,0,3,4,-2
2014/2015,2015-05-17,17:00,Śląsk Wrocław,Legia Warszawa,1,1,D,1,1,2,0
2014/2015,2015-05-19,17:00,Korona Kielce,Górnik Łęczna,1,3,A,0,3,4,-2
2014/2015,2015-05-19,17:00,Podbeskidzie Bielsko-Biała,Ruch Chorzów,0,2,A,0,3,2,-2
2014/2015,2015-05-19,19:30,Cracovia,Zawisza Bydgoszcz,3,1,H,3,0,4,2
2014/2015,2015-05-19,19:30,Piast Gliwice,GKS Bełchatów,6,3,H,3,0,9,3
2014/2015,2015-05-20,17:00,Górnik Zabrze,Lechia Gdańsk,0,1,A,0,3,1,-1
2014/2015,2015-05-20,17:00,Lech Poznań,Śląsk Wrocław,3,0,H,3,0,3,3
2014/2015,2015-05-20,19:30,Legia Warszawa,Jagiellonia Białystok,1,0,H,3,0,1,1
2014/2015,2015-05-20,19:30,Wisła Kraków,Pogoń Szczecin,2,2,D,1,1,4,0
2014/2015,2015-05-22,17:00,Zawisza Bydgoszcz,Górnik Łęczna,1,1,D,1,1,2,0
2014/2015,2015-05-22,19:30,Cracovia,Korona Kielce,1,1,D,1,1,2,0
2014/2015,2015-05-23,14:30,Śląsk Wrocław,Górnik Zabrze,1,1,D,1,1,2,0
2014/2015,2015-05-23,17:00,Pogoń Szczecin,Legia Warszawa,0,1,A,0,3,1,-1
2014/2015,2015-05-23,19:30,Jagiellonia Białystok,Wisła Kraków,2,1,H,3,0,3,1
2014/2015,2015-05-24,14:30,Piast Gliwice,Podbeskidzie Bielsko-Biała,2,1,H,3,0,3,1
2014/2015,2015-05-24,17:00,Lechia Gdańsk,Lech Poznań,1,2,A,0,3,3,-1
2014/2015,2015-05-25,17:00,Ruch Chorzów,GKS Bełchatów,2,4,A,0,3,6,-2
2014/2015,2015-05-29,17:00,Podbeskidzie Bielsko-Biała,Cracovia,0,3,A,0,3,3,-3
2014/2015,2015-05-29,19:30,Korona Kielce,Piast Gliwice,2,1,H,3,0,3,1
2014/2015,2015-05-30,14:30,Górnik Łęczna,Ruch Chorzów,0,1,A,0,3,1,-1
2014/2015,2015-05-30,17:00,GKS Bełchatów,Zawisza Bydgoszcz,1,4,A,0,3,5,-3
2014/2015,2015-05-30,19:30,Śląsk Wrocław,Lechia Gdańsk,1,0,H,3,0,1,1
2014/2015,2015-05-31,14:30,Jagiellonia Białystok,Górnik Zabrze,3,2,H,3,0,5,1
2014/2015,2015-05-31,14:30,Legia Warszawa,Wisła Kraków,1,0,H,3,0,1,1
2014/2015,2015-05-31,17:00,Lech Poznań,Pogoń Szczecin,1,0,H,3,0,1,1
2014/2015,2015-06-02,19:30,Cracovia,Ruch Chorzów,1,0,H,3,0,1,1
2014/2015,2015-06-02,19:30,GKS Bełchatów,Korona Kielce,2,2,D,1,1,4,0
2014/2015,2015-06-02,19:30,Podbeskidzie Bielsko-Biała,Górnik Łęczna,1,0,H,3,0,1,1
2014/2015,2015-06-02,19:30,Zawisza Bydgoszcz,Piast Gliwice,0,0,D,1,1,0,0
2014/2015,2015-06-03,19:30,Górnik Zabrze,Lech Poznań,1,6,A,0,3,7,-5
2014/2015,2015-06-03,19:30,Lechia Gdańsk,Legia Warszawa,0,0,D,1,1,0,0
2014/2015,2015-06-03,19:30,Pogoń Szczecin,Jagiellonia Białystok,1,3,A,0,3,4,-2
2014/2015,2015-06-03,19:30,Wisła Kraków,Śląsk Wrocław,0,1,A,0,3,1,-1
2014/2015,2015-06-05,19:30,Korona Kielce,Podbeskidzie Bielsko-Biała,3,1,H,3,0,4,2
2014/2015,2015-06-05,19:30,Górnik Łęczna,GKS Bełchatów,1,0,H,3,0,1,1
2014/2015,2015-06-05,19:30,Piast Gliwice,Cracovia,0,3,A,0,3,3,-3
2014/2015,2015-06-05,19:30,Ruch Chorzów,Zawisza Bydgoszcz,3,2,H,3,0,5,1
2014/2015,2015-06-07,17:00,Jagiellonia Białystok,Lechia Gdańsk,4,2,H,3,0,6,2
2014/2015,2015-06-07,17:00,Lech Poznań,Wisła Kraków,0,0,D,1,1,0,0
2014/2015,2015-06-07,17:00,Legia Warszawa,Górnik Zabrze,2,0,H,3,0,2,2
2014/2015,2015-06-07,17:00,Śląsk Wrocław,Pogoń Szczecin,2,1,H,3,0,3,1
2015/2016,2015-07-17,17:00,Wisła Kraków,Górnik Zabrze,1,1,D,1,1,2,0
2015/2016,2015-07-17,19:30,Lechia Gdańsk,Cracovia,0,1,A,0,3,1,-1
2015/2016,2015-07-18,14:30,Ruch Chorzów,Górnik Łęczna,0,2,A,0,3,2,-2
2015/2016,2015-07-18,17:00,Zagłębie Lubin,Podbeskidzie Bielsko-Biała,1,1,D,1,1,2,0
2015/2016,2015-07-18,19:30,Lech Poznań,Pogoń Szczecin,1,2,A,0,3,3,-1
2015/2016,2015-07-19,14:30,Korona Kielce,Jagiellonia Białystok,3,2,H,3,0,5,1
2015/2016,2015-07-19,17:00,Śląsk Wrocław,Legia Warszawa,1,4,A,0,3,5,-3
2015/2016,2015-07-20,17:00,Piast Gliwice,Bruk-Bet Termalica Nieciecza,1,0,H,3,0,1,1
2015/2016,2015-07-24,17:00,Ruch Chorzów,Piast Gliwice,2,0,H,3,0,2,2
2015/2016,2015-07-24,19:30,Cracovia,Wisła Kraków,1,1,D,1,1,2,0
2015/2016,2015-07-25,17:00,Zagłębie Lubin,Korona Kielce,0,2,A,0,3,2,-2
2015/2016,2015-07-25,19:30,Lech Poznań,Lechia Gdańsk,2,1,H,3,0,3,1
2015/2016,2015-07-26,14:30,Jagiellonia Białystok,Bruk-Bet Termalica Nieciecza,2,0,H,3,0,2,2
2015/2016,2015-07-26,14:30,Pogoń Szczecin,Śląsk Wrocław,1,1,D,1,1,2,0
2015/2016,2015-07-26,17:00,Legia Warszawa,Podbeskidzie Bielsko-Biała,5,0,H,3,0,5,5
2015/2016,2015-07-27,17:00,Górnik Łęczna,Górnik Zabrze,2,1,H,3,0,3,1
2015/2016,2015-07-31,17:00,Piast Gliwice,Górnik Zabrze,3,2,H,3,0,5,1
2015/2016,2015-07-31,19:30,Lechia Gdańsk,Pogoń Szczecin,1,1,D,1,1,2,0
2015/2016,2015-08-01,17:00,Podbeskidzie Bielsko-Biała,Cracovia,0,1,A,0,3,1,-1
2015/2016,2015-08-01,19:30,Wisła Kraków,Lech Poznań,2,0,H,3,0,2,2
2015/2016,2015-08-02,14:30,Jagiellonia Białystok,Zagłębie Lubin,1,2,A,0,3,3,-1
2015/2016,2015-08-02,14:30,Śląsk Wrocław,Bruk-Bet Termalica Nieciecza,2,0,H,3,0,2,2
2015/2016,2015-08-02,17:00,Górnik Łęczna,Legia Warszawa,0,2,A,0,3,2,-2
2015/2016,2015-08-03,17:00,Korona Kielce,Ruch Chorzów,1,2,A,0,3,3,-1
2015/2016,2015-08-07,17:00,Cracovia,Piast Gliwice,1,2,A,0,3,3,-1
2015/2016,2015-08-07,19:30,Bruk-Bet Termalica Nieciecza,Zagłębie Lubin,1,0,H,3,0,1,1
2015/2016,2015-08-08,14:30,Górnik Zabrze,Jagiellonia Białystok,1,3,A,0,3,4,-2
2015/2016,2015-08-08,17:00,Pogoń Szczecin,Górnik Łęczna,0,0,D,1,1,0,0
2015/2016,2015-08-08,19:30,Lech Poznań,Korona Kielce,0,0,D,1,1,0,0
2015/2016,2015-08-09,14:30,Śląsk Wrocław,Lechia Gdańsk,0,0,D,1,1,0,0
2015/2016,2015-08-09,17:00,Legia Warszawa,Wisła Kraków,1,1,D,1,1,2,0
2015/2016,2015-08-10,17:00,Ruch Chorzów,Podbeskidzie Bielsko-Biała,1,1,D,1,1,2,0
2015/2016,2015-08-14,17:00,Korona Kielce,Cracovia,0,3,A,0,3,3,-3
2015/2016,2015-08-14,19:30,Zagłębie Lubin,Lech Poznań,2,1,H,3,0,3,1
2015/2016,2015-08-15,14:30,Bruk-Bet Termalica Nieciecza,Górnik Zabrze,3,0,H,3,0,3,3
2015/2016,2015-08-15,17:00,Górnik Łęczna,Śląsk Wrocław,2,3,A,0,3,5,-1
2015/2016,2015-08-15,19:30,Piast Gliwice,Legia Warszawa,2,1,H,3,0,3,1
2015/2016,2015-08-16,14:30,Jagiellonia Białystok,Ruch Chorzów,2,1,H,3,0,3,1
2015/2016,2015-08-16,17:00,Wisła Kraków,Lechia Gdańsk,3,3,D,1,1,6,0
2015/2016,2015-08-17,17:00,Podbeskidzie Bielsko-Biała,Pogoń Szczecin,2,3,A,0,3,5,-1
2015/2016,2015-08-21,17:00,Pogoń Szczecin,Wisła Kraków,1,1,D,1,1,2,0
2015/2016,2015-08-21,19:30,Lechia Gdańsk,Górnik Łęczna,3,1,H,3,0,4,2
2015/2016,2015-08-22,14:30,Ruch Chorzów,Bruk-Bet Termalica Nieciecza,4,1,H,3,0,5,3
2015/2016,2015-08-22,17:00,Śląsk Wrocław,Podbeskidzie Bielsko-Biała,1,1,D,1,1,2,0
2015/2016,2015-08-22,19:30,Cracovia,Jagiellonia Białystok,1,1,D,1,1,2,0
2015/2016,2015-08-23,14:30,Lech Poznań,Piast Gliwice,0,1,A,0,3,1,-1
2015/2016,2015-08-23,17:00,Legia Warszawa,Korona Kielce,1,2,A,0,3,3,-1
2015/2016,2015-08-24,17:00,Górnik Zabrze,Zagłębie Lubin,2,2,D,1,1,4,0
2015/2016,2015-08-28,17:00,Podbeskidzie Bielsko-Biała,Lechia Gdańsk,1,1,D,1,1,2,0
2015/2016,2015-08-28,19:30,Wisła Kraków,Śląsk Wrocław,4,2,H,3,0,6,2
2015/2016,2015-08-29,14:30,Piast Gliwice,Górnik Łęczna,3,0,H,3,0,3,3
2015/2016,2015-08-29,17:00,Zagłębie Lubin,Ruch Chorzów,3,1,H,3,0,4,2
2015/2016,2015-08-29,19:30,Korona Kielce,Pogoń Szczecin,1,1,D,1,1,2,0
2015/2016,2015-08-30,14:30,Górnik Zabrze,Cracovia,1,1,D,1,1,2,0
2015/2016,2015-08-30,14:30,Bruk-Bet Termalica Nieciecza,Lech Poznań,3,1,H,3,0,4,2
2015/2016,2015-08-30,17:00,Jagiellonia Białystok,Legia Warszawa,1,1,D,1,1,2,0
2015/2016,2015-09-11,17:00,Lechia Gdańsk,Korona Kielce,0,0,D,1,1,0,0
2015/2016,2015-09-11,19:30,Legia Warszawa,Zagłębie Lubin,2,2,D,1,1,4,0
2015/2016,2015-09-12,14:30,Śląsk Wrocław,Jagiellonia Białystok,3,1,H,3,0,4,2
2015/2016,2015-09-12,17:00,Cracovia,Bruk-Bet Termalica Nieciecza,2,3,A,0,3,5,-1
2015/2016,2015-09-12,19:30,Lech Poznań,Podbeskidzie Bielsko-Biała,0,1,A,0,3,1,-1
2015/2016,2015-09-13,14:30,Pogoń Szczecin,Piast Gliwice,3,1,H,3,0,4,2
2015/2016,2015-09-13,17:00,Ruch Chorzów,Górnik Zabrze,1,0,H,3,0,1,1
2015/2016,2015-09-14,17:00,Górnik Łęczna,Wisła Kraków,1,0,H,3,0,1,1
2015/2016,2015-09-18,17:00,Górnik Zabrze,Śląsk Wrocław,2,0,H,3,0,2,2
2015/2016,2015-09-18,19:30,Zagłębie Lubin,Cracovia,4,2,H,3,0,6,2
2015/2016,2015-09-19,14:30,Bruk-Bet Termalica Nieciecza,Pogoń Szczecin,1,1,D,1,1,2,0
2015/2016,2015-09-19,17:00,Podbeskidzie Bielsko-Biała,Wisła Kraków,0,6,A,0,3,6,-6
2015/2016,2015-09-19,19:30,Piast Gliwice,Lechia Gdańsk,2,1,H,3,0,3,1
2015/2016,2015-09-20,14:30,Ruch Chorzów,Legia Warszawa,1,4,A,0,3,5,-3
2015/2016,2015-09-20,17:00,Jagiellonia Białystok,Lech Poznań,1,0,H,3,0,1,1
2015/2016,2015-09-21,17:00,Korona Kielce,Górnik Łęczna,0,2,A,0,3,2,-2
2015/2016,2015-09-25,17:00,Wisła Kraków,Korona Kielce,0,0,D,1,1,0,0
2015/2016,2015-09-25,19:30,Śląsk Wrocław,Piast Gliwice,1,2,A,0,3,3,-1
2015/2016,2015-09-26,14:30,Górnik Łęczna,Podbeskidzie Bielsko-Biała,1,2,A,0,3,3,-1
2015/2016,2015-09-26,17:00,Cracovia,Ruch Chorzów,2,1,H,3,0,3,1
2015/2016,2015-09-26,19:30,Lech Poznań,Górnik Zabrze,1,1,D,1,1,2,0
2015/2016,2015-09-27,14:30,Lechia Gdańsk,Zagłębie Lubin,3,1,H,3,0,4,2
2015/2016,2015-09-27,17:00,Legia Warszawa,Bruk-Bet Termalica Nieciecza,1,1,D,1,1,2,0
2015/2016,2015-09-28,17:00,Pogoń Szczecin,Jagiellonia Białystok,2,1,H,3,0,3,1
2015/2016,2015-10-02,17:00,Ruch Chorzów,Pogoń Szczecin,0,2,A,0,3,2,-2
2015/2016,2015-10-02,19:30,Jagiellonia Białystok,Lechia Gdańsk,0,3,A,0,3,3,-3
2015/2016,2015-10-03,14:30,Bruk-Bet Termalica Nieciecza,Górnik Łęczna,1,1,D,1,1,2,0
2015/2016,2015-10-03,17:00,Korona Kielce,Podbeskidzie Bielsko-Biała,0,0,D,1,1,0,0
2015/2016,2015-10-03,19:30,Piast Gliwice,Wisła Kraków,1,0,H,3,0,1,1
2015/2016,2015-10-04,14:30,Górnik Zabrze,Legia Warszawa,2,2,D,1,1,4,0
2015/2016,2015-10-04,14:30,Zagłębie Lubin,Śląsk Wrocław,1,1,D,1,1,2,0
2015/2016,2015-10-04,17:00,Cracovia,Lech Poznań,5,2,H,3,0,7,3
2015/2016,2015-10-16,17:00,Lechia Gdańsk,Górnik Zabrze,1,1,D,1,1,2,0
2015/2016,2015-10-16,19:30,Śląsk Wrocław,Korona Kielce,0,1,A,0,3,1,-1
2015/2016,2015-10-17,14:30,Podbeskidzie Bielsko-Biała,Piast Gliwice,2,2,D,1,1,4,0
2015/2016,2015-10-17,17:00,Lech Poznań,Ruch Chorzów,2,2,D,1,1,4,0
2015/2016,2015-10-17,17:00,Górnik Łęczna,Jagiellonia Białystok,3,2,H,3,0,5,1
2015/2016,2015-10-18,14:30,Wisła Kraków,Bruk-Bet Termalica Nieciecza,0,0,D,1,1,0,0
2015/2016,2015-10-18,17:00,Legia Warszawa,Cracovia,3,1,H,3,0,4,2
2015/2016,2015-10-19,17:00,Pogoń Szczecin,Zagłębie Lubin,0,0,D,1,1,0,0
2015/2016,2015-10-23,17:00,Ruch Chorzów,Śląsk Wrocław,1,0,H,3,0,1,1
2015/2016,2015-10-23,19:30,Jagiellonia Białystok,Wisła Kraków,1,4,A,0,3,5,-3
2015/2016,2015-10-24,14:30,Cracovia,Pogoń Szczecin,4,1,H,3,0,5,3
2015/2016,2015-10-24,17:00,Piast Gliwice,Korona Kielce,0,1,A,0,3,1,-1
2015/2016,2015-10-24,17:00,Zagłębie Lubin,Górnik Łęczna,0,0,D,1,1,0,0
2015/2016,2015-10-25,14:30,Bruk-Bet Termalica Nieciecza,Lechia Gdańsk,0,1,A,0,3,1,-1
2015/2016,2015-10-25,17:00,Legia Warszawa,Lech Poznań,0,1,A,0,3,1,-1
2015/2016,2015-10-26,17:00,Górnik Zabrze,Podbeskidzie Bielsko-Biała,0,2,A,0,3,2,-2
2015/2016,2015-10-30,17:00,Pogoń Szczecin,Górnik Zabrze,1,1,D,1,1,2,0
2015/2016,2015-10-30,19:30,Górnik Łęczna,Cracovia,1,0,H,3,0,1,1
2015/2016,2015-10-30,19:30,Wisła Kraków,Ruch Chorzów,0,0,D,1,1,0,0
2015/2016,2015-10-31,14:30,Piast Gliwice,Zagłębie Lubin,2,0,H,3,0,2,2
2015/2016,2015-10-31,17:00,Lechia Gdańsk,Legia Warszawa,1,3,A,0,3,4,-2
2015/2016,2015-10-31,19:30,Śląsk Wrocław,Lech Poznań,1,1,D,1,1,2,0
2015/2016,2015-11-02,17:00,Korona Kielce,Bruk-Bet Termalica Nieciecza,0,1,A,0,3,1,-1
2015/2016,2015-11-02,19:30,Podbeskidzie Bielsko-Biała,Jagiellonia Białystok,1,1,D,1,1,2,0
2015/2016,2015-11-06,17:00,Zagłębie Lubin,Wisła Kraków,1,3,A,0,3,4,-2
2015/2016,2015-11-06,19:30,Cracovia,Śląsk Wrocław,4,1,H,3,0,5,3
2015/2016,2015-11-07,14:30,Bruk-Bet Termalica Nieciecza,Podbeskidzie Bielsko-Biała,0,2,A,0,3,2,-2
2015/2016,2015-11-07,17:00,Ruch Chorzów,Lechia Gdańsk,3,2,H,3,0,5,1
2015/2016,2015-11-07,19:30,Jagiellonia Białystok,Piast Gliwice,0,2,A,0,3,2,-2
2015/2016,2015-11-08,14:30,Górnik Zabrze,Korona Kielce,0,1,A,0,3,1,-1
2015/2016,2015-11-08,14:30,Lech Poznań,Górnik Łęczna,3,1,H,3,0,4,2
2015/2016,2015-11-08,17:00,Legia Warszawa,Pogoń Szczecin,1,0,H,3,0,1,1
2015/2016,2015-11-20,17:00,Bruk-Bet Termalica Nieciecza,Piast Gliwice,3,5,A,0,3,8,-2
2015/2016,2015-11-20,19:30,Górnik Zabrze,Wisła Kraków,1,1,D,1,1,2,0
2015/2016,2015-11-21,14:30,Jagiellonia Białystok,Korona Kielce,1,0,H,3,0,1,1
2015/2016,2015-11-21,17:00,Górnik Łęczna,Ruch Chorzów,0,3,A,0,3,3,-3
2015/2016,2015-11-21,17:00,Legia Warszawa,Śląsk Wrocław,1,0,H,3,0,1,1
2015/2016,2015-11-22,14:30,Podbeskidzie Bielsko-Biała,Zagłębie Lubin,1,2,A,0,3,3,-1
2015/2016,2015-11-22,17:00,Pogoń Szczecin,Lech Poznań,0,2,A,0,3,2,-2
2015/2016,2015-11-23,17:00,Cracovia,Lechia Gdańsk,3,0,H,3,0,3,3
2015/2016,2015-11-27,17:00,Korona Kielce,Zagłębie Lubin,0,2,A,0,3,2,-2
2015/2016,2015-11-27,19:30,Piast Gliwice,Ruch Chorzów,3,0,H,3,0,3,3
2015/2016,2015-11-28,14:30,Górnik Zabrze,Górnik Łęczna,1,1,D,1,1,2,0
2015/2016,2015-11-28,19:30,Śląsk Wrocław,Pogoń Szczecin,0,0,D,1,1,0,0
2015/2016,2015-11-29,14:30,Lechia Gdańsk,Lech Poznań,0,1,A,0,3,1,-1
2015/2016,2015-11-29,14:30,Podbeskidzie Bielsko-Biała,Legia Warszawa,2,2,D,1,1,4,0
2015/2016,2015-11-29,17:00,Wisła Kraków,Cracovia,1,2,A,0,3,3,-1
2015/2016,2015-12-01,17:00,Ruch Chorzów,Korona Kielce,2,1,H,3,0,3,1
2015/2016,2015-12-01,17:00,Bruk-Bet Termalica Nieciecza,Śląsk Wrocław,1,1,D,1,1,2,0
2015/2016,2015-12-01,19:30,Górnik Zabrze,Piast Gliwice,5,2,H,3,0,7,3
2015/2016,2015-12-01,19:30,Zagłębie Lubin,Jagiellonia Białystok,0,2,A,0,3,2,-2
2015/2016,2015-12-02,17:00,Legia Warszawa,Górnik Łęczna,2,1,H,3,0,3,1
2015/2016,2015-12-02,17:00,Pogoń Szczecin,Lechia Gdańsk,1,0,H,3,0,1,1
2015/2016,2015-12-02,19:30,Cracovia,Podbeskidzie Bielsko-Biała,4,1,H,3,0,5,3
2015/2016,2015-12-02,19:30,Lech Poznań,Wisła Kraków,2,0,H,3,0,2,2
2015/2016,2015-12-04,17:00,Zagłębie Lubin,Bruk-Bet Termalica Nieciecza,2,0,H,3,0,2,2
2015/2016,2015-12-04,19:30,Jagiellonia Białystok,Górnik Zabrze,2,3,A,0,3,5,-1
2015/2016,2015-12-05,14:30,Korona Kielce,Lech Poznań,0,1,A,0,3,1,-1
2015/2016,2015-12-05,17:00,Piast Gliwice,Cracovia,2,2,D,1,1,4,0
2015/2016,2015-12-05,17:00,Podbeskidzie Bielsko-Biała,Ruch Chorzów,1,1,D,1,1,2,0
2015/2016,2015-12-06,14:30,Lechia Gdańsk,Śląsk Wrocław,1,0,H,3,0,1,1
2015/2016,2015-12-06,17:00,Wisła Kraków,Legia Warszawa,0,2,A,0,3,2,-2
2015/2016,2015-12-07,17:00,Górnik Łęczna,Pogoń Szczecin,2,3,A,0,3,5,-1
2015/2016,2015-12-11,17:00,Śląsk Wrocław,Górnik Łęczna,2,1,H,3,0,3,1
2015/2016,2015-12-11,19:30,Ruch Chorzów,Jagiellonia Białystok,0,4,A,0,3,4,-4
2015/2016,2015-12-12,14:30,Pogoń Szczecin,Podbeskidzie Bielsko-Biała,2,0,H,3,0,2,2
2015/2016,2015-12-12,17:00,Górnik Zabrze,Bruk-Bet Termalica Nieciecza,0,0,D,1,1,0,0
2015/2016,2015-12-12,17:00,Lechia Gdańsk,Wisła Kraków,2,0,H,3,0,2,2
2015/2016,2015-12-13,14:30,Lech Poznań,Zagłębie Lubin,2,0,H,3,0,2,2
2015/2016,2015-12-13,17:00,Legia Warszawa,Piast Gliwice,1,1,D,1,1,2,0
2015/2016,2015-12-14,17:00,Cracovia,Korona Kielce,2,2,D,1,1,4,0
2015/2016,2015-12-16,17:00,Bruk-Bet Termalica Nieciecza,Jagiellonia Białystok,2,0,H,3,0,2,2
2015/2016,2015-12-18,17:00,Zagłębie Lubin,Górnik Zabrze,2,4,A,0,3,6,-2
2015/2016,2015-12-18,19:30,Wisła Kraków,Pogoń Szczecin,0,1,A,0,3,1,-1
2015/2016,2015-12-19,14:30,Bruk-Bet Termalica Nieciecza,Ruch Chorzów,0,1,A,0,3,1,-1
2015/2016,2015-12-19,17:00,Jagiellonia Białystok,Cracovia,2,2,D,1,1,4,0
2015/2016,2015-12-19,17:00,Górnik Łęczna,Lechia Gdańsk,3,1,H,3,0,4,2
2015/2016,2015-12-20,14:30,Korona Kielce,Legia Warszawa,1,3,A,0,3,4,-2
2015/2016,2015-12-20,17:00,Piast Gliwice,Lech Poznań,2,0,H,3,0,2,2
2015/2016,2015-12-21,17:00,Podbeskidzie Bielsko-Biała,Śląsk Wrocław,0,1,A,0,3,1,-1
2015/2016,2016-02-12,17:00,Ruch Chorzów,Zagłębie Lubin,0,0,D,1,1,0,0
2015/2016,2016-02-12,19:30,Śląsk Wrocław,Wisła Kraków,1,0,H,3,0,1,1
2015/2016,2016-02-13,14:30,Górnik Łęczna,Piast Gliwice,0,0,D,1,1,0,0
2015/2016,2016-02-13,17:00,Cracovia,Górnik Zabrze,3,0,H,3,0,3,3
2015/2016,2016-02-13,17:00,Lechia Gdańsk,Podbeskidzie Bielsko-Biała,5,0,H,3,0,5,5
2015/2016,2016-02-14,14:30,Lech Poznań,Bruk-Bet Termalica Nieciecza,5,2,H,3,0,7,3
2015/2016,2016-02-14,17:00,Legia Warszawa,Jagiellonia Białystok,4,0,H,3,0,4,4
2015/2016,2016-02-15,17:00,Pogoń Szczecin,Korona Kielce,3,2,H,3,0,5,1
2015/2016,2016-02-19,17:00,Jagiellonia Białystok,Śląsk Wrocław,2,1,H,3,0,3,1
2015/2016,2016-02-19,19:30,Piast Gliwice,Pogoń Szczecin,0,0,D,1,1,0,0
2015/2016,2016-02-20,14:30,Korona Kielce,Lechia Gdańsk,4,2,H,3,0,6,2
2015/2016,2016-02-20,17:00,Podbeskidzie Bielsko-Biała,Lech Poznań,4,1,H,3,0,5,3
2015/2016,2016-02-20,17:00,Bruk-Bet Termalica Nieciecza,Cracovia,1,1,D,1,1,2,0
2015/2016,2016-02-21,14:30,Zagłębie Lubin,Legia Warszawa,1,2,A,0,3,3,-1
2015/2016,2016-02-21,17:00,Górnik Zabrze,Ruch Chorzów,0,2,A,0,3,2,-2
2015/2016,2016-02-22,17:00,Wisła Kraków,Górnik Łęczna,1,1,D,1,1,2,0
2015/2016,2016-02-26,17:00,Śląsk Wrocław,Górnik Zabrze,0,0,D,1,1,0,0
2015/2016,2016-02-26,19:30,Cracovia,Zagłębie Lubin,1,2,A,0,3,3,-1
2015/2016,2016-02-27,14:30,Górnik Łęczna,Korona Kielce,3,2,H,3,0,5,1
2015/2016,2016-02-27,17:00,Lechia Gdańsk,Piast Gliwice,3,1,H,3,0,4,2
2015/2016,2016-02-27,19:30,Wisła Kraków,Podbeskidzie Bielsko-Biała,1,2,A,0,3,3,-1
2015/2016,2016-02-28,14:30,Lech Poznań,Jagiellonia Białystok,0,2,A,0,3,2,-2
2015/2016,2016-02-28,14:30,Pogoń Szczecin,Bruk-Bet Termalica Nieciecza,1,1,D,1,1,2,0
2015/2016,2016-02-28,17:00,Legia Warszawa,Ruch Chorzów,2,0,H,3,0,2,2
2015/2016,2016-03-01,17:00,Podbeskidzie Bielsko-Biała,Górnik Łęczna,2,0,H,3,0,2,2
2015/2016,2016-03-01,19:30,Zagłębie Lubin,Lechia Gdańsk,1,0,H,3,0,1,1
2015/2016,2016-03-02,17:00,Ruch Chorzów,Cracovia,2,3,A,0,3,5,-1
2015/2016,2016-03-02,17:00,Bruk-Bet Termalica Nieciecza,Legia Warszawa,3,0,H,3,0,3,3
2015/2016,2016-03-02,19:30,Górnik Zabrze,Lech Poznań,0,2,A,0,3,2,-2
2015/2016,2016-03-02,19:30,Jagiellonia Białystok,Pogoń Szczecin,0,0,D,1,1,0,0
2015/2016,2016-03-04,17:00,Podbeskidzie Bielsko-Biała,Korona Kielce,1,1,D,1,1,2,0
2015/2016,2016-03-04,19:30,Wisła Kraków,Piast Gliwice,1,1,D,1,1,2,0
2015/2016,2016-03-05,14:30,Górnik Łęczna,Bruk-Bet Termalica Nieciecza,1,2,A,0,3,3,-1
2015/2016,2016-03-05,17:00,Śląsk Wrocław,Zagłębie Lubin,0,2,A,0,3,2,-2
2015/2016,2016-03-05,19:30,Legia Warszawa,Górnik Zabrze,3,1,H,3,0,4,2
2015/2016,2016-03-06,14:30,Lechia Gdańsk,Jagiellonia Białystok,5,1,H,3,0,6,4
2015/2016,2016-03-06,17:00,Lech Poznań,Cracovia,2,1,H,3,0,3,1
2015/2016,2016-03-07,17:00,Pogoń Szczecin,Ruch Chorzów,2,3,A,0,3,5,-1
2015/2016,2016-03-08,17:00,Korona Kielce,Wisła Kraków,1,1,D,1,1,2,0
2015/2016,2016-03-08,17:00,Piast Gliwice,Śląsk Wrocław,1,0,H,3,0,1,1
2015/2016,2016-03-11,17:00,Korona Kielce,Śląsk Wrocław,2,2,D,1,1,4,0
2015/2016,2016-03-11,19:30,Piast Gliwice,Podbeskidzie Bielsko-Biała,3,2,H,3,0,5,1
2015/2016,2016-03-12,14:30,Jagiellonia Białystok,Górnik Łęczna,1,0,H,3,0,1,1
2015/2016,2016-03-12,17:00,Cracovia,Legia Warszawa,1,2,A,0,3,3,-1
2015/2016,2016-03-12,19:30,Ruch Chorzów,Lech Poznań,1,3,A,0,3,4,-2
2015/2016,2016-03-13,14:30,Zagłębie Lubin,Pogoń Szczecin,1,1,D,1,1,2,0
2015/2016,2016-03-13,17:00,Górnik Zabrze,Lechia Gdańsk,1,1,D,1,1,2,0
2015/2016,2016-03-14,17:00,Bruk-Bet Termalica Nieciecza,Wisła Kraków,2,4,A,0,3,6,-2
2015/2016,2016-03-18,17:00,Korona Kielce,Piast Gliwice,1,1,D,1,1,2,0
2015/2016,2016-03-18,19:30,Wisła Kraków,Jagiellonia Białystok,5,1,H,3,0,6,4
2015/2016,2016-03-19,14:30,Podbeskidzie Bielsko-Biała,Górnik Zabrze,0,0,D,1,1,0,0
2015/2016,2016-03-19,17:00,Śląsk Wrocław,Ruch Chorzów,0,0,D,1,1,0,0
2015/2016,2016-03-19,19:30,Lech Poznań,Legia Warszawa,0,2,A,0,3,2,-2
2015/2016,2016-03-20,14:30,Lechia Gdańsk,Bruk-Bet Termalica Nieciecza,1,1,D,1,1,2,0
2015/2016,2016-03-20,14:30,Górnik Łęczna,Zagłębie Lubin,0,2,A,0,3,2,-2
2015/2016,2016-03-20,17:00,Pogoń Szczecin,Cracovia,2,2,D,1,1,4,0
2015/2016,2016-04-01,17:00,Górnik Zabrze,Pogoń Szczecin,1,1,D,1,1,2,0
2015/2016,2016-04-01,19:30,Lech Poznań,Śląsk Wrocław,0,1,A,0,3,1,-1
2015/2016,2016-04-02,14:30,Bruk-Bet Termalica Nieciecza,Korona Kielce,0,1,A,0,3,1,-1
2015/2016,2016-04-02,17:00,Cracovia,Górnik Łęczna,0,0,D,1,1,0,0
2015/2016,2016-04-02,19:30,Legia Warszawa,Lechia Gdańsk,1,1,D,1,1,2,0
2015/2016,2016-04-03,14:30,Zagłębie Lubin,Piast Gliwice,4,1,H,3,0,5,3
2015/2016,2016-04-03,17:00,Ruch Chorzów,Wisła Kraków,2,3,A,0,3,5,-1
2015/2016,2016-04-04,17:00,Jagiellonia Białystok,Podbeskidzie Bielsko-Biała,0,3,A,0,3,3,-3
2015/2016,2016-04-09,17:00,Korona Kielce,Górnik Zabrze,2,1,H,3,0,3,1
2015/2016,2016-04-09,17:00,Lechia Gdańsk,Ruch Chorzów,2,0,H,3,0,2,2
2015/2016,2016-04-09,17:00,Górnik Łęczna,Lech Poznań,0,1,A,0,3,1,-1
2015/2016,2016-04-09,17:00,Piast Gliwice,Jagiellonia Białystok,2,0,H,3,0,2,2
2015/2016,2016-04-09,17:00,Podbeskidzie Bielsko-Biała,Bruk-Bet Termalica Nieciecza,2,0,H,3,0,2,2
2015/2016,2016-04-09,17:00,Pogoń Szczecin,Legia Warszawa,0,0,D,1,1,0,0
2015/2016,2016-04-09,17:00,Śląsk Wrocław,Cracovia,2,1,H,3,0,3,1
2015/2016,2016-04-09,17:00,Wisła Kraków,Zagłębie Lubin,1,1,D,1,1,2,0
2015/2016,2016-04-15,17:00,Pogoń Szczecin,Ruch Chorzów,1,1,D,1,1,2,0
2015/2016,2016-04-15,19:30,Legia Warszawa,Lech Poznań,1,0,H,3,0,1,1
2015/2016,2016-04-16,14:30,Korona Kielce,Śląsk Wrocław,1,1,D,1,1,2,0
2015/2016,2016-04-16,17:00,Zagłębie Lubin,Lechia Gdańsk,1,2,A,0,3,3,-1
2015/2016,2016-04-16,19:30,Piast Gliwice,Cracovia,1,1,D,1,1,2,0
2015/2016,2016-04-17,14:30,Jagiellonia Białystok,Górnik Łęczna,2,0,H,3,0,2,2
2015/2016,2016-04-17,14:30,Podbeskidzie Bielsko-Biała,Bruk-Bet Termalica Nieciecza,0,1,A,0,3,1,-1
2015/2016,2016-04-17,17:00,Wisła Kraków,Górnik Zabrze,3,1,H,3,0,4,2
2015/2016,2016-04-19,17:00,Cracovia,Zagłębie Lubin,1,0,H,3,0,1,1
2015/2016,2016-04-19,17:00,Lech Poznań,Piast Gliwice,2,2,D,1,1,4,0
2015/2016,2016-04-19,19:30,Lechia Gdańsk,Pogoń Szczecin,2,0,H,3,0,2,2
2015/2016,2016-04-19,19:30,Ruch Chorzów,Legia Warszawa,0,0,D,1,1,0,0
2015/2016,2016-04-20,17:00,Górnik Łęczna,Wisła Kraków,0,3,A,0,3,3,-3
2015/2016,2016-04-20,17:00,Bruk-Bet Termalica Nieciecza,Korona Kielce,0,0,D,1,1,0,0
2015/2016,2016-04-20,19:30,Górnik Zabrze,Podbeskidzie Bielsko-Biała,1,0,H,3,0,1,1
2015/2016,2016-04-20,19:30,Śląsk Wrocław,Jagiellonia Białystok,3,1,H,3,0,4,2
2015/2016,2016-04-22,17:00,Zagłębie Lubin,Ruch Chorzów,4,1,H,3,0,5,3
2015/2016,2016-04-22,19:30,Legia Warszawa,Cracovia,4,0,H,3,0,4,4
2015/2016,2016-04-23,14:30,Korona Kielce,Górnik Łęczna,1,1,D,1,1,2,0
2015/2016,2016-04-23,17:00,Podbeskidzie Bielsko-Biała,Śląsk Wrocław,1,2,A,0,3,3,-1
2015/2016,2016-04-23,19:30,Pogoń Szczecin,Lech Poznań,1,0,H,3,0,1,1
2015/2016,2016-04-24,14:30,Jagiellonia Białystok,Górnik Zabrze,0,0,D,1,1,0,0
2015/2016,2016-04-24,17:00,Piast Gliwice,Lechia Gdańsk,3,0,H,3,0,3,3
2015/2016,2016-04-25,17:00,Wisła Kraków,Bruk-Bet Termalica Nieciecza,2,2,D,1,1,4,0
2015/2016,2016-04-28,17:00,Lech Poznań,Lechia Gdańsk,0,0,D,1,1,0,0
2015/2016,2016-04-28,17:00,Zagłębie Lubin,Legia Warszawa,2,0,H,3,0,2,2
2015/2016,2016-04-29,17:00,Górnik Zabrze,Śląsk Wrocław,2,1,H,3,0,3,1
2015/2016,2016-04-29,19:30,Ruch Chorzów,Cracovia,0,1,A,0,3,1,-1
2015/2016,2016-04-30,17:00,Bruk-Bet Termalica Nieciecza,Górnik Łęczna,0,2,A,0,3,2,-2
2015/2016,2016-04-30,19:30,Korona Kielce,Wisła Kraków,3,2,H,3,0,5,1
2015/2016,2016-05-01,14:30,Jagiellonia Białystok,Podbeskidzie Bielsko-Biała,3,2,H,3,0,5,1
2015/2016,2016-05-01,17:00,Piast Gliwice,Pogoń Szczecin,2,1,H,3,0,3,1
2015/2016,2016-05-06,17:00,Podbeskidzie Bielsko-Biała,Korona Kielce,1,1,D,1,1,2,0
2015/2016,2016-05-06,19:30,Wisła Kraków,Jagiellonia Białystok,1,0,H,3,0,1,1
2015/2016,2016-05-07,14:30,Śląsk Wrocław,Bruk-Bet Termalica Nieciecza,2,1,H,3,0,3,1
2015/2016,2016-05-07,17:00,Górnik Łęczna,Górnik Zabrze,0,0,D,1,1,0,0
2015/2016,2016-05-07,19:30,Lechia Gdańsk,Ruch Chorzów,2,1,H,3,0,3,1
2015/2016,2016-05-08,14:30,Cracovia,Lech Poznań,2,0,H,3,0,2,2
2015/2016,2016-05-08,14:30,Pogoń Szczecin,Zagłębie Lubin,1,3,A,0,3,4,-2
2015/2016,2016-05-08,17:00,Legia Warszawa,Piast Gliwice,4,0,H,3,0,4,4
2015/2016,2016-05-10,19:30,Górnik Zabrze,Korona Kielce,0,0,D,1,1,0,0
2015/2016,2016-05-10,19:30,Jagiellonia Białystok,Bruk-Bet Termalica Nieciecza,0,1,A,0,3,1,-1
2015/2016,2016-05-10,19:30,Górnik Łęczna,Podbeskidzie Bielsko-Biała,5,1,H,3,0,6,4
2015/2016,2016-05-10,19:30,Wisła Kraków,Śląsk Wrocław,1,1,D,1,1,2,0
2015/2016,2016-05-11,19:30,Lechia Gdańsk,Legia Warszawa,2,0,H,3,0,2,2
2015/2016,2016-05-11,19:30,Pogoń Szczecin,Cracovia,3,2,H,3,0,5,1
2015/2016,2016-05-11,19:30,Ruch Chorzów,Piast Gliwice,0,3,A,0,3,3,-3
2015/2016,2016-05-11,19:30,Zagłębie Lubin,Lech Poznań,3,0,H,3,0,3,3
2015/2016,2016-05-14,14:30,Korona Kielce,Jagiellonia Białystok,1,3,A,0,3,4,-2
2015/2016,2016-05-14,14:30,Podbeskidzie Bielsko-Biała,Wisła Kraków,3,4,A,0,3,7,-1
2015/2016,2016-05-14,14:30,Śląsk Wrocław,Górnik Łęczna,3,2,H,3,0,5,1
2015/2016,2016-05-14,14:30,Bruk-Bet Termalica Nieciecza,Górnik Zabrze,1,1,D,1,1,2,0
2015/2016,2016-05-15,17:00,Cracovia,Lechia Gdańsk,2,0,H,3,0,2,2
2015/2016,2016-05-15,17:00,Lech Poznań,Ruch Chorzów,3,0,H,3,0,3,3
2015/2016,2016-05-15,17:00,Legia Warszawa,Pogoń Szczecin,3,0,H,3,0,3,3
2015/2016,2016-05-15,17:00,Piast Gliwice,Zagłębie Lubin,0,1,A,0,3,1,-1
2016/2017,2016-07-15,17:00,Wisła Płock,Lechia Gdańsk,2,1,H,3,0,3,1
2016/2017,2016-07-15,19:30,Śląsk Wrocław,Lech Poznań,0,0,D,1,1,0,0
2016/2017,2016-07-16,14:30,Ruch Chorzów,Górnik Łęczna,2,1,H,3,0,3,1
2016/2017,2016-07-16,17:00,Wisła Kraków,Pogoń Szczecin,2,1,H,3,0,3,1
2016/2017,2016-07-16,19:30,Legia Warszawa,Jagiellonia Białystok,1,1,D,1,1,2,0
2016/2017,2016-07-17,14:30,Zagłębie Lubin,Korona Kielce,4,0,H,3,0,4,4
2016/2017,2016-07-17,17:00,Cracovia,Piast Gliwice,5,1,H,3,0,6,4
2016/2017,2016-07-18,17:00,Bruk-Bet Termalica Nieciecza,Arka Gdynia,2,0,H,3,0,2,2
2016/2017,2016-07-22,17:00,Pogoń Szczecin,Korona Kielce,1,1,D,1,1,2,0
2016/2017,2016-07-22,19:30,Arka Gdynia,Wisła Kraków,3,0,H,3,0,3,3
2016/2017,2016-07-23,17:00,Jagiellonia Białystok,Ruch Chorzów,4,1,H,3,0,5,3
2016/2017,2016-07-23,19:30,Legia Warszawa,Śląsk Wrocław,0,0,D,1,1,0,0
2016/2017,2016-07-24,14:30,Piast Gliwice,Wisła Płock,2,1,H,3,0,3,1
2016/2017,2016-07-24,14:30,Bruk-Bet Termalica Nieciecza,Cracovia,3,2,H,3,0,5,1
2016/2017,2016-07-24,17:00,Lech Poznań,Zagłębie Lubin,0,2,A,0,3,2,-2
2016/2017,2016-07-25,17:00,Górnik Łęczna,Lechia Gdańsk,1,2,A,0,3,3,-1
2016/2017,2016-07-29,17:00,Arka Gdynia,Ruch Chorzów,3,0,H,3,0,3,3
2016/2017,2016-07-29,19:30,Lech Poznań,Jagiellonia Białystok,0,2,A,0,3,2,-2
2016/2017,2016-07-30,17:00,Lechia Gdańsk,Wisła Kraków,3,1,H,3,0,4,2
2016/2017,2016-07-30,19:30,Wisła Płock,Legia Warszawa,2,3,A,0,3,5,-1
2016/2017,2016-07-31,14:30,Górnik Łęczna,Cracovia,0,0,D,1,1,0,0
2016/2017,2016-07-31,14:30,Zagłębie Lubin,Bruk-Bet Termalica Nieciecza,2,0,H,3,0,2,2
2016/2017,2016-07-31,17:00,Korona Kielce,Piast Gliwice,1,1,D,1,1,2,0
2016/2017,2016-08-01,17:00,Pogoń Szczecin,Śląsk Wrocław,0,2,A,0,3,2,-2
2016/2017,2016-08-05,17:00,Jagiellonia Białystok,Arka Gdynia,4,1,H,3,0,5,3
2016/2017,2016-08-05,19:30,Cracovia,Wisła Kraków,2,1,H,3,0,3,1
2016/2017,2016-08-06,14:30,Bruk-Bet Termalica Nieciecza,Górnik Łęczna,2,1,H,3,0,3,1
2016/2017,2016-08-06,17:00,Śląsk Wrocław,Lechia Gdańsk,0,0,D,1,1,0,0
2016/2017,2016-08-06,19:30,Korona Kielce,Lech Poznań,4,1,H,3,0,5,3
2016/2017,2016-08-07,14:30,Zagłębie Lubin,Pogoń Szczecin,1,1,D,1,1,2,0
2016/2017,2016-08-07,17:00,Legia Warszawa,Piast Gliwice,0,0,D,1,1,0,0
2016/2017,2016-08-08,17:00,Ruch Chorzów,Wisła Płock,2,2,D,1,1,4,0
2016/2017,2016-08-12,17:00,Lechia Gdańsk,Korona Kielce,3,2,H,3,0,5,1
2016/2017,2016-08-12,19:30,Lech Poznań,Cracovia,2,1,H,3,0,3,1
2016/2017,2016-08-13,14:30,Arka Gdynia,Śląsk Wrocław,2,0,H,3,0,2,2
2016/2017,2016-08-13,17:00,Górnik Łęczna,Legia Warszawa,1,0,H,3,0,1,1
2016/2017,2016-08-13,19:30,Pogoń Szczecin,Bruk-Bet Termalica Nieciecza,5,0,H,3,0,5,5
2016/2017,2016-08-14,14:30,Piast Gliwice,Zagłębie Lubin,0,0,D,1,1,0,0
2016/2017,2016-08-14,17:00,Wisła Kraków,Ruch Chorzów,1,2,A,0,3,3,-1
2016/2017,2016-08-15,17:00,Wisła Płock,Jagiellonia Białystok,1,0,H,3,0,1,1
2016/2017,2016-08-19,17:00,Śląsk Wrocław,Wisła Płock,0,0,D,1,1,0,0
2016/2017,2016-08-19,19:30,Bruk-Bet Termalica Nieciecza,Lech Poznań,0,0,D,1,1,0,0
2016/2017,2016-08-20,14:30,Cracovia,Ruch Chorzów,1,1,D,1,1,2,0
2016/2017,2016-08-20,17:00,Piast Gliwice,Pogoń Szczecin,0,2,A,0,3,2,-2
2016/2017,2016-08-20,19:30,Legia Warszawa,Arka Gdynia,1,3,A,0,3,4,-2
2016/2017,2016-08-21,14:30,Zagłębie Lubin,Górnik Łęczna,0,0,D,1,1,0,0
2016/2017,2016-08-21,17:00,Jagiellonia Białystok,Lechia Gdańsk,0,1,A,0,3,1,-1
2016/2017,2016-08-22,17:00,Korona Kielce,Wisła Kraków,1,0,H,3,0,1,1
2016/2017,2016-08-26,17:00,Wisła Płock,Korona Kielce,1,2,A,0,3,3,-1
2016/2017,2016-08-26,19:30,Wisła Kraków,Śląsk Wrocław,1,5,A,0,3,6,-4
2016/2017,2016-08-27,14:30,Pogoń Szczecin,Cracovia,1,1,D,1,1,2,0
2016/2017,2016-08-27,17:00,Górnik Łęczna,Jagiellonia Białystok,0,2,A,0,3,2,-2
2016/2017,2016-08-27,19:30,Arka Gdynia,Zagłębie Lubin,1,1,D,1,1,2,0
2016/2017,2016-08-28,14:30,Lech Poznań,Piast Gliwice,2,0,H,3,0,2,2
2016/2017,2016-08-28,17:00,Lechia Gdańsk,Bruk-Bet Termalica Nieciecza,1,2,A,0,3,3,-1
2016/2017,2016-08-28,17:00,Ruch Chorzów,Legia Warszawa,0,2,A,0,3,2,-2
2016/2017,2016-09-09,17:00,Cracovia,Lechia Gdańsk,0,1,A,0,3,1,-1
2016/2017,2016-09-09,19:30,Zagłębie Lubin,Wisła Płock,1,2,A,0,3,3,-1
2016/2017,2016-09-10,14:30,Piast Gliwice,Górnik Łęczna,3,3,D,1,1,6,0
2016/2017,2016-09-10,17:00,Korona Kielce,Arka Gdynia,1,0,H,3,0,1,1
2016/2017,2016-09-10,19:30,Bruk-Bet Termalica Nieciecza,Legia Warszawa,2,1,H,3,0,3,1
2016/2017,2016-09-11,14:30,Lech Poznań,Pogoń Szczecin,3,1,H,3,0,4,2
2016/2017,2016-09-11,17:00,Jagiellonia Białystok,Wisła Kraków,2,1,H,3,0,3,1
2016/2017,2016-09-12,17:00,Śląsk Wrocław,Ruch Chorzów,1,2,A,0,3,3,-1
2016/2017,2016-09-16,17:00,Ruch Chorzów,Bruk-Bet Termalica Nieciecza,0,1,A,0,3,1,-1
2016/2017,2016-09-16,19:30,Śląsk Wrocław,Jagiellonia Białystok,0,4,A,0,3,4,-4
2016/2017,2016-09-17,14:30,Górnik Łęczna,Korona Kielce,4,0,H,3,0,4,4
2016/2017,2016-09-17,17:00,Wisła Płock,Pogoń Szczecin,2,0,H,3,0,2,2
2016/2017,2016-09-17,19:30,Wisła Kraków,Piast Gliwice,1,0,H,3,0,1,1
2016/2017,2016-09-18,14:30,Lechia Gdańsk,Lech Poznań,2,1,H,3,0,3,1
2016/2017,2016-09-18,17:00,Legia Warszawa,Zagłębie Lubin,2,3,A,0,3,5,-1
2016/2017,2016-09-19,17:00,Arka Gdynia,Cracovia,1,0,H,3,0,1,1
2016/2017,2016-09-23,17:00,Bruk-Bet Termalica Nieciecza,Wisła Płock,0,0,D,1,1,0,0
2016/2017,2016-09-23,19:30,Wisła Kraków,Legia Warszawa,0,0,D,1,1,0,0
2016/2017,2016-09-24,14:30,Pogoń Szczecin,Górnik Łęczna,1,1,D,1,1,2,0
2016/2017,2016-09-24,17:00,Lechia Gdańsk,Ruch Chorzów,2,1,H,3,0,3,1
2016/2017,2016-09-24,19:30,Zagłębie Lubin,Cracovia,1,1,D,1,1,2,0
2016/2017,2016-09-25,14:30,Korona Kielce,Jagiellonia Białystok,1,2,A,0,3,3,-1
2016/2017,2016-09-25,17:00,Lech Poznań,Arka Gdynia,0,0,D,1,1,0,0
2016/2017,2016-09-26,17:00,Piast Gliwice,Śląsk Wrocław,1,1,D,1,1,2,0
2016/2017,2016-09-30,17:00,Ruch Chorzów,Zagłębie Lubin,1,2,A,0,3,3,-1
2016/2017,2016-09-30,19:30,Górnik Łęczna,Lech Poznań,1,2,A,0,3,3,-1
2016/2017,2016-10-01,14:30,Arka Gdynia,Piast Gliwice,1,2,A,0,3,3,-1
2016/2017,2016-10-01,17:00,Wisła Płock,Wisła Kraków,2,3,A,0,3,5,-1
2016/2017,2016-10-01,19:30,Legia Warszawa,Lechia Gdańsk,3,0,H,3,0,3,3
2016/2017,2016-10-02,14:30,Cracovia,Korona Kielce,6,0,H,3,0,6,6
2016/2017,2016-10-02,14:30,Śląsk Wrocław,Bruk-Bet Termalica Nieciecza,1,2,A,0,3,3,-1
2016/2017,2016-10-02,17:00,Jagiellonia Białystok,Pogoń Szczecin,0,0,D,1,1,0,0
2016/2017,2016-10-14,17:00,Cracovia,Wisła Płock,1,0,H,3,0,1,1
2016/2017,2016-10-14,19:30,Pogoń Szczecin,Legia Warszawa,3,2,H,3,0,5,1
2016/2017,2016-10-15,14:30,Górnik Łęczna,Arka Gdynia,0,0,D,1,1,0,0
2016/2017,2016-10-15,17:00,Piast Gliwice,Ruch Chorzów,2,1,H,3,0,3,1
2016/2017,2016-10-15,19:30,Zagłębie Lubin,Lechia Gdańsk,1,2,A,0,3,3,-1
2016/2017,2016-10-16,14:30,Bruk-Bet Termalica Nieciecza,Jagiellonia Białystok,0,0,D,1,1,0,0
2016/2017,2016-10-16,17:00,Lech Poznań,Wisła Kraków,1,1,D,1,1,2,0
2016/2017,2016-10-17,17:00,Korona Kielce,Śląsk Wrocław,1,2,A,0,3,3,-1
2016/2017,2016-10-21,17:00,Arka Gdynia,Pogoń Szczecin,0,3,A,0,3,3,-3
2016/2017,2016-10-21,19:30,Wisła Kraków,Bruk-Bet Termalica Nieciecza,2,0,H,3,0,2,2
2016/2017,2016-10-22,14:30,Wisła Płock,Górnik Łęczna,1,2,A,0,3,3,-1
2016/2017,2016-10-22,17:00,Śląsk Wrocław,Cracovia,2,2,D,1,1,4,0
2016/2017,2016-10-22,19:30,Legia Warszawa,Lech Poznań,2,1,H,3,0,3,1
2016/2017,2016-10-23,14:30,Lechia Gdańsk,Piast Gliwice,3,2,H,3,0,5,1
2016/2017,2016-10-23,17:00,Jagiellonia Białystok,Zagłębie Lubin,1,2,A,0,3,3,-1
2016/2017,2016-10-24,17:00,Ruch Chorzów,Korona Kielce,4,0,H,3,0,4,4
2016/2017,2016-10-28,17:00,Piast Gliwice,Bruk-Bet Termalica Nieciecza,2,1,H,3,0,3,1
2016/2017,2016-10-28,19:30,Korona Kielce,Legia Warszawa,2,4,A,0,3,6,-2
2016/2017,2016-10-29,14:30,Górnik Łęczna,Śląsk Wrocław,0,3,A,0,3,3,-3
2016/2017,2016-10-29,17:00,Pogoń Szczecin,Ruch Chorzów,2,1,H,3,0,3,1
2016/2017,2016-10-29,19:30,Lech Poznań,Wisła Płock,2,0,H,3,0,2,2
2016/2017,2016-10-30,14:30,Cracovia,Jagiellonia Białystok,1,3,A,0,3,4,-2
2016/2017,2016-10-30,17:00,Arka Gdynia,Lechia Gdańsk,1,1,D,1,1,2,0
2016/2017,2016-10-31,17:00,Zagłębie Lubin,Wisła Kraków,2,2,D,1,1,4,0
2016/2017,2016-11-04,17:00,Wisła Płock,Arka Gdynia,0,0,D,1,1,0,0
2016/2017,2016-11-04,19:30,Ruch Chorzów,Lech Poznań,0,5,A,0,3,5,-5
2016/2017,2016-11-05,14:30,Bruk-Bet Termalica Nieciecza,Korona Kielce,1,3,A,0,3,4,-2
2016/2017,2016-11-05,17:00,Jagiellonia Białystok,Piast Gliwice,2,0,H,3,0,2,2
2016/2017,2016-11-05,19:30,Lechia Gdańsk,Pogoń Szczecin,1,1,D,1,1,2,0
2016/2017,2016-11-06,14:30,Śląsk Wrocław,Zagłębie Lubin,2,1,H,3,0,3,1
2016/2017,2016-11-06,14:30,Wisła Kraków,Górnik Łęczna,3,2,H,3,0,5,1
2016/2017,2016-11-06,17:00,Legia Warszawa,Cracovia,2,0,H,3,0,2,2
2016/2017,2016-11-18,17:00,Piast Gliwice,Cracovia,2,2,D,1,1,4,0
2016/2017,2016-11-18,19:30,Jagiellonia Białystok,Legia Warszawa,1,4,A,0,3,5,-3
2016/2017,2016-11-19,14:30,Górnik Łęczna,Ruch Chorzów,0,4,A,0,3,4,-4
2016/2017,2016-11-19,17:00,Pogoń Szczecin,Wisła Kraków,6,2,H,3,0,8,4
2016/2017,2016-11-19,19:30,Lechia Gdańsk,Wisła Płock,2,1,H,3,0,3,1
2016/2017,2016-11-20,14:30,Arka Gdynia,Bruk-Bet Termalica Nieciecza,1,3,A,0,3,4,-2
2016/2017,2016-11-20,17:00,Lech Poznań,Śląsk Wrocław,3,0,H,3,0,3,3
2016/2017,2016-11-21,17:00,Korona Kielce,Zagłębie Lubin,2,1,H,3,0,3,1
2016/2017,2016-11-25,17:00,Cracovia,Bruk-Bet Termalica Nieciecza,1,3,A,0,3,4,-2
2016/2017,2016-11-25,19:30,Zagłębie Lubin,Lech Poznań,0,3,A,0,3,3,-3
2016/2017,2016-11-26,14:30,Korona Kielce,Pogoń Szczecin,4,1,H,3,0,5,3
2016/2017,2016-11-26,17:00,Ruch Chorzów,Jagiellonia Białystok,1,2,A,0,3,3,-1
2016/2017,2016-11-26,19:30,Wisła Kraków,Arka Gdynia,5,1,H,3,0,6,4
2016/2017,2016-11-27,14:30,Wisła Płock,Piast Gliwice,0,0,D,1,1,0,0
2016/2017,2016-11-27,17:00,Śląsk Wrocław,Legia Warszawa,0,4,A,0,3,4,-4
2016/2017,2016-11-28,17:00,Lechia Gdańsk,Górnik Łęczna,3,0,H,3,0,3,3
2016/2017,2016-12-02,17:00,Bruk-Bet Termalica Nieciecza,Zagłębie Lubin,0,1,A,0,3,1,-1
2016/2017,2016-12-02,19:30,Legia Warszawa,Wisła Płock,2,2,D,1,1,4,0
2016/2017,2016-12-03,14:30,Piast Gliwice,Korona Kielce,1,0,H,3,0,1,1
2016/2017,2016-12-03,17:00,Śląsk Wrocław,Pogoń Szczecin,1,1,D,1,1,2,0
2016/2017,2016-12-03,19:30,Wisła Kraków,Lechia Gdańsk,3,0,H,3,0,3,3
2016/2017,2016-12-04,14:30,Cracovia,Górnik Łęczna,1,1,D,1,1,2,0
2016/2017,2016-12-04,17:00,Jagiellonia Białystok,Lech Poznań,2,1,H,3,0,3,1
2016/2017,2016-12-05,17:00,Ruch Chorzów,Arka Gdynia,1,2,A,0,3,3,-1
2016/2017,2016-12-09,17:00,Pogoń Szczecin,Zagłębie Lubin,1,1,D,1,1,2,0
2016/2017,2016-12-09,19:30,Lechia Gdańsk,Śląsk Wrocław,3,0,H,3,0,3,3
2016/2017,2016-12-10,14:30,Górnik Łęczna,Bruk-Bet Termalica Nieciecza,3,0,H,3,0,3,3
2016/2017,2016-12-10,17:00,Wisła Płock,Ruch Chorzów,4,3,H,3,0,7,1
2016/2017,2016-12-10,19:30,Wisła Kraków,Cracovia,1,1,D,1,1,2,0
2016/2017,2016-12-11,14:30,Lech Poznań,Korona Kielce,1,0,H,3,0,1,1
2016/2017,2016-12-11,17:00,Piast Gliwice,Legia Warszawa,1,5,A,0,3,6,-4
2016/2017,2016-12-12,17:00,Arka Gdynia,Jagiellonia Białystok,2,3,A,0,3,5,-1
2016/2017,2016-12-16,17:00,Bruk-Bet Termalica Nieciecza,Pogoń Szczecin,2,0,H,3,0,2,2
2016/2017,2016-12-16,19:30,Ruch Chorzów,Wisła Kraków,1,0,H,3,0,1,1
2016/2017,2016-12-17,14:30,Korona Kielce,Lechia Gdańsk,2,0,H,3,0,2,2
2016/2017,2016-12-17,17:00,Jagiellonia Białystok,Wisła Płock,1,2,A,0,3,3,-1
2016/2017,2016-12-17,19:30,Cracovia,Lech Poznań,1,1,D,1,1,2,0
2016/2017,2016-12-18,14:30,Śląsk Wrocław,Arka Gdynia,0,2,A,0,3,2,-2
2016/2017,2016-12-18,17:00,Legia Warszawa,Górnik Łęczna,5,0,H,3,0,5,5
2016/2017,2016-12-19,17:00,Zagłębie Lubin,Piast Gliwice,2,1,H,3,0,3,1
2016/2017,2017-02-10,17:00,Ruch Chorzów,Cracovia,0,1,A,0,3,1,-1
2016/2017,2017-02-10,19:30,Lech Poznań,Bruk-Bet Termalica Nieciecza,3,0,H,3,0,3,3
2016/2017,2017-02-11,17:00,Wisła Kraków,Korona Kielce,2,0,H,3,0,2,2
2016/2017,2017-02-11,19:30,Arka Gdynia,Legia Warszawa,0,1,A,0,3,1,-1
2016/2017,2017-02-12,14:30,Wisła Płock,Śląsk Wrocław,1,1,D,1,1,2,0
2016/2017,2017-02-12,17:00,Lechia Gdańsk,Jagiellonia Białystok,3,0,H,3,0,3,3
2016/2017,2017-02-13,17:00,Pogoń Szczecin,Piast Gliwice,2,1,H,3,0,3,1
2016/2017,2017-02-17,17:00,Jagiellonia Białystok,Górnik Łęczna,5,0,H,3,0,5,5
2016/2017,2017-02-17,19:30,Bruk-Bet Termalica Nieciecza,Lechia Gdańsk,1,1,D,1,1,2,0
2016/2017,2017-02-18,14:30,Korona Kielce,Wisła Płock,4,2,H,3,0,6,2
2016/2017,2017-02-18,17:00,Śląsk Wrocław,Wisła Kraków,1,0,H,3,0,1,1
2016/2017,2017-02-18,19:30,Piast Gliwice,Lech Poznań,0,3,A,0,3,3,-3
2016/2017,2017-02-19,14:30,Cracovia,Pogoń Szczecin,1,1,D,1,1,2,0
2016/2017,2017-02-19,17:00,Legia Warszawa,Ruch Chorzów,1,3,A,0,3,4,-2
2016/2017,2017-02-20,17:00,Zagłębie Lubin,Arka Gdynia,1,0,H,3,0,1,1
2016/2017,2017-02-24,17:00,Arka Gdynia,Korona Kielce,4,1,H,3,0,5,3
2016/2017,2017-02-24,19:30,Pogoń Szczecin,Lech Poznań,0,3,A,0,3,3,-3
2016/2017,2017-02-25,14:30,Wisła Płock,Zagłębie Lubin,2,1,H,3,0,3,1
2016/2017,2017-02-25,17:00,Lechia Gdańsk,Cracovia,4,2,H,3,0,6,2
2016/2017,2017-02-25,19:30,Wisła Kraków,Jagiellonia Białystok,3,1,H,3,0,4,2
2016/2017,2017-02-26,14:30,Górnik Łęczna,Piast Gliwice,1,0,H,3,0,1,1
2016/2017,2017-02-26,17:00,Legia Warszawa,Bruk-Bet Termalica Nieciecza,1,1,D,1,1,2,0
2016/2017,2017-02-27,17:00,Ruch Chorzów,Śląsk Wrocław,2,0,H,3,0,2,2
2016/2017,2017-03-03,17:00,Korona Kielce,Górnik Łęczna,2,1,H,3,0,3,1
2016/2017,2017-03-03,19:30,Zagłębie Lubin,Legia Warszawa,1,3,A,0,3,4,-2
2016/2017,2017-03-04,14:30,Cracovia,Arka Gdynia,1,1,D,1,1,2,0
2016/2017,2017-03-04,17:00,Bruk-Bet Termalica Nieciecza,Ruch Chorzów,0,0,D,1,1,0,0
2016/2017,2017-03-04,19:30,Piast Gliwice,Wisła Kraków,1,2,A,0,3,3,-1
2016/2017,2017-03-05,14:30,Jagiellonia Białystok,Śląsk Wrocław,4,1,H,3,0,5,3
2016/2017,2017-03-05,17:00,Lech Poznań,Lechia Gdańsk,1,0,H,3,0,1,1
2016/2017,2017-03-06,17:00,Pogoń Szczecin,Wisła Płock,1,1,D,1,1,2,0
2016/2017,2017-03-07,17:00,Górnik Łęczna,Zagłębie Lubin,0,1,A,0,3,1,-1
2016/2017,2017-03-10,17:10,Śląsk Wrocław,Piast Gliwice,3,4,A,0,3,7,-1
2016/2017,2017-03-10,19:30,Arka Gdynia,Lech Poznań,1,4,A,0,3,5,-3
2016/2017,2017-03-11,14:30,Wisła Płock,Bruk-Bet Termalica Nieciecza,1,0,H,3,0,1,1
2016/2017,2017-03-11,17:00,Ruch Chorzów,Lechia Gdańsk,2,1,H,3,0,3,1
2016/2017,2017-03-11,19:30,Jagiellonia Białystok,Korona Kielce,4,1,H,3,0,5,3
2016/2017,2017-03-12,14:30,Górnik Łęczna,Pogoń Szczecin,2,2,D,1,1,4,0
2016/2017,2017-03-12,17:00,Legia Warszawa,Wisła Kraków,1,0,H,3,0,1,1
2016/2017,2017-03-13,17:00,Cracovia,Zagłębie Lubin,1,1,D,1,1,2,0
2016/2017,2017-03-17,17:00,Bruk-Bet Termalica Nieciecza,Śląsk Wrocław,1,2,A,0,3,3,-1
2016/2017,2017-03-17,19:30,Wisła Kraków,Wisła Płock,3,2,H,3,0,5,1
2016/2017,2017-03-18,14:30,Piast Gliwice,Arka Gdynia,3,2,H,3,0,5,1
2016/2017,2017-03-18,17:00,Zagłębie Lubin,Ruch Chorzów,0,1,A,0,3,1,-1
2016/2017,2017-03-18,19:30,Pogoń Szczecin,Jagiellonia Białystok,0,0,D,1,1,0,0
2016/2017,2017-03-19,14:30,Korona Kielce,Cracovia,3,0,H,3,0,3,3
2016/2017,2017-03-19,14:30,Lech Poznań,Górnik Łęczna,0,0,D,1,1,0,0
2016/2017,2017-03-19,17:00,Lechia Gdańsk,Legia Warszawa,1,2,A,0,3,3,-1
2016/2017,2017-03-31,17:00,Śląsk Wrocław,Korona Kielce,3,0,H,3,0,3,3
2016/2017,2017-03-31,19:30,Wisła Kraków,Lech Poznań,0,0,D,1,1,0,0
2016/2017,2017-04-01,14:30,Arka Gdynia,Górnik Łęczna,2,4,A,0,3,6,-2
2016/2017,2017-04-01,17:00,Wisła Płock,Cracovia,4,1,H,3,0,5,3
2016/2017,2017-04-01,19:30,Legia Warszawa,Pogoń Szczecin,2,0,H,3,0,2,2
2016/2017,2017-04-02,14:30,Jagiellonia Białystok,Bruk-Bet Termalica Nieciecza,1,0,H,3,0,1,1
2016/2017,2017-04-02,17:00,Lechia Gdańsk,Zagłębie Lubin,1,0,H,3,0,1,1
2016/2017,2017-04-03,17:00,Ruch Chorzów,Piast Gliwice,0,0,D,1,1,0,0
2016/2017,2017-04-07,17:00,Cracovia,Śląsk Wrocław,1,0,H,3,0,1,1
2016/2017,2017-04-07,19:30,Zagłębie Lubin,Jagiellonia Białystok,3,4,A,0,3,7,-1
2016/2017,2017-04-08,14:30,Górnik Łęczna,Wisła Płock,2,3,A,0,3,5,-1
2016/2017,2017-04-08,17:00,Pogoń Szczecin,Arka Gdynia,5,1,H,3,0,6,4
2016/2017,2017-04-08,19:30,Bruk-Bet Termalica Nieciecza,Wisła Kraków,2,3,A,0,3,5,-1
2016/2017,2017-04-09,14:30,Piast Gliwice,Lechia Gdańsk,1,1,D,1,1,2,0
2016/2017,2017-04-09,17:00,Lech Poznań,Legia Warszawa,1,2,A,0,3,3,-1
2016/2017,2017-04-10,17:00,Korona Kielce,Ruch Chorzów,1,0,H,3,0,1,1
2016/2017,2017-04-15,14:30,Ruch Chorzów,Pogoń Szczecin,1,2,A,0,3,3,-1
2016/2017,2017-04-15,14:30,Śląsk Wrocław,Górnik Łęczna,2,2,D,1,1,4,0
2016/2017,2017-04-15,17:00,Jagiellonia Białystok,Cracovia,0,0,D,1,1,0,0
2016/2017,2017-04-15,19:30,Wisła Płock,Lech Poznań,0,3,A,0,3,3,-3
2016/2017,2017-04-17,14:30,Legia Warszawa,Korona Kielce,0,0,D,1,1,0,0
2016/2017,2017-04-17,14:30,Bruk-Bet Termalica Nieciecza,Piast Gliwice,1,0,H,3,0,1,1
2016/2017,2017-04-17,17:00,Lechia Gdańsk,Arka Gdynia,2,1,H,3,0,3,1
2016/2017,2017-04-17,17:00,Wisła Kraków,Zagłębie Lubin,1,0,H,3,0,1,1
2016/2017,2017-04-22,17:00,Arka Gdynia,Wisła Płock,1,1,D,1,1,2,0
2016/2017,2017-04-22,17:00,Cracovia,Legia Warszawa,1,2,A,0,3,3,-1
2016/2017,2017-04-22,17:00,Korona Kielce,Bruk-Bet Termalica Nieciecza,0,1,A,0,3,1,-1
2016/2017,2017-04-22,17:00,Lech Poznań,Ruch Chorzów,3,0,H,3,0,3,3
2016/2017,2017-04-22,17:00,Górnik Łęczna,Wisła Kraków,3,1,H,3,0,4,2
2016/2017,2017-04-22,17:00,Piast Gliwice,Jagiellonia Białystok,0,1,A,0,3,1,-1
2016/2017,2017-04-22,17:00,Pogoń Szczecin,Lechia Gdańsk,3,1,H,3,0,4,2
2016/2017,2017-04-22,17:00,Zagłębie Lubin,Śląsk Wrocław,1,1,D,1,1,2,0
2016/2017,2017-04-28,17:00,Arka Gdynia,Piast Gliwice,1,1,D,1,1,2,0
2016/2017,2017-04-28,19:30,Lech Poznań,Korona Kielce,3,2,H,3,0,5,1
2016/2017,2017-04-29,14:30,Wisła Płock,Ruch Chorzów,1,1,D,1,1,2,0
2016/2017,2017-04-29,17:00,Śląsk Wrocław,Górnik Łęczna,0,2,A,0,3,2,-2
2016/2017,2017-04-29,19:30,Lechia Gdańsk,Bruk-Bet Termalica Nieciecza,2,0,H,3,0,2,2
2016/2017,2017-04-30,14:30,Jagiellonia Białystok,Pogoń Szczecin,1,0,H,3,0,1,1
2016/2017,2017-04-30,17:00,Legia Warszawa,Wisła Kraków,1,1,D,1,1,2,0
2016/2017,2017-05-01,17:00,Zagłębie Lubin,Cracovia,2,2,D,1,1,4,0
2016/2017,2017-05-05,17:00,Ruch Chorzów,Zagłębie Lubin,1,1,D,1,1,2,0
2016/2017,2017-05-05,19:30,Korona Kielce,Jagiellonia Białystok,1,1,D,1,1,2,0
2016/2017,2017-05-06,14:30,Piast Gliwice,Śląsk Wrocław,2,0,H,3,0,2,2
2016/2017,2017-05-06,17:00,Górnik Łęczna,Wisła Płock,2,3,A,0,3,5,-1
2016/2017,2017-05-06,19:30,Wisła Kraków,Lechia Gdańsk,0,1,A,0,3,1,-1
2016/2017,2017-05-07,14:30,Bruk-Bet Termalica Nieciecza,Lech Poznań,0,3,A,0,3,3,-3
2016/2017,2017-05-07,17:00,Pogoń Szczecin,Legia Warszawa,0,2,A,0,3,2,-2
2016/2017,2017-05-08,17:00,Cracovia,Arka Gdynia,2,0,H,3,0,2,2
2016/2017,2017-05-12,17:00,Zagłębie Lubin,Piast Gliwice,3,1,H,3,0,4,2
2016/2017,2017-05-12,19:30,Arka Gdynia,Górnik Łęczna,1,0,H,3,0,1,1
2016/2017,2017-05-13,14:30,Jagiellonia Białystok,Wisła Kraków,2,0,H,3,0,2,2
2016/2017,2017-05-13,17:00,Śląsk Wrocław,Ruch Chorzów,6,0,H,3,0,6,6
2016/2017,2017-05-13,19:30,Wisła Płock,Cracovia,1,1,D,1,1,2,0
2016/2017,2017-05-14,14:30,Lech Poznań,Pogoń Szczecin,2,0,H,3,0,2,2
2016/2017,2017-05-14,14:30,Lechia Gdańsk,Korona Kielce,0,0,D,1,1,0,0
2016/2017,2017-05-14,17:00,Legia Warszawa,Bruk-Bet Termalica Nieciecza,6,0,H,3,0,6,6
2016/2017,2017-05-16,17:00,Arka Gdynia,Wisła Płock,0,1,A,0,3,1,-1
2016/2017,2017-05-16,17:00,Górnik Łęczna,Cracovia,3,0,H,3,0,3,3
2016/2017,2017-05-16,19:30,Ruch Chorzów,Piast Gliwice,0,3,A,0,3,3,-3
2016/2017,2017-05-16,19:30,Zagłębie Lubin,Śląsk Wrocław,2,0,H,3,0,2,2
2016/2017,2017-05-17,17:00,Korona Kielce,Wisła Kraków,3,2,H,3,0,5,1
2016/2017,2017-05-17,17:00,Lechia Gdańsk,Jagiellonia Białystok,4,0,H,3,0,4,4
2016/2017,2017-05-17,19:30,Legia Warszawa,Lech Poznań,2,0,H,3,0,2,2
2016/2017,2017-05-17,19:30,Pogoń Szczecin,Bruk-Bet Termalica Nieciecza,1,1,D,1,1,2,0
2016/2017,2017-05-19,17:00,Śląsk Wrocław,Arka Gdynia,4,1,H,3,0,5,3
2016/2017,2017-05-19,19:30,Cracovia,Ruch Chorzów,2,0,H,3,0,2,2
2016/2017,2017-05-20,14:30,Wisła Płock,Zagłębie Lubin,1,2,A,0,3,3,-1
2016/2017,2017-05-20,17:00,Piast Gliwice,Górnik Łęczna,2,1,H,3,0,3,1
2016/2017,2017-05-20,19:30,Wisła Kraków,Pogoń Szczecin,4,0,H,3,0,4,4
2016/2017,2017-05-21,14:30,Lech Poznań,Lechia Gdańsk,0,0,D,1,1,0,0
2016/2017,2017-05-21,17:00,Jagiellonia Białystok,Legia Warszawa,0,0,D,1,1,0,0
2016/2017,2017-05-22,17:00,Bruk-Bet Termalica Nieciecza,Korona Kielce,0,2,A,0,3,2,-2
2016/2017,2017-05-27,17:00,Arka Gdynia,Ruch Chorzów,1,1,D,1,1,2,0
2016/2017,2017-05-27,17:00,Górnik Łęczna,Zagłębie Lubin,1,3,A,0,3,4,-2
2016/2017,2017-05-27,17:00,Piast Gliwice,Wisła Płock,4,0,H,3,0,4,4
2016/2017,2017-05-27,17:00,Śląsk Wrocław,Cracovia,2,0,H,3,0,2,2
2016/2017,2017-05-28,17:00,Korona Kielce,Legia Warszawa,0,1,A,0,3,1,-1
2016/2017,2017-05-28,17:00,Lech Poznań,Wisła Kraków,2,1,H,3,0,3,1
2016/2017,2017-05-28,17:00,Lechia Gdańsk,Pogoń Szczecin,4,0,H,3,0,4,4
2016/2017,2017-05-28,17:00,Bruk-Bet Termalica Nieciecza,Jagiellonia Białystok,1,2,A,0,3,3,-1
2016/2017,2017-06-02,19:30,Cracovia,Piast Gliwice,0,1,A,0,3,1,-1
2016/2017,2017-06-02,19:30,Wisła Płock,Śląsk Wrocław,0,3,A,0,3,3,-3
2016/2017,2017-06-02,19:30,Ruch Chorzów,Górnik Łęczna,2,2,D,1,1,4,0
2016/2017,2017-06-02,19:30,Zagłębie Lubin,Arka Gdynia,1,3,A,0,3,4,-2
2016/2017,2017-06-04,17:00,Jagiellonia Białystok,Lech Poznań,2,2,D,1,1,4,0
2016/2017,2017-06-04,17:00,Legia Warszawa,Lechia Gdańsk,0,0,D,1,1,0,0
2016/2017,2017-06-04,17:00,Pogoń Szczecin,Korona Kielce,3,0,H,3,0,3,3
2016/2017,2017-06-04,17:00,Wisła Kraków,Bruk-Bet Termalica Nieciecza,1,2,A,0,3,3,-1
2017/2018,2017-07-14,17:00,Wisła Płock,Lechia Gdańsk,0,2,A,0,3,2,-2
2017/2018,2017-07-14,19:30,Pogoń Szczecin,Wisła Kraków,1,2,A,0,3,3,-1
2017/2018,2017-07-15,17:00,Cracovia,Piast Gliwice,1,1,D,1,1,2,0
2017/2018,2017-07-15,19:30,Górnik Zabrze,Legia Warszawa,3,1,H,3,0,4,2
2017/2018,2017-07-16,14:30,Arka Gdynia,Śląsk Wrocław,2,0,H,3,0,2,2
2017/2018,2017-07-16,14:30,Bruk-Bet Termalica Nieciecza,Jagiellonia Białystok,0,1,A,0,3,1,-1
2017/2018,2017-07-16,17:00,Lech Poznań,Sandecja Nowy Sącz,0,0,D,1,1,0,0
2017/2018,2017-07-17,17:00,Korona Kielce,Zagłębie Lubin,0,1,A,0,3,1,-1
2017/2018,2017-07-21,17:00,Sandecja Nowy Sącz,Arka Gdynia,0,0,D,1,1,0,0
2017/2018,2017-07-21,19:30,Wisła Kraków,Bruk-Bet Termalica Nieciecza,1,0,H,3,0,1,1
2017/2018,2017-07-22,14:30,Piast Gliwice,Pogoń Szczecin,1,2,A,0,3,3,-1
2017/2018,2017-07-22,17:00,Lechia Gdańsk,Cracovia,0,1,A,0,3,1,-1
2017/2018,2017-07-22,19:30,Legia Warszawa,Korona Kielce,1,1,D,1,1,2,0
2017/2018,2017-07-23,14:30,Wisła Płock,Lech Poznań,1,0,H,3,0,1,1
2017/2018,2017-07-23,17:00,Jagiellonia Białystok,Górnik Zabrze,2,1,H,3,0,3,1
2017/2018,2017-07-24,17:00,Zagłębie Lubin,Śląsk Wrocław,1,0,H,3,0,1,1
2017/2018,2017-07-28,17:00,Bruk-Bet Termalica Nieciecza,Zagłębie Lubin,1,1,D,1,1,2,0
2017/2018,2017-07-28,19:30,Śląsk Wrocław,Lechia Gdańsk,3,2,H,3,0,5,1
2017/2018,2017-07-29,17:00,Legia Warszawa,Sandecja Nowy Sącz,2,0,H,3,0,2,2
2017/2018,2017-07-29,19:30,Górnik Zabrze,Wisła Kraków,3,2,H,3,0,5,1
2017/2018,2017-07-30,14:30,Arka Gdynia,Wisła Płock,1,1,D,1,1,2,0
2017/2018,2017-07-30,14:30,Pogoń Szczecin,Jagiellonia Białystok,0,1,A,0,3,1,-1
2017/2018,2017-07-30,17:00,Lech Poznań,Piast Gliwice,5,1,H,3,0,6,4
2017/2018,2017-07-31,17:00,Korona Kielce,Cracovia,4,2,H,3,0,6,2
2017/2018,2017-08-04,17:00,Piast Gliwice,Śląsk Wrocław,1,1,D,1,1,2,0
2017/2018,2017-08-04,19:30,Wisła Płock,Wisła Kraków,0,1,A,0,3,1,-1
2017/2018,2017-08-05,14:30,Lechia Gdańsk,Górnik Zabrze,1,1,D,1,1,2,0
2017/2018,2017-08-05,17:00,Zagłębie Lubin,Pogoń Szczecin,3,0,H,3,0,3,3
2017/2018,2017-08-05,19:30,Bruk-Bet Termalica Nieciecza,Legia Warszawa,1,0,H,3,0,1,1
2017/2018,2017-08-06,14:30,Jagiellonia Białystok,Sandecja Nowy Sącz,1,3,A,0,3,4,-2
2017/2018,2017-08-06,17:00,Cracovia,Lech Poznań,0,2,A,0,3,2,-2
2017/2018,2017-08-07,17:00,Arka Gdynia,Korona Kielce,0,0,D,1,1,0,0
2017/2018,2017-08-11,19:30,Legia Warszawa,Piast Gliwice,3,1,H,3,0,4,2
2017/2018,2017-08-12,14:30,Sandecja Nowy Sącz,Wisła Płock,0,1,A,0,3,1,-1
2017/2018,2017-08-12,17:00,Lech Poznań,Zagłębie Lubin,1,1,D,1,1,2,0
2017/2018,2017-08-12,19:30,Wisła Kraków,Cracovia,2,1,H,3,0,3,1
2017/2018,2017-08-13,14:30,Górnik Zabrze,Arka Gdynia,1,1,D,1,1,2,0
2017/2018,2017-08-13,17:00,Korona Kielce,Jagiellonia Białystok,2,3,A,0,3,5,-1
2017/2018,2017-08-14,17:00,Pogoń Szczecin,Lechia Gdańsk,0,0,D,1,1,0,0
2017/2018,2017-08-15,14:30,Śląsk Wrocław,Bruk-Bet Termalica Nieciecza,1,1,D,1,1,2,0
2017/2018,2017-08-18,17:00,Lechia Gdańsk,Sandecja Nowy Sącz,2,3,A,0,3,5,-1
2017/2018,2017-08-18,19:30,Cracovia,Górnik Zabrze,3,3,D,1,1,6,0
2017/2018,2017-08-19,14:30,Arka Gdynia,Pogoń Szczecin,0,3,A,0,3,3,-3
2017/2018,2017-08-19,17:00,Piast Gliwice,Korona Kielce,2,0,H,3,0,2,2
2017/2018,2017-08-19,19:30,Jagiellonia Białystok,Śląsk Wrocław,1,1,D,1,1,2,0
2017/2018,2017-08-20,14:30,Wisła Płock,Legia Warszawa,0,1,A,0,3,1,-1
2017/2018,2017-08-20,17:00,Bruk-Bet Termalica Nieciecza,Lech Poznań,1,3,A,0,3,4,-2
2017/2018,2017-08-21,17:00,Zagłębie Lubin,Wisła Kraków,3,0,H,3,0,3,3
2017/2018,2017-08-25,17:00,Górnik Zabrze,Wisła Płock,4,0,H,3,0,4,4
2017/2018,2017-08-25,19:30,Śląsk Wrocław,Cracovia,2,1,H,3,0,3,1
2017/2018,2017-08-26,14:30,Korona Kielce,Bruk-Bet Termalica Nieciecza,2,1,H,3,0,3,1
2017/2018,2017-08-26,17:00,Jagiellonia Białystok,Piast Gliwice,0,1,A,0,3,1,-1
2017/2018,2017-08-26,19:30,Wisła Kraków,Lechia Gdańsk,1,1,D,1,1,2,0
2017/2018,2017-08-27,14:30,Lech Poznań,Arka Gdynia,3,0,H,3,0,3,3
2017/2018,2017-08-27,14:30,Sandecja Nowy Sącz,Pogoń Szczecin,2,1,H,3,0,3,1
2017/2018,2017-08-27,17:00,Legia Warszawa,Zagłębie Lubin,2,1,H,3,0,3,1
2017/2018,2017-09-08,17:00,Zagłębie Lubin,Wisła Płock,2,2,D,1,1,4,0
2017/2018,2017-09-08,19:30,Arka Gdynia,Wisła Kraków,3,1,H,3,0,4,2
2017/2018,2017-09-09,14:30,Korona Kielce,Sandecja Nowy Sącz,1,0,H,3,0,1,1
2017/2018,2017-09-09,17:00,Śląsk Wrocław,Legia Warszawa,2,1,H,3,0,3,1
2017/2018,2017-09-09,19:30,Cracovia,Jagiellonia Białystok,1,1,D,1,1,2,0
2017/2018,2017-09-10,14:30,Bruk-Bet Termalica Nieciecza,Górnik Zabrze,1,2,A,0,3,3,-1
2017/2018,2017-09-10,17:00,Pogoń Szczecin,Lech Poznań,0,0,D,1,1,0,0
2017/2018,2017-09-11,17:00,Piast Gliwice,Lechia Gdańsk,1,2,A,0,3,3,-1
2017/2018,2017-09-15,17:00,Arka Gdynia,Zagłębie Lubin,1,1,D,1,1,2,0
2017/2018,2017-09-15,19:30,Lech Poznań,Korona Kielce,1,0,H,3,0,1,1
2017/2018,2017-09-16,14:30,Wisła Płock,Pogoń Szczecin,3,1,H,3,0,4,2
2017/2018,2017-09-16,17:00,Górnik Zabrze,Śląsk Wrocław,2,2,D,1,1,4,0
2017/2018,2017-09-16,19:30,Wisła Kraków,Piast Gliwice,2,0,H,3,0,2,2
2017/2018,2017-09-17,14:30,Sandecja Nowy Sącz,Bruk-Bet Termalica Nieciecza,1,0,H,3,0,1,1
2017/2018,2017-09-17,17:00,Legia Warszawa,Cracovia,1,0,H,3,0,1,1
2017/2018,2017-09-18,17:00,Lechia Gdańsk,Jagiellonia Białystok,3,3,D,1,1,6,0
2017/2018,2017-09-22,17:00,Piast Gliwice,Arka Gdynia,0,1,A,0,3,1,-1
2017/2018,2017-09-22,19:30,Śląsk Wrocław,Lech Poznań,2,0,H,3,0,2,2
2017/2018,2017-09-23,14:30,Bruk-Bet Termalica Nieciecza,Lechia Gdańsk,2,1,H,3,0,3,1
2017/2018,2017-09-23,17:00,Pogoń Szczecin,Górnik Zabrze,1,2,A,0,3,3,-1
2017/2018,2017-09-23,19:30,Korona Kielce,Wisła Kraków,2,1,H,3,0,3,1
2017/2018,2017-09-24,14:30,Zagłębie Lubin,Sandecja Nowy Sącz,1,0,H,3,0,1,1
2017/2018,2017-09-24,17:00,Jagiellonia Białystok,Legia Warszawa,1,0,H,3,0,1,1
2017/2018,2017-09-25,17:00,Cracovia,Wisła Płock,1,3,A,0,3,4,-2
2017/2018,2017-09-29,17:00,Sandecja Nowy Sącz,Śląsk Wrocław,1,1,D,1,1,2,0
2017/2018,2017-09-29,19:30,Arka Gdynia,Cracovia,1,1,D,1,1,2,0
2017/2018,2017-09-30,14:30,Lechia Gdańsk,Zagłębie Lubin,1,0,H,3,0,1,1
2017/2018,2017-09-30,17:00,Pogoń Szczecin,Korona Kielce,0,0,D,1,1,0,0
2017/2018,2017-09-30,19:30,Wisła Kraków,Jagiellonia Białystok,0,0,D,1,1,0,0
2017/2018,2017-10-01,14:30,Górnik Zabrze,Piast Gliwice,1,0,H,3,0,1,1
2017/2018,2017-10-01,14:30,Wisła Płock,Bruk-Bet Termalica Nieciecza,1,0,H,3,0,1,1
2017/2018,2017-10-01,17:00,Lech Poznań,Legia Warszawa,3,0,H,3,0,3,3
2017/2018,2017-10-13,17:00,Korona Kielce,Wisła Płock,2,0,H,3,0,2,2
2017/2018,2017-10-13,19:30,Jagiellonia Białystok,Lech Poznań,1,1,D,1,1,2,0
2017/2018,2017-10-14,14:30,Piast Gliwice,Sandecja Nowy Sącz,2,2,D,1,1,4,0
2017/2018,2017-10-14,17:00,Bruk-Bet Termalica Nieciecza,Arka Gdynia,1,1,D,1,1,2,0
2017/2018,2017-10-14,19:30,Śląsk Wrocław,Wisła Kraków,0,2,A,0,3,2,-2
2017/2018,2017-10-15,14:30,Zagłębie Lubin,Górnik Zabrze,3,2,H,3,0,5,1
2017/2018,2017-10-15,17:00,Legia Warszawa,Lechia Gdańsk,1,0,H,3,0,1,1
2017/2018,2017-10-16,17:00,Cracovia,Pogoń Szczecin,3,0,H,3,0,3,3
2017/2018,2017-10-20,17:00,Zagłębie Lubin,Piast Gliwice,2,2,D,1,1,4,0
2017/2018,2017-10-20,19:30,Górnik Zabrze,Korona Kielce,3,3,D,1,1,6,0
2017/2018,2017-10-21,14:30,Sandecja Nowy Sącz,Cracovia,1,1,D,1,1,2,0
2017/2018,2017-10-21,17:00,Pogoń Szczecin,Bruk-Bet Termalica Nieciecza,2,3,A,0,3,5,-1
2017/2018,2017-10-21,19:30,Lechia Gdańsk,Lech Poznań,3,3,D,1,1,6,0
2017/2018,2017-10-22,14:30,Arka Gdynia,Jagiellonia Białystok,4,1,H,3,0,5,3
2017/2018,2017-10-22,17:00,Wisła Kraków,Legia Warszawa,0,1,A,0,3,1,-1
2017/2018,2017-10-23,17:00,Wisła Płock,Śląsk Wrocław,4,1,H,3,0,5,3
2017/2018,2017-10-27,17:00,Śląsk Wrocław,Pogoń Szczecin,3,0,H,3,0,3,3
2017/2018,2017-10-27,19:30,Lech Poznań,Wisła Kraków,1,1,D,1,1,2,0
2017/2018,2017-10-28,14:30,Piast Gliwice,Wisła Płock,2,1,H,3,0,3,1
2017/2018,2017-10-28,17:00,Cracovia,Bruk-Bet Termalica Nieciecza,1,1,D,1,1,2,0
2017/2018,2017-10-28,19:30,Sandecja Nowy Sącz,Górnik Zabrze,1,2,A,0,3,3,-1
2017/2018,2017-10-29,14:30,Jagiellonia Białystok,Zagłębie Lubin,3,1,H,3,0,4,2
2017/2018,2017-10-29,17:00,Legia Warszawa,Arka Gdynia,2,0,H,3,0,2,2
2017/2018,2017-10-30,17:00,Lechia Gdańsk,Korona Kielce,0,5,A,0,3,5,-5
2017/2018,2017-11-03,17:00,Korona Kielce,Śląsk Wrocław,3,0,H,3,0,3,3
2017/2018,2017-11-03,19:30,Arka Gdynia,Lechia Gdańsk,0,1,A,0,3,1,-1
2017/2018,2017-11-04,14:30,Wisła Płock,Jagiellonia Białystok,1,2,A,0,3,3,-1
2017/2018,2017-11-04,17:00,Wisła Kraków,Sandecja Nowy Sącz,3,0,H,3,0,3,3
2017/2018,2017-11-04,19:30,Górnik Zabrze,Lech Poznań,3,1,H,3,0,4,2
2017/2018,2017-11-05,14:30,Bruk-Bet Termalica Nieciecza,Piast Gliwice,2,1,H,3,0,3,1
2017/2018,2017-11-05,14:30,Zagłębie Lubin,Cracovia,1,2,A,0,3,3,-1
2017/2018,2017-11-05,17:00,Pogoń Szczecin,Legia Warszawa,1,3,A,0,3,4,-2
2017/2018,2017-11-17,17:00,Jagiellonia Białystok,Bruk-Bet Termalica Nieciecza,0,0,D,1,1,0,0
2017/2018,2017-11-17,19:30,Wisła Kraków,Pogoń Szczecin,1,0,H,3,0,1,1
2017/2018,2017-11-18,14:30,Piast Gliwice,Cracovia,1,0,H,3,0,1,1
2017/2018,2017-11-18,17:00,Sandecja Nowy Sącz,Lech Poznań,0,0,D,1,1,0,0
2017/2018,2017-11-18,19:30,Lechia Gdańsk,Wisła Płock,3,0,H,3,0,3,3
2017/2018,2017-11-19,14:30,Śląsk Wrocław,Arka Gdynia,1,2,A,0,3,3,-1
2017/2018,2017-11-19,17:00,Legia Warszawa,Górnik Zabrze,1,0,H,3,0,1,1
2017/2018,2017-11-20,17:00,Zagłębie Lubin,Korona Kielce,0,0,D,1,1,0,0
2017/2018,2017-11-24,17:00,Cracovia,Lechia Gdańsk,2,1,H,3,0,3,1
2017/2018,2017-11-24,19:30,Górnik Zabrze,Jagiellonia Białystok,3,1,H,3,0,4,2
2017/2018,2017-11-25,15:00,Pogoń Szczecin,Piast Gliwice,2,2,D,1,1,4,0
2017/2018,2017-11-25,17:00,Arka Gdynia,Sandecja Nowy Sącz,5,0,H,3,0,5,5
2017/2018,2017-11-25,19:30,Korona Kielce,Legia Warszawa,3,2,H,3,0,5,1
2017/2018,2017-11-26,14:30,Lech Poznań,Wisła Płock,2,1,H,3,0,3,1
2017/2018,2017-11-26,17:00,Śląsk Wrocław,Zagłębie Lubin,1,0,H,3,0,1,1
2017/2018,2017-11-27,17:00,Bruk-Bet Termalica Nieciecza,Wisła Kraków,3,3,D,1,1,6,0
2017/2018,2017-12-01,17:00,Jagiellonia Białystok,Pogoń Szczecin,1,0,H,3,0,1,1
2017/2018,2017-12-01,19:30,Lechia Gdańsk,Śląsk Wrocław,3,1,H,3,0,4,2
2017/2018,2017-12-02,14:30,Wisła Płock,Arka Gdynia,2,0,H,3,0,2,2
2017/2018,2017-12-02,17:00,Zagłębie Lubin,Bruk-Bet Termalica Nieciecza,4,2,H,3,0,6,2
2017/2018,2017-12-02,19:30,Sandecja Nowy Sącz,Legia Warszawa,2,2,D,1,1,4,0
2017/2018,2017-12-03,14:30,Piast Gliwice,Lech Poznań,0,0,D,1,1,0,0
2017/2018,2017-12-03,17:00,Wisła Kraków,Górnik Zabrze,2,3,A,0,3,5,-1
2017/2018,2017-12-04,17:00,Cracovia,Korona Kielce,2,2,D,1,1,4,0
2017/2018,2017-12-08,17:00,Sandecja Nowy Sącz,Jagiellonia Białystok,0,1,A,0,3,1,-1
2017/2018,2017-12-08,19:30,Górnik Zabrze,Lechia Gdańsk,1,1,D,1,1,2,0
2017/2018,2017-12-09,14:30,Śląsk Wrocław,Piast Gliwice,2,2,D,1,1,4,0
2017/2018,2017-12-09,17:00,Korona Kielce,Arka Gdynia,0,3,A,0,3,3,-3
2017/2018,2017-12-09,19:30,Legia Warszawa,Bruk-Bet Termalica Nieciecza,3,0,H,3,0,3,3
2017/2018,2017-12-10,14:30,Pogoń Szczecin,Zagłębie Lubin,3,3,D,1,1,6,0
2017/2018,2017-12-10,14:30,Wisła Kraków,Wisła Płock,0,1,A,0,3,1,-1
2017/2018,2017-12-10,17:00,Lech Poznań,Cracovia,1,0,H,3,0,1,1
2017/2018,2017-12-12,17:00,Jagiellonia Białystok,Korona Kielce,5,1,H,3,0,6,4
2017/2018,2017-12-12,17:00,Piast Gliwice,Legia Warszawa,0,1,A,0,3,1,-1
2017/2018,2017-12-12,19:30,Arka Gdynia,Górnik Zabrze,1,0,H,3,0,1,1
2017/2018,2017-12-12,19:30,Bruk-Bet Termalica Nieciecza,Śląsk Wrocław,2,1,H,3,0,3,1
2017/2018,2017-12-13,17:00,Lechia Gdańsk,Pogoń Szczecin,1,3,A,0,3,4,-2
2017/2018,2017-12-13,17:00,Zagłębie Lubin,Lech Poznań,0,0,D,1,1,0,0
2017/2018,2017-12-13,19:30,Cracovia,Wisła Kraków,1,4,A,0,3,5,-3
2017/2018,2017-12-13,19:30,Wisła Płock,Sandecja Nowy Sącz,2,2,D,1,1,4,0
2017/2018,2017-12-15,17:00,Korona Kielce,Piast Gliwice,1,1,D,1,1,2,0
2017/2018,2017-12-15,19:30,Śląsk Wrocław,Jagiellonia Białystok,1,0,H,3,0,1,1
2017/2018,2017-12-16,14:30,Pogoń Szczecin,Arka Gdynia,1,0,H,3,0,1,1
2017/2018,2017-12-16,17:00,Sandecja Nowy Sącz,Lechia Gdańsk,2,2,D,1,1,4,0
2017/2018,2017-12-16,19:30,Legia Warszawa,Wisła Płock,0,2,A,0,3,2,-2
2017/2018,2017-12-17,14:30,Lech Poznań,Bruk-Bet Termalica Nieciecza,3,1,H,3,0,4,2
2017/2018,2017-12-17,17:00,Wisła Kraków,Zagłębie Lubin,1,2,A,0,3,3,-1
2017/2018,2017-12-18,17:00,Górnik Zabrze,Cracovia,0,4,A,0,3,4,-4
2017/2018,2018-02-09,17:00,Wisła Płock,Górnik Zabrze,4,2,H,3,0,6,2
2017/2018,2018-02-09,19:30,Zagłębie Lubin,Legia Warszawa,2,3,A,0,3,5,-1
2017/2018,2018-02-10,14:30,Pogoń Szczecin,Sandecja Nowy Sącz,4,1,H,3,0,5,3
2017/2018,2018-02-10,17:00,Cracovia,Śląsk Wrocław,2,1,H,3,0,3,1
2017/2018,2018-02-10,19:30,Lechia Gdańsk,Wisła Kraków,1,1,D,1,1,2,0
2017/2018,2018-02-11,14:30,Bruk-Bet Termalica Nieciecza,Korona Kielce,0,3,A,0,3,3,-3
2017/2018,2018-02-11,17:00,Arka Gdynia,Lech Poznań,0,0,D,1,1,0,0
2017/2018,2018-02-12,17:00,Piast Gliwice,Jagiellonia Białystok,0,2,A,0,3,2,-2
2017/2018,2018-02-16,17:00,Sandecja Nowy Sącz,Korona Kielce,3,3,D,1,1,6,0
2017/2018,2018-02-16,19:30,Legia Warszawa,Śląsk Wrocław,4,1,H,3,0,5,3
2017/2018,2018-02-17,14:30,Wisła Płock,Zagłębie Lubin,2,0,H,3,0,2,2
2017/2018,2018-02-17,17:00,Jagiellonia Białystok,Cracovia,1,0,H,3,0,1,1
2017/2018,2018-02-17,19:30,Wisła Kraków,Arka Gdynia,3,2,H,3,0,5,1
2017/2018,2018-02-18,14:30,Lechia Gdańsk,Piast Gliwice,0,2,A,0,3,2,-2
2017/2018,2018-02-18,17:00,Lech Poznań,Pogoń Szczecin,2,0,H,3,0,2,2
2017/2018,2018-02-19,17:00,Górnik Zabrze,Bruk-Bet Termalica Nieciecza,3,0,H,3,0,3,3
2017/2018,2018-02-23,17:00,Zagłębie Lubin,Arka Gdynia,0,0,D,1,1,0,0
2017/2018,2018-02-23,19:30,Jagiellonia Białystok,Lechia Gdańsk,4,1,H,3,0,5,3
2017/2018,2018-02-24,14:30,Bruk-Bet Termalica Nieciecza,Sandecja Nowy Sącz,1,0,H,3,0,1,1
2017/2018,2018-02-24,17:00,Pogoń Szczecin,Wisła Płock,2,1,H,3,0,3,1
2017/2018,2018-02-24,19:30,Cracovia,Legia Warszawa,0,0,D,1,1,0,0
2017/2018,2018-02-25,14:30,Piast Gliwice,Wisła Kraków,0,0,D,1,1,0,0
2017/2018,2018-02-25,14:30,Śląsk Wrocław,Górnik Zabrze,1,1,D,1,1,2,0
2017/2018,2018-02-25,17:00,Korona Kielce,Lech Poznań,1,0,H,3,0,1,1
2017/2018,2018-02-27,17:00,Lechia Gdańsk,Bruk-Bet Termalica Nieciecza,2,2,D,1,1,4,0
2017/2018,2018-02-27,17:00,Wisła Płock,Cracovia,0,1,A,0,3,1,-1
2017/2018,2018-02-27,19:30,Legia Warszawa,Jagiellonia Białystok,0,2,A,0,3,2,-2
2017/2018,2018-02-27,19:30,Sandecja Nowy Sącz,Zagłębie Lubin,0,1,A,0,3,1,-1
2017/2018,2018-02-28,17:00,Górnik Zabrze,Pogoń Szczecin,0,0,D,1,1,0,0
2017/2018,2018-02-28,17:00,Wisła Kraków,Korona Kielce,1,1,D,1,1,2,0
2017/2018,2018-02-28,19:30,Arka Gdynia,Piast Gliwice,0,0,D,1,1,0,0
2017/2018,2018-02-28,19:30,Lech Poznań,Śląsk Wrocław,2,1,H,3,0,3,1
2017/2018,2018-03-02,17:00,Bruk-Bet Termalica Nieciecza,Wisła Płock,1,2,A,0,3,3,-1
2017/2018,2018-03-02,19:30,Zagłębie Lubin,Lechia Gdańsk,0,0,D,1,1,0,0
2017/2018,2018-03-03,14:30,Śląsk Wrocław,Sandecja Nowy Sącz,0,0,D,1,1,0,0
2017/2018,2018-03-03,17:00,Korona Kielce,Pogoń Szczecin,0,0,D,1,1,0,0
2017/2018,2018-03-03,19:30,Piast Gliwice,Górnik Zabrze,0,3,A,0,3,3,-3
2017/2018,2018-03-04,14:30,Cracovia,Arka Gdynia,2,1,H,3,0,3,1
2017/2018,2018-03-04,17:00,Legia Warszawa,Lech Poznań,2,1,H,3,0,3,1
2017/2018,2018-03-05,17:00,Jagiellonia Białystok,Wisła Kraków,2,0,H,3,0,2,2
2017/2018,2018-03-09,17:00,Górnik Zabrze,Zagłębie Lubin,2,2,D,1,1,4,0
2017/2018,2018-03-09,19:30,Wisła Kraków,Śląsk Wrocław,3,1,H,3,0,4,2
2017/2018,2018-03-10,14:30,Sandecja Nowy Sącz,Piast Gliwice,0,3,A,0,3,3,-3
2017/2018,2018-03-10,17:00,Pogoń Szczecin,Cracovia,0,3,A,0,3,3,-3
2017/2018,2018-03-10,19:30,Wisła Płock,Korona Kielce,2,0,H,3,0,2,2
2017/2018,2018-03-11,14:30,Lech Poznań,Jagiellonia Białystok,5,1,H,3,0,6,4
2017/2018,2018-03-11,17:00,Lechia Gdańsk,Legia Warszawa,1,3,A,0,3,4,-2
2017/2018,2018-03-12,17:00,Arka Gdynia,Bruk-Bet Termalica Nieciecza,4,0,H,3,0,4,4
2017/2018,2018-03-16,17:00,Piast Gliwice,Zagłębie Lubin,0,0,D,1,1,0,0
2017/2018,2018-03-16,19:30,Lech Poznań,Lechia Gdańsk,3,0,H,3,0,3,3
2017/2018,2018-03-17,14:30,Bruk-Bet Termalica Nieciecza,Pogoń Szczecin,2,4,A,0,3,6,-2
2017/2018,2018-03-17,17:00,Jagiellonia Białystok,Arka Gdynia,3,2,H,3,0,5,1
2017/2018,2018-03-17,19:30,Korona Kielce,Górnik Zabrze,2,2,D,1,1,4,0
2017/2018,2018-03-18,14:30,Cracovia,Sandecja Nowy Sącz,2,1,H,3,0,3,1
2017/2018,2018-03-18,14:30,Śląsk Wrocław,Wisła Płock,1,1,D,1,1,2,0
2017/2018,2018-03-18,17:00,Legia Warszawa,Wisła Kraków,0,2,A,0,3,2,-2
2017/2018,2018-03-31,14:30,Górnik Zabrze,Sandecja Nowy Sącz,2,2,D,1,1,4,0
2017/2018,2018-03-31,14:30,Bruk-Bet Termalica Nieciecza,Cracovia,2,0,H,3,0,2,2
2017/2018,2018-03-31,17:00,Korona Kielce,Lechia Gdańsk,1,0,H,3,0,1,1
2017/2018,2018-03-31,19:30,Arka Gdynia,Legia Warszawa,1,0,H,3,0,1,1
2017/2018,2018-04-02,14:30,Wisła Płock,Piast Gliwice,1,0,H,3,0,1,1
2017/2018,2018-04-02,14:30,Zagłębie Lubin,Jagiellonia Białystok,1,0,H,3,0,1,1
2017/2018,2018-04-02,17:00,Pogoń Szczecin,Śląsk Wrocław,3,2,H,3,0,5,1
2017/2018,2018-04-02,17:00,Wisła Kraków,Lech Poznań,1,3,A,0,3,4,-2
2017/2018,2018-04-07,17:00,Cracovia,Zagłębie Lubin,2,2,D,1,1,4,0
2017/2018,2018-04-07,17:00,Jagiellonia Białystok,Wisła Płock,1,3,A,0,3,4,-2
2017/2018,2018-04-07,17:00,Lech Poznań,Górnik Zabrze,3,1,H,3,0,4,2
2017/2018,2018-04-07,17:00,Lechia Gdańsk,Arka Gdynia,4,2,H,3,0,6,2
2017/2018,2018-04-07,17:00,Legia Warszawa,Pogoń Szczecin,3,0,H,3,0,3,3
2017/2018,2018-04-07,17:00,Piast Gliwice,Bruk-Bet Termalica Nieciecza,1,1,D,1,1,2,0
2017/2018,2018-04-07,17:00,Sandecja Nowy Sącz,Wisła Kraków,0,0,D,1,1,0,0
2017/2018,2018-04-07,17:00,Śląsk Wrocław,Korona Kielce,1,1,D,1,1,2,0
2017/2018,2018-04-13,17:00,Arka Gdynia,Lechia Gdańsk,1,2,A,0,3,3,-1
2017/2018,2018-04-13,19:30,Lech Poznań,Korona Kielce,0,1,A,0,3,1,-1
2017/2018,2018-04-14,14:30,Cracovia,Piast Gliwice,2,1,H,3,0,3,1
2017/2018,2018-04-14,17:00,Jagiellonia Białystok,Górnik Zabrze,1,2,A,0,3,3,-1
2017/2018,2018-04-14,19:30,Legia Warszawa,Zagłębie Lubin,0,1,A,0,3,1,-1
2017/2018,2018-04-15,14:30,Pogoń Szczecin,Bruk-Bet Termalica Nieciecza,2,0,H,3,0,2,2
2017/2018,2018-04-15,17:00,Śląsk Wrocław,Sandecja Nowy Sącz,1,0,H,3,0,1,1
2017/2018,2018-04-16,17:00,Wisła Płock,Wisła Kraków,2,2,D,1,1,4,0
2017/2018,2018-04-20,17:00,Bruk-Bet Termalica Nieciecza,Śląsk Wrocław,1,2,A,0,3,3,-1
2017/2018,2018-04-20,19:30,Zagłębie Lubin,Lech Poznań,0,1,A,0,3,1,-1
2017/2018,2018-04-21,14:30,Piast Gliwice,Pogoń Szczecin,0,0,D,1,1,0,0
2017/2018,2018-04-21,17:00,Górnik Zabrze,Wisła Płock,0,1,A,0,3,1,-1
2017/2018,2018-04-21,19:30,Korona Kielce,Jagiellonia Białystok,0,3,A,0,3,3,-3
2017/2018,2018-04-22,14:30,Sandecja Nowy Sącz,Arka Gdynia,3,1,H,3,0,4,2
2017/2018,2018-04-22,17:00,Wisła Kraków,Legia Warszawa,0,1,A,0,3,1,-1
2017/2018,2018-04-23,17:00,Lechia Gdańsk,Cracovia,0,0,D,1,1,0,0
2017/2018,2018-04-27,17:00,Arka Gdynia,Piast Gliwice,1,5,A,0,3,6,-4
2017/2018,2018-04-27,19:30,Legia Warszawa,Korona Kielce,3,1,H,3,0,4,2
2017/2018,2018-04-28,14:30,Wisła Płock,Zagłębie Lubin,1,2,A,0,3,3,-1
2017/2018,2018-04-28,17:00,Pogoń Szczecin,Sandecja Nowy Sącz,2,0,H,3,0,2,2
2017/2018,2018-04-28,19:30,Lech Poznań,Górnik Zabrze,2,4,A,0,3,6,-2
2017/2018,2018-04-29,14:30,Cracovia,Bruk-Bet Termalica Nieciecza,4,2,H,3,0,6,2
2017/2018,2018-04-29,17:00,Jagiellonia Białystok,Wisła Kraków,0,1,A,0,3,1,-1
2017/2018,2018-04-30,17:00,Śląsk Wrocław,Lechia Gdańsk,3,1,H,3,0,4,2
2017/2018,2018-05-04,17:00,Cracovia,Śląsk Wrocław,3,3,D,1,1,6,0
2017/2018,2018-05-04,19:30,Lechia Gdańsk,Bruk-Bet Termalica Nieciecza,0,1,A,0,3,1,-1
2017/2018,2018-05-05,14:30,Sandecja Nowy Sącz,Piast Gliwice,2,1,H,3,0,3,1
2017/2018,2018-05-05,17:00,Pogoń Szczecin,Arka Gdynia,3,2,H,3,0,5,1
2017/2018,2018-05-05,19:30,Wisła Płock,Lech Poznań,0,0,D,1,1,0,0
2017/2018,2018-05-06,14:30,Korona Kielce,Wisła Kraków,0,3,A,0,3,3,-3
2017/2018,2018-05-06,14:30,Zagłębie Lubin,Górnik Zabrze,0,2,A,0,3,2,-2
2017/2018,2018-05-06,17:00,Jagiellonia Białystok,Legia Warszawa,0,0,D,1,1,0,0
2017/2018,2018-05-08,17:00,Piast Gliwice,Lechia Gdańsk,0,2,A,0,3,2,-2
2017/2018,2018-05-08,17:00,Bruk-Bet Termalica Nieciecza,Sandecja Nowy Sącz,1,1,D,1,1,2,0
2017/2018,2018-05-08,19:30,Arka Gdynia,Cracovia,2,0,H,3,0,2,2
2017/2018,2018-05-08,19:30,Śląsk Wrocław,Pogoń Szczecin,2,0,H,3,0,2,2
2017/2018,2018-05-09,17:00,Górnik Zabrze,Korona Kielce,2,2,D,1,1,4,0
2017/2018,2018-05-09,17:00,Legia Warszawa,Wisła Płock,3,2,H,3,0,5,1
2017/2018,2018-05-09,19:30,Lech Poznań,Jagiellonia Białystok,0,2,A,0,3,2,-2
2017/2018,2018-05-09,19:30,Wisła Kraków,Zagłębie Lubin,3,0,H,3,0,3,3
2017/2018,2018-05-12,14:30,Pogoń Szczecin,Lechia Gdańsk,1,1,D,1,1,2,0
2017/2018,2018-05-12,14:30,Sandecja Nowy Sącz,Cracovia,0,1,A,0,3,1,-1
2017/2018,2018-05-12,14:30,Śląsk Wrocław,Piast Gliwice,3,1,H,3,0,4,2
2017/2018,2018-05-12,14:30,Bruk-Bet Termalica Nieciecza,Arka Gdynia,2,1,H,3,0,3,1
2017/2018,2018-05-13,17:00,Legia Warszawa,Górnik Zabrze,2,0,H,3,0,2,2
2017/2018,2018-05-13,17:00,Wisła Płock,Korona Kielce,4,1,H,3,0,5,3
2017/2018,2018-05-13,17:00,Wisła Kraków,Lech Poznań,1,1,D,1,1,2,0
2017/2018,2018-05-13,17:00,Zagłębie Lubin,Jagiellonia Białystok,1,2,A,0,3,3,-1
2017/2018,2018-05-19,17:00,Arka Gdynia,Śląsk Wrocław,0,1,A,0,3,1,-1
2017/2018,2018-05-19,17:00,Cracovia,Pogoń Szczecin,1,4,A,0,3,5,-3
2017/2018,2018-05-19,17:00,Lechia Gdańsk,Sandecja Nowy Sącz,1,1,D,1,1,2,0
2017/2018,2018-05-19,17:00,Piast Gliwice,Bruk-Bet Termalica Nieciecza,4,0,H,3,0,4,4
2017/2018,2018-05-20,17:00,Górnik Zabrze,Wisła Kraków,2,0,H,3,0,2,2
2017/2018,2018-05-20,17:00,Jagiellonia Białystok,Wisła Płock,2,1,H,3,0,3,1
2017/2018,2018-05-20,17:00,Korona Kielce,Zagłębie Lubin,0,2,A,0,3,2,-2
2017/2018,2018-05-20,17:00,Lech Poznań,Legia Warszawa,0,3,A,0,3,3,-3
2018/2019,2018-07-20,17:00,Miedź Legnica,Pogoń Szczecin,1,0,H,3,0,1,1
2018/2019,2018-07-20,19:30,Jagiellonia Białystok,Lechia Gdańsk,0,1,A,0,3,1,-1
2018/2019,2018-07-21,14:30,Śląsk Wrocław,Cracovia,3,1,H,3,0,4,2
2018/2019,2018-07-21,17:00,Wisła Kraków,Arka Gdynia,0,0,D,1,1,0,0
2018/2019,2018-07-21,19:30,Legia Warszawa,Zagłębie Lubin,1,3,A,0,3,4,-2
2018/2019,2018-07-22,14:30,Górnik Zabrze,Korona Kielce,1,1,D,1,1,2,0
2018/2019,2018-07-22,17:00,Wisła Płock,Lech Poznań,1,2,A,0,3,3,-1
2018/2019,2018-07-23,17:00,Zagłębie Sosnowiec,Piast Gliwice,1,2,A,0,3,3,-1
2018/2019,2018-07-27,17:00,Lechia Gdańsk,Śląsk Wrocław,1,1,D,1,1,2,0
2018/2019,2018-07-27,19:30,Wisła Kraków,Miedź Legnica,2,1,H,3,0,3,1
2018/2019,2018-07-28,17:00,Zagłębie Lubin,Zagłębie Sosnowiec,2,1,H,3,0,3,1
2018/2019,2018-07-28,19:30,Korona Kielce,Legia Warszawa,1,2,A,0,3,3,-1
2018/2019,2018-07-29,14:30,Górnik Zabrze,Wisła Płock,1,1,D,1,1,2,0
2018/2019,2018-07-29,17:00,Arka Gdynia,Jagiellonia Białystok,0,2,A,0,3,2,-2
2018/2019,2018-07-29,17:00,Lech Poznań,Cracovia,2,0,H,3,0,2,2
2018/2019,2018-07-30,17:00,Pogoń Szczecin,Piast Gliwice,0,2,A,0,3,2,-2
2018/2019,2018-08-03,17:00,Wisła Płock,Korona Kielce,1,2,A,0,3,3,-1
2018/2019,2018-08-03,19:30,Zagłębie Sosnowiec,Pogoń Szczecin,3,0,H,3,0,3,3
2018/2019,2018-08-04,17:00,Piast Gliwice,Zagłębie Lubin,2,1,H,3,0,3,1
2018/2019,2018-08-04,19:30,Legia Warszawa,Lechia Gdańsk,0,0,D,1,1,0,0
2018/2019,2018-08-05,14:30,Śląsk Wrocław,Lech Poznań,0,1,A,0,3,1,-1
2018/2019,2018-08-05,17:00,Jagiellonia Białystok,Wisła Kraków,1,0,H,3,0,1,1
2018/2019,2018-08-05,17:00,Miedź Legnica,Górnik Zabrze,1,3,A,0,3,4,-2
2018/2019,2018-08-06,17:00,Cracovia,Arka Gdynia,0,0,D,1,1,0,0
2018/2019,2018-08-10,17:00,Lechia Gdańsk,Miedź Legnica,2,0,H,3,0,2,2
2018/2019,2018-08-10,19:30,Wisła Kraków,Wisła Płock,1,1,D,1,1,2,0
2018/2019,2018-08-11,17:00,Pogoń Szczecin,Cracovia,1,1,D,1,1,2,0
2018/2019,2018-08-11,19:30,Arka Gdynia,Górnik Zabrze,1,1,D,1,1,2,0
2018/2019,2018-08-12,14:30,Piast Gliwice,Legia Warszawa,1,3,A,0,3,4,-2
2018/2019,2018-08-12,17:00,Lech Poznań,Zagłębie Sosnowiec,4,0,H,3,0,4,4
2018/2019,2018-08-12,17:00,Zagłębie Lubin,Jagiellonia Białystok,0,2,A,0,3,2,-2
2018/2019,2018-08-13,17:00,Korona Kielce,Śląsk Wrocław,2,1,H,3,0,3,1
2018/2019,2018-08-17,17:00,Cracovia,Zagłębie Lubin,0,1,A,0,3,1,-1
2018/2019,2018-08-17,19:30,Miedź Legnica,Korona Kielce,1,1,D,1,1,2,0
2018/2019,2018-08-18,17:00,Wisła Płock,Arka Gdynia,1,3,A,0,3,4,-2
2018/2019,2018-08-18,19:30,Górnik Zabrze,Lechia Gdańsk,0,2,A,0,3,2,-2
2018/2019,2018-08-19,14:30,Legia Warszawa,Zagłębie Sosnowiec,2,1,H,3,0,3,1
2018/2019,2018-08-19,17:00,Jagiellonia Białystok,Piast Gliwice,2,1,H,3,0,3,1
2018/2019,2018-08-19,17:00,Lech Poznań,Wisła Kraków,2,5,A,0,3,7,-3
2018/2019,2018-08-20,17:00,Śląsk Wrocław,Pogoń Szczecin,0,0,D,1,1,0,0
2018/2019,2018-08-24,17:00,Piast Gliwice,Cracovia,3,1,H,3,0,4,2
2018/2019,2018-08-24,19:30,Korona Kielce,Arka Gdynia,2,1,H,3,0,3,1
2018/2019,2018-08-25,17:00,Pogoń Szczecin,Lechia Gdańsk,2,3,A,0,3,5,-1
2018/2019,2018-08-25,19:30,Wisła Kraków,Górnik Zabrze,3,0,H,3,0,3,3
2018/2019,2018-08-26,14:30,Jagiellonia Białystok,Miedź Legnica,2,3,A,0,3,5,-1
2018/2019,2018-08-26,14:30,Legia Warszawa,Wisła Płock,1,4,A,0,3,5,-3
2018/2019,2018-08-26,17:00,Zagłębie Lubin,Lech Poznań,2,1,H,3,0,3,1
2018/2019,2018-08-27,17:00,Zagłębie Sosnowiec,Śląsk Wrocław,3,3,D,1,1,6,0
2018/2019,2018-08-31,17:00,Górnik Zabrze,Pogoń Szczecin,1,1,D,1,1,2,0
2018/2019,2018-08-31,19:30,Lechia Gdańsk,Korona Kielce,2,0,H,3,0,2,2
2018/2019,2018-09-01,14:30,Arka Gdynia,Zagłębie Sosnowiec,2,2,D,1,1,4,0
2018/2019,2018-09-01,17:00,Śląsk Wrocław,Wisła Kraków,0,1,A,0,3,1,-1
2018/2019,2018-09-01,19:30,Lech Poznań,Piast Gliwice,1,1,D,1,1,2,0
2018/2019,2018-09-02,14:30,Miedź Legnica,Zagłębie Lubin,2,0,H,3,0,2,2
2018/2019,2018-09-02,14:30,Wisła Płock,Jagiellonia Białystok,1,1,D,1,1,2,0
2018/2019,2018-09-02,17:00,Cracovia,Legia Warszawa,0,0,D,1,1,0,0
2018/2019,2018-09-14,17:00,Zagłębie Lubin,Śląsk Wrocław,4,0,H,3,0,4,4
2018/2019,2018-09-14,19:30,Jagiellonia Białystok,Cracovia,3,1,H,3,0,4,2
2018/2019,2018-09-15,14:30,Wisła Płock,Miedź Legnica,2,2,D,1,1,4,0
2018/2019,2018-09-15,17:00,Piast Gliwice,Arka Gdynia,1,0,H,3,0,1,1
2018/2019,2018-09-15,19:30,Wisła Kraków,Lechia Gdańsk,5,2,H,3,0,7,3
2018/2019,2018-09-16,14:30,Pogoń Szczecin,Korona Kielce,1,1,D,1,1,2,0
2018/2019,2018-09-16,17:00,Legia Warszawa,Lech Poznań,1,0,H,3,0,1,1
2018/2019,2018-09-17,17:00,Zagłębie Sosnowiec,Górnik Zabrze,1,1,D,1,1,2,0
2018/2019,2018-09-21,17:00,Pogoń Szczecin,Wisła Kraków,2,1,H,3,0,3,1
2018/2019,2018-09-21,19:30,Arka Gdynia,Lech Poznań,1,0,H,3,0,1,1
2018/2019,2018-09-22,14:30,Cracovia,Wisła Płock,3,1,H,3,0,4,2
2018/2019,2018-09-22,17:00,Lechia Gdańsk,Zagłębie Lubin,3,3,D,1,1,6,0
2018/2019,2018-09-22,19:30,Miedź Legnica,Legia Warszawa,1,4,A,0,3,5,-3
2018/2019,2018-09-23,14:30,Śląsk Wrocław,Piast Gliwice,4,1,H,3,0,5,3
2018/2019,2018-09-23,17:00,Górnik Zabrze,Jagiellonia Białystok,1,3,A,0,3,4,-2
2018/2019,2018-09-24,17:00,Korona Kielce,Zagłębie Sosnowiec,3,1,H,3,0,4,2
2018/2019,2018-09-28,17:00,Wisła Płock,Lechia Gdańsk,1,0,H,3,0,1,1
2018/2019,2018-09-28,19:30,Legia Warszawa,Arka Gdynia,1,1,D,1,1,2,0
2018/2019,2018-09-29,14:30,Piast Gliwice,Górnik Zabrze,1,0,H,3,0,1,1
2018/2019,2018-09-29,17:00,Zagłębie Lubin,Pogoń Szczecin,0,2,A,0,3,2,-2
2018/2019,2018-09-29,19:30,Wisła Kraków,Korona Kielce,0,1,A,0,3,1,-1
2018/2019,2018-09-30,14:30,Zagłębie Sosnowiec,Cracovia,1,1,D,1,1,2,0
2018/2019,2018-09-30,17:00,Lech Poznań,Miedź Legnica,2,1,H,3,0,3,1
2018/2019,2018-10-01,17:00,Jagiellonia Białystok,Śląsk Wrocław,0,4,A,0,3,4,-4
2018/2019,2018-10-05,17:00,Miedź Legnica,Piast Gliwice,2,2,D,1,1,4,0
2018/2019,2018-10-05,19:30,Górnik Zabrze,Lech Poznań,2,2,D,1,1,4,0
2018/2019,2018-10-06,14:30,Pogoń Szczecin,Wisła Płock,4,0,H,3,0,4,4
2018/2019,2018-10-06,17:00,Lechia Gdańsk,Zagłębie Sosnowiec,4,1,H,3,0,5,3
2018/2019,2018-10-06,19:30,Śląsk Wrocław,Legia Warszawa,0,1,A,0,3,1,-1
2018/2019,2018-10-07,14:30,Arka Gdynia,Zagłębie Lubin,3,1,H,3,0,4,2
2018/2019,2018-10-07,14:30,Korona Kielce,Jagiellonia Białystok,1,1,D,1,1,2,0
2018/2019,2018-10-07,17:00,Cracovia,Wisła Kraków,0,2,A,0,3,2,-2
2018/2019,2018-10-19,17:00,Piast Gliwice,Lechia Gdańsk,1,1,D,1,1,2,0
2018/2019,2018-10-19,19:30,Jagiellonia Białystok,Pogoń Szczecin,2,1,H,3,0,3,1
2018/2019,2018-10-20,14:30,Zagłębie Sosnowiec,Miedź Legnica,3,1,H,3,0,4,2
2018/2019,2018-10-20,17:00,Śląsk Wrocław,Arka Gdynia,1,2,A,0,3,3,-1
2018/2019,2018-10-20,19:30,Lech Poznań,Korona Kielce,2,1,H,3,0,3,1
2018/2019,2018-10-21,14:30,Zagłębie Lubin,Wisła Płock,3,3,D,1,1,6,0
2018/2019,2018-10-21,17:00,Legia Warszawa,Wisła Kraków,3,3,D,1,1,6,0
2018/2019,2018-10-22,17:00,Cracovia,Górnik Zabrze,2,0,H,3,0,2,2
2018/2019,2018-10-26,17:00,Miedź Legnica,Śląsk Wrocław,0,5,A,0,3,5,-5
2018/2019,2018-10-26,19:30,Jagiellonia Białystok,Legia Warszawa,1,1,D,1,1,2,0
2018/2019,2018-10-27,14:30,Wisła Płock,Piast Gliwice,1,1,D,1,1,2,0
2018/2019,2018-10-27,17:00,Lechia Gdańsk,Arka Gdynia,2,1,H,3,0,3,1
2018/2019,2018-10-27,19:30,Pogoń Szczecin,Lech Poznań,3,0,H,3,0,3,3
2018/2019,2018-10-28,14:30,Korona Kielce,Cracovia,0,1,A,0,3,1,-1
2018/2019,2018-10-28,17:00,Górnik Zabrze,Zagłębie Lubin,2,0,H,3,0,2,2
2018/2019,2018-10-29,17:00,Wisła Kraków,Zagłębie Sosnowiec,2,2,D,1,1,4,0
2018/2019,2018-11-02,17:00,Arka Gdynia,Pogoń Szczecin,2,3,A,0,3,5,-1
2018/2019,2018-11-02,19:30,Piast Gliwice,Wisła Kraków,2,0,H,3,0,2,2
2018/2019,2018-11-03,14:30,Cracovia,Miedź Legnica,0,0,D,1,1,0,0
2018/2019,2018-11-03,17:00,Śląsk Wrocław,Wisła Płock,0,3,A,0,3,3,-3
2018/2019,2018-11-03,19:30,Legia Warszawa,Górnik Zabrze,4,0,H,3,0,4,4
2018/2019,2018-11-04,14:30,Zagłębie Lubin,Korona Kielce,0,1,A,0,3,1,-1
2018/2019,2018-11-04,17:00,Lech Poznań,Lechia Gdańsk,0,1,A,0,3,1,-1
2018/2019,2018-11-05,17:00,Zagłębie Sosnowiec,Jagiellonia Białystok,1,4,A,0,3,5,-3
2018/2019,2018-11-09,17:00,Górnik Zabrze,Śląsk Wrocław,2,2,D,1,1,4,0
2018/2019,2018-11-09,19:30,Pogoń Szczecin,Legia Warszawa,2,1,H,3,0,3,1
2018/2019,2018-11-10,14:30,Wisła Płock,Zagłębie Sosnowiec,2,0,H,3,0,2,2
2018/2019,2018-11-10,17:00,Lechia Gdańsk,Cracovia,1,0,H,3,0,1,1
2018/2019,2018-11-10,19:30,Wisła Kraków,Zagłębie Lubin,3,2,H,3,0,5,1
2018/2019,2018-11-11,14:30,Korona Kielce,Piast Gliwice,1,0,H,3,0,1,1
2018/2019,2018-11-11,14:30,Miedź Legnica,Arka Gdynia,0,4,A,0,3,4,-4
2018/2019,2018-11-11,17:00,Jagiellonia Białystok,Lech Poznań,2,2,D,1,1,4,0
2018/2019,2018-11-23,17:00,Piast Gliwice,Zagłębie Sosnowiec,0,0,D,1,1,0,0
2018/2019,2018-11-24,14:30,Korona Kielce,Górnik Zabrze,4,2,H,3,0,6,2
2018/2019,2018-11-24,17:00,Lech Poznań,Wisła Płock,2,1,H,3,0,3,1
2018/2019,2018-11-24,19:30,Cracovia,Śląsk Wrocław,1,1,D,1,1,2,0
2018/2019,2018-11-25,12:00,Pogoń Szczecin,Miedź Legnica,2,0,H,3,0,2,2
2018/2019,2018-11-25,14:30,Zagłębie Lubin,Legia Warszawa,0,1,A,0,3,1,-1
2018/2019,2018-11-25,17:00,Lechia Gdańsk,Jagiellonia Białystok,3,2,H,3,0,5,1
2018/2019,2018-11-26,17:00,Arka Gdynia,Wisła Kraków,4,1,H,3,0,5,3
2018/2019,2018-11-30,17:00,Śląsk Wrocław,Lechia Gdańsk,0,2,A,0,3,2,-2
2018/2019,2018-11-30,19:30,Jagiellonia Białystok,Arka Gdynia,3,1,H,3,0,4,2
2018/2019,2018-12-01,14:30,Wisła Płock,Górnik Zabrze,0,4,A,0,3,4,-4
2018/2019,2018-12-01,17:00,Miedź Legnica,Wisła Kraków,2,0,H,3,0,2,2
2018/2019,2018-12-01,19:30,Legia Warszawa,Korona Kielce,3,0,H,3,0,3,3
2018/2019,2018-12-02,14:30,Zagłębie Sosnowiec,Zagłębie Lubin,1,2,A,0,3,3,-1
2018/2019,2018-12-02,17:00,Cracovia,Lech Poznań,1,0,H,3,0,1,1
2018/2019,2018-12-03,17:00,Piast Gliwice,Pogoń Szczecin,3,0,H,3,0,3,3
2018/2019,2018-12-07,17:00,Zagłębie Lubin,Piast Gliwice,2,2,D,1,1,4,0
2018/2019,2018-12-07,19:30,Lech Poznań,Śląsk Wrocław,2,0,H,3,0,2,2
2018/2019,2018-12-08,14:30,Pogoń Szczecin,Zagłębie Sosnowiec,1,0,H,3,0,1,1
2018/2019,2018-12-08,17:00,Korona Kielce,Wisła Płock,2,2,D,1,1,4,0
2018/2019,2018-12-08,19:30,Wisła Kraków,Jagiellonia Białystok,2,2,D,1,1,4,0
2018/2019,2018-12-09,14:30,Górnik Zabrze,Miedź Legnica,1,3,A,0,3,4,-2
2018/2019,2018-12-09,17:00,Lechia Gdańsk,Legia Warszawa,0,0,D,1,1,0,0
2018/2019,2018-12-10,17:00,Arka Gdynia,Cracovia,0,3,A,0,3,3,-3
2018/2019,2018-12-14,17:00,Wisła Płock,Wisła Kraków,1,2,A,0,3,3,-1
2018/2019,2018-12-14,19:30,Jagiellonia Białystok,Zagłębie Lubin,0,4,A,0,3,4,-4
2018/2019,2018-12-15,14:30,Cracovia,Pogoń Szczecin,2,1,H,3,0,3,1
2018/2019,2018-12-15,17:00,Górnik Zabrze,Arka Gdynia,1,1,D,1,1,2,0
2018/2019,2018-12-15,19:30,Legia Warszawa,Piast Gliwice,2,0,H,3,0,2,2
2018/2019,2018-12-16,14:30,Śląsk Wrocław,Korona Kielce,1,1,D,1,1,2,0
2018/2019,2018-12-16,17:00,Zagłębie Sosnowiec,Lech Poznań,0,6,A,0,3,6,-6
2018/2019,2018-12-17,17:00,Miedź Legnica,Lechia Gdańsk,0,0,D,1,1,0,0
2018/2019,2018-12-20,17:00,Pogoń Szczecin,Śląsk Wrocław,2,1,H,3,0,3,1
2018/2019,2018-12-20,19:30,Zagłębie Sosnowiec,Legia Warszawa,2,3,A,0,3,5,-1
2018/2019,2018-12-21,17:00,Arka Gdynia,Wisła Płock,3,3,D,1,1,6,0
2018/2019,2018-12-21,17:00,Piast Gliwice,Jagiellonia Białystok,1,1,D,1,1,2,0
2018/2019,2018-12-21,19:30,Wisła Kraków,Lech Poznań,0,1,A,0,3,1,-1
2018/2019,2018-12-22,14:30,Korona Kielce,Miedź Legnica,0,0,D,1,1,0,0
2018/2019,2018-12-22,17:00,Lechia Gdańsk,Górnik Zabrze,4,0,H,3,0,4,4
2018/2019,2018-12-22,17:00,Zagłębie Lubin,Cracovia,1,2,A,0,3,3,-1
2018/2019,2019-02-08,17:00,Miedź Legnica,Jagiellonia Białystok,0,3,A,0,3,3,-3
2018/2019,2019-02-08,19:30,Lech Poznań,Zagłębie Lubin,1,2,A,0,3,3,-1
2018/2019,2019-02-09,14:30,Śląsk Wrocław,Zagłębie Sosnowiec,2,0,H,3,0,2,2
2018/2019,2019-02-09,17:00,Cracovia,Piast Gliwice,2,1,H,3,0,3,1
2018/2019,2019-02-09,19:30,Lechia Gdańsk,Pogoń Szczecin,2,1,H,3,0,3,1
2018/2019,2019-02-10,14:30,Arka Gdynia,Korona Kielce,1,2,A,0,3,3,-1
2018/2019,2019-02-10,17:00,Wisła Płock,Legia Warszawa,0,1,A,0,3,1,-1
2018/2019,2019-02-11,17:00,Górnik Zabrze,Wisła Kraków,2,0,H,3,0,2,2
2018/2019,2019-02-15,17:00,Pogoń Szczecin,Górnik Zabrze,3,1,H,3,0,4,2
2018/2019,2019-02-15,19:30,Piast Gliwice,Lech Poznań,4,0,H,3,0,4,4
2018/2019,2019-02-16,14:30,Jagiellonia Białystok,Wisła Płock,1,0,H,3,0,1,1
2018/2019,2019-02-16,17:00,Zagłębie Sosnowiec,Arka Gdynia,3,2,H,3,0,5,1
2018/2019,2019-02-16,19:30,Korona Kielce,Lechia Gdańsk,0,0,D,1,1,0,0
2018/2019,2019-02-17,14:30,Zagłębie Lubin,Miedź Legnica,3,0,H,3,0,3,3
2018/2019,2019-02-17,17:00,Legia Warszawa,Cracovia,0,2,A,0,3,2,-2
2018/2019,2019-02-18,17:00,Wisła Kraków,Śląsk Wrocław,1,0,H,3,0,1,1
2018/2019,2019-02-22,17:00,Arka Gdynia,Piast Gliwice,1,2,A,0,3,3,-1
2018/2019,2019-02-22,19:30,Korona Kielce,Pogoń Szczecin,1,1,D,1,1,2,0
2018/2019,2019-02-23,14:30,Górnik Zabrze,Zagłębie Sosnowiec,2,1,H,3,0,3,1
2018/2019,2019-02-23,17:00,Lech Poznań,Legia Warszawa,2,0,H,3,0,2,2
2018/2019,2019-02-23,19:30,Lechia Gdańsk,Wisła Kraków,1,0,H,3,0,1,1
2018/2019,2019-02-24,14:30,Miedź Legnica,Wisła Płock,2,1,H,3,0,3,1
2018/2019,2019-02-24,17:00,Cracovia,Jagiellonia Białystok,1,0,H,3,0,1,1
2018/2019,2019-02-25,17:00,Śląsk Wrocław,Zagłębie Lubin,2,0,H,3,0,2,2
2018/2019,2019-03-01,17:00,Piast Gliwice,Śląsk Wrocław,2,0,H,3,0,2,2
2018/2019,2019-03-01,19:30,Legia Warszawa,Miedź Legnica,2,0,H,3,0,2,2
2018/2019,2019-03-02,14:30,Zagłębie Sosnowiec,Korona Kielce,4,1,H,3,0,5,3
2018/2019,2019-03-02,17:00,Jagiellonia Białystok,Górnik Zabrze,2,2,D,1,1,4,0
2018/2019,2019-03-02,19:30,Wisła Płock,Cracovia,3,2,H,3,0,5,1
2018/2019,2019-03-03,14:30,Wisła Kraków,Pogoń Szczecin,2,3,A,0,3,5,-1
2018/2019,2019-03-03,17:00,Lech Poznań,Arka Gdynia,1,0,H,3,0,1,1
2018/2019,2019-03-04,17:00,Zagłębie Lubin,Lechia Gdańsk,2,1,H,3,0,3,1
2018/2019,2019-03-08,17:00,Górnik Zabrze,Piast Gliwice,0,2,A,0,3,2,-2
2018/2019,2019-03-08,19:30,Śląsk Wrocław,Jagiellonia Białystok,2,0,H,3,0,2,2
2018/2019,2019-03-09,14:30,Cracovia,Zagłębie Sosnowiec,2,1,H,3,0,3,1
2018/2019,2019-03-09,17:00,Korona Kielce,Wisła Kraków,2,6,A,0,3,8,-4
2018/2019,2019-03-09,19:30,Arka Gdynia,Legia Warszawa,1,2,A,0,3,3,-1
2018/2019,2019-03-10,14:30,Pogoń Szczecin,Zagłębie Lubin,0,3,A,0,3,3,-3
2018/2019,2019-03-10,17:00,Miedź Legnica,Lech Poznań,3,2,H,3,0,5,1
2018/2019,2019-03-11,17:00,Lechia Gdańsk,Wisła Płock,1,1,D,1,1,2,0
2018/2019,2019-03-15,17:00,Wisła Płock,Pogoń Szczecin,0,2,A,0,3,2,-2
2018/2019,2019-03-15,19:30,Lech Poznań,Górnik Zabrze,0,3,A,0,3,3,-3
2018/2019,2019-03-16,14:30,Jagiellonia Białystok,Korona Kielce,1,3,A,0,3,4,-2
2018/2019,2019-03-16,17:00,Zagłębie Sosnowiec,Lechia Gdańsk,0,1,A,0,3,1,-1
2018/2019,2019-03-16,19:30,Legia Warszawa,Śląsk Wrocław,1,0,H,3,0,1,1
2018/2019,2019-03-17,14:30,Piast Gliwice,Miedź Legnica,2,1,H,3,0,3,1
2018/2019,2019-03-17,14:30,Zagłębie Lubin,Arka Gdynia,0,0,D,1,1,0,0
2018/2019,2019-03-17,17:00,Wisła Kraków,Cracovia,3,2,H,3,0,5,1
2018/2019,2019-03-29,17:00,Wisła Płock,Zagłębie Lubin,0,1,A,0,3,1,-1
2018/2019,2019-03-29,19:30,Górnik Zabrze,Cracovia,0,1,A,0,3,1,-1
2018/2019,2019-03-29,19:30,Lechia Gdańsk,Piast Gliwice,2,0,H,3,0,2,2
2018/2019,2019-03-30,14:30,Miedź Legnica,Zagłębie Sosnowiec,0,2,A,0,3,2,-2
2018/2019,2019-03-30,17:00,Arka Gdynia,Śląsk Wrocław,0,2,A,0,3,2,-2
2018/2019,2019-03-30,19:30,Korona Kielce,Lech Poznań,0,0,D,1,1,0,0
2018/2019,2019-03-31,14:30,Pogoń Szczecin,Jagiellonia Białystok,0,0,D,1,1,0,0
2018/2019,2019-03-31,17:00,Wisła Kraków,Legia Warszawa,4,0,H,3,0,4,4
2018/2019,2019-04-02,17:00,Cracovia,Korona Kielce,2,1,H,3,0,3,1
2018/2019,2019-04-02,17:00,Śląsk Wrocław,Miedź Legnica,0,0,D,1,1,0,0
2018/2019,2019-04-02,19:30,Arka Gdynia,Lechia Gdańsk,0,0,D,1,1,0,0
2018/2019,2019-04-02,19:30,Zagłębie Lubin,Górnik Zabrze,1,1,D,1,1,2,0
2018/2019,2019-04-03,17:00,Lech Poznań,Pogoń Szczecin,3,2,H,3,0,5,1
2018/2019,2019-04-03,17:00,Piast Gliwice,Wisła Płock,1,0,H,3,0,1,1
2018/2019,2019-04-03,19:30,Legia Warszawa,Jagiellonia Białystok,3,0,H,3,0,3,3
2018/2019,2019-04-03,19:30,Zagłębie Sosnowiec,Wisła Kraków,4,3,H,3,0,7,1
2018/2019,2019-04-05,17:00,Korona Kielce,Zagłębie Lubin,0,2,A,0,3,2,-2
2018/2019,2019-04-05,19:30,Miedź Legnica,Cracovia,2,1,H,3,0,3,1
2018/2019,2019-04-06,14:30,Jagiellonia Białystok,Zagłębie Sosnowiec,2,1,H,3,0,3,1
2018/2019,2019-04-06,17:00,Wisła Kraków,Piast Gliwice,2,2,D,1,1,4,0
2018/2019,2019-04-06,19:30,Lechia Gdańsk,Lech Poznań,1,0,H,3,0,1,1
2018/2019,2019-04-07,14:30,Pogoń Szczecin,Arka Gdynia,3,3,D,1,1,6,0
2018/2019,2019-04-07,17:00,Górnik Zabrze,Legia Warszawa,1,2,A,0,3,3,-1
2018/2019,2019-04-08,17:00,Wisła Płock,Śląsk Wrocław,2,0,H,3,0,2,2
2018/2019,2019-04-13,17:00,Arka Gdynia,Miedź Legnica,1,1,D,1,1,2,0
2018/2019,2019-04-13,17:00,Cracovia,Lechia Gdańsk,4,2,H,3,0,6,2
2018/2019,2019-04-13,17:00,Lech Poznań,Jagiellonia Białystok,0,2,A,0,3,2,-2
2018/2019,2019-04-13,17:00,Legia Warszawa,Pogoń Szczecin,3,1,H,3,0,4,2
2018/2019,2019-04-13,17:00,Piast Gliwice,Korona Kielce,4,0,H,3,0,4,4
2018/2019,2019-04-13,17:00,Śląsk Wrocław,Górnik Zabrze,0,1,A,0,3,1,-1
2018/2019,2019-04-13,17:00,Zagłębie Lubin,Wisła Kraków,3,1,H,3,0,4,2
2018/2019,2019-04-13,17:00,Zagłębie Sosnowiec,Wisła Płock,1,3,A,0,3,4,-2
2018/2019,2019-04-20,14:30,Lechia Gdańsk,Piast Gliwice,0,2,A,0,3,2,-2
2018/2019,2019-04-20,17:00,Jagiellonia Białystok,Lech Poznań,3,3,D,1,1,6,0
2018/2019,2019-04-20,17:00,Zagłębie Lubin,Pogoń Szczecin,2,3,A,0,3,5,-1
2018/2019,2019-04-20,19:30,Legia Warszawa,Cracovia,1,0,H,3,0,1,1
2018/2019,2019-04-22,14:30,Miedź Legnica,Zagłębie Sosnowiec,2,2,D,1,1,4,0
2018/2019,2019-04-22,14:30,Wisła Kraków,Wisła Płock,2,3,A,0,3,5,-1
2018/2019,2019-04-22,17:00,Górnik Zabrze,Arka Gdynia,1,0,H,3,0,1,1
2018/2019,2019-04-22,17:00,Korona Kielce,Śląsk Wrocław,2,0,H,3,0,2,2
2018/2019,2019-04-23,17:00,Piast Gliwice,Zagłębie Lubin,1,0,H,3,0,1,1
2018/2019,2019-04-23,19:30,Cracovia,Jagiellonia Białystok,0,1,A,0,3,1,-1
2018/2019,2019-04-24,17:00,Pogoń Szczecin,Lechia Gdańsk,3,4,A,0,3,7,-1
2018/2019,2019-04-24,19:30,Lech Poznań,Legia Warszawa,1,0,H,3,0,1,1
2018/2019,2019-04-25,17:00,Arka Gdynia,Miedź Legnica,2,0,H,3,0,2,2
2018/2019,2019-04-25,17:00,Wisła Płock,Korona Kielce,2,1,H,3,0,3,1
2018/2019,2019-04-25,19:30,Śląsk Wrocław,Górnik Zabrze,1,2,A,0,3,3,-1
2018/2019,2019-04-25,19:30,Zagłębie Sosnowiec,Wisła Kraków,2,1,H,3,0,3,1
2018/2019,2019-04-26,17:00,Zagłębie Lubin,Jagiellonia Białystok,2,0,H,3,0,2,2
2018/2019,2019-04-26,19:30,Piast Gliwice,Cracovia,3,1,H,3,0,4,2
2018/2019,2019-04-27,17:00,Pogoń Szczecin,Lech Poznań,1,1,D,1,1,2,0
2018/2019,2019-04-27,19:30,Lechia Gdańsk,Legia Warszawa,1,3,A,0,3,4,-2
2018/2019,2019-04-28,12:00,Miedź Legnica,Wisła Płock,3,2,H,3,0,5,1
2018/2019,2019-04-28,14:30,Korona Kielce,Arka Gdynia,0,2,A,0,3,2,-2
2018/2019,2019-04-28,17:00,Wisła Kraków,Śląsk Wrocław,1,1,D,1,1,2,0
2018/2019,2019-04-29,17:00,Górnik Zabrze,Zagłębie Sosnowiec,4,0,H,3,0,4,4
2018/2019,2019-05-03,17:00,Wisła Płock,Arka Gdynia,1,1,D,1,1,2,0
2018/2019,2019-05-03,19:30,Górnik Zabrze,Wisła Kraków,1,2,A,0,3,3,-1
2018/2019,2019-05-04,14:30,Korona Kielce,Miedź Legnica,0,0,D,1,1,0,0
2018/2019,2019-05-04,17:00,Lech Poznań,Zagłębie Lubin,1,1,D,1,1,2,0
2018/2019,2019-05-04,19:30,Legia Warszawa,Piast Gliwice,0,1,A,0,3,1,-1
2018/2019,2019-05-05,14:30,Zagłębie Sosnowiec,Śląsk Wrocław,2,4,A,0,3,6,-2
2018/2019,2019-05-05,17:00,Cracovia,Lechia Gdańsk,2,0,H,3,0,2,2
2018/2019,2019-05-06,17:00,Jagiellonia Białystok,Pogoń Szczecin,4,2,H,3,0,6,2
2018/2019,2019-05-10,17:00,Arka Gdynia,Zagłębie Sosnowiec,2,0,H,3,0,2,2
2018/2019,2019-05-10,19:30,Wisła Kraków,Korona Kielce,1,0,H,3,0,1,1
2018/2019,2019-05-11,14:30,Śląsk Wrocław,Wisła Płock,2,1,H,3,0,3,1
2018/2019,2019-05-11,17:00,Miedź Legnica,Górnik Zabrze,0,1,A,0,3,1,-1
2018/2019,2019-05-11,19:30,Cracovia,Lech Poznań,1,0,H,3,0,1,1
2018/2019,2019-05-12,12:00,Piast Gliwice,Jagiellonia Białystok,2,1,H,3,0,3,1
2018/2019,2019-05-12,14:30,Legia Warszawa,Pogoń Szczecin,1,1,D,1,1,2,0
2018/2019,2019-05-12,17:00,Lechia Gdańsk,Zagłębie Lubin,1,1,D,1,1,2,0
2018/2019,2019-05-13,17:00,Arka Gdynia,Wisła Kraków,3,1,H,3,0,4,2
2018/2019,2019-05-14,19:30,Górnik Zabrze,Wisła Płock,0,1,A,0,3,1,-1
2018/2019,2019-05-14,19:30,Miedź Legnica,Śląsk Wrocław,0,2,A,0,3,2,-2
2018/2019,2019-05-14,19:30,Zagłębie Sosnowiec,Korona Kielce,2,4,A,0,3,6,-2
2018/2019,2019-05-15,19:30,Jagiellonia Białystok,Legia Warszawa,1,0,H,3,0,1,1
2018/2019,2019-05-15,19:30,Lech Poznań,Lechia Gdańsk,2,1,H,3,0,3,1
2018/2019,2019-05-15,19:30,Pogoń Szczecin,Piast Gliwice,0,0,D,1,1,0,0
2018/2019,2019-05-15,19:30,Zagłębie Lubin,Cracovia,1,2,A,0,3,3,-1
2018/2019,2019-05-18,14:30,Korona Kielce,Górnik Zabrze,0,3,A,0,3,3,-3
2018/2019,2019-05-18,14:30,Wisła Płock,Zagłębie Sosnowiec,0,0,D,1,1,0,0
2018/2019,2019-05-18,14:30,Śląsk Wrocław,Arka Gdynia,4,0,H,3,0,4,4
2018/2019,2019-05-18,14:30,Wisła Kraków,Miedź Legnica,4,5,A,0,3,9,-1
2018/2019,2019-05-19,17:00,Cracovia,Pogoń Szczecin,0,3,A,0,3,3,-3
2018/2019,2019-05-19,17:00,Lechia Gdańsk,Jagiellonia Białystok,2,0,H,3,0,2,2
2018/2019,2019-05-19,17:00,Legia Warszawa,Zagłębie Lubin,2,2,D,1,1,4,0
2018/2019,2019-05-19,17:00,Piast Gliwice,Lech Poznań,1,0,H,3,0,1,1
2019/2020,2019-07-19,17:00,Arka Gdynia,Jagiellonia Białystok,0,3,A,0,3,3,-3
2019/2020,2019-07-19,19:30,ŁKS Łódź,Lechia Gdańsk,0,0,D,1,1,0,0
2019/2020,2019-07-20,14:00,Raków Częstochowa,Korona Kielce,0,1,A,0,3,1,-1
2019/2020,2019-07-20,16:30,Wisła Kraków,Śląsk Wrocław,0,1,A,0,3,1,-1
2019/2020,2019-07-20,19:00,Piast Gliwice,Lech Poznań,1,1,D,1,1,2,0
2019/2020,2019-07-21,14:00,Zagłębie Lubin,Cracovia,1,1,D,1,1,2,0
2019/2020,2019-07-21,16:30,Legia Warszawa,Pogoń Szczecin,1,2,A,0,3,3,-1
2019/2020,2019-07-22,17:00,Wisła Płock,Górnik Zabrze,1,1,D,1,1,2,0
2019/2020,2019-07-26,17:00,Górnik Zabrze,Zagłębie Lubin,1,0,H,3,0,1,1
2019/2020,2019-07-26,19:30,Lech Poznań,Wisła Płock,4,0,H,3,0,4,4
2019/2020,2019-07-27,16:30,Cracovia,ŁKS Łódź,1,2,A,0,3,3,-1
2019/2020,2019-07-27,19:00,Jagiellonia Białystok,Raków Częstochowa,0,1,A,0,3,1,-1
2019/2020,2019-07-28,14:00,Korona Kielce,Legia Warszawa,1,2,A,0,3,3,-1
2019/2020,2019-07-28,16:30,Lechia Gdańsk,Wisła Kraków,0,0,D,1,1,0,0
2019/2020,2019-07-28,16:30,Śląsk Wrocław,Piast Gliwice,2,1,H,3,0,3,1
2019/2020,2019-07-29,17:00,Pogoń Szczecin,Arka Gdynia,2,0,H,3,0,2,2
2019/2020,2019-08-02,17:00,Arka Gdynia,Korona Kielce,1,1,D,1,1,2,0
2019/2020,2019-08-02,19:30,Zagłębie Lubin,Jagiellonia Białystok,2,2,D,1,1,4,0
2019/2020,2019-08-03,16:30,Raków Częstochowa,Cracovia,1,3,A,0,3,4,-2
2019/2020,2019-08-03,19:00,ŁKS Łódź,Lech Poznań,1,2,A,0,3,3,-1
2019/2020,2019-08-04,14:00,Wisła Płock,Lechia Gdańsk,1,2,A,0,3,3,-1
2019/2020,2019-08-04,16:30,Legia Warszawa,Śląsk Wrocław,0,0,D,1,1,0,0
2019/2020,2019-08-04,16:30,Piast Gliwice,Pogoń Szczecin,0,0,D,1,1,0,0
2019/2020,2019-08-05,17:00,Wisła Kraków,Górnik Zabrze,1,0,H,3,0,1,1
2019/2020,2019-08-09,19:30,Lech Poznań,Śląsk Wrocław,1,3,A,0,3,4,-2
2019/2020,2019-08-10,14:00,Pogoń Szczecin,Wisła Kraków,1,0,H,3,0,1,1
2019/2020,2019-08-10,16:30,Zagłębie Lubin,Arka Gdynia,2,0,H,3,0,2,2
2019/2020,2019-08-10,19:00,Górnik Zabrze,Raków Częstochowa,1,0,H,3,0,1,1
2019/2020,2019-08-11,14:00,ŁKS Łódź,Piast Gliwice,0,1,A,0,3,1,-1
2019/2020,2019-08-11,16:30,Cracovia,Korona Kielce,1,0,H,3,0,1,1
2019/2020,2019-08-12,17:00,Lechia Gdańsk,Jagiellonia Białystok,1,1,D,1,1,2,0
2019/2020,2019-08-16,19:30,Wisła Kraków,ŁKS Łódź,4,0,H,3,0,4,4
2019/2020,2019-08-17,14:00,Śląsk Wrocław,Cracovia,2,1,H,3,0,3,1
2019/2020,2019-08-17,16:30,Arka Gdynia,Lech Poznań,0,0,D,1,1,0,0
2019/2020,2019-08-17,19:00,Jagiellonia Białystok,Górnik Zabrze,3,1,H,3,0,4,2
2019/2020,2019-08-18,14:00,Piast Gliwice,Wisła Płock,1,0,H,3,0,1,1
2019/2020,2019-08-18,16:30,Legia Warszawa,Zagłębie Lubin,1,0,H,3,0,1,1
2019/2020,2019-08-18,16:30,Raków Częstochowa,Lechia Gdańsk,2,1,H,3,0,3,1
2019/2020,2019-08-19,17:00,Korona Kielce,Pogoń Szczecin,0,1,A,0,3,1,-1
2019/2020,2019-08-23,19:30,Jagiellonia Białystok,Wisła Kraków,3,2,H,3,0,5,1
2019/2020,2019-08-24,14:00,Cracovia,Arka Gdynia,3,1,H,3,0,4,2
2019/2020,2019-08-24,16:30,Lechia Gdańsk,Śląsk Wrocław,1,1,D,1,1,2,0
2019/2020,2019-08-24,19:00,Raków Częstochowa,Lech Poznań,2,3,A,0,3,5,-1
2019/2020,2019-08-25,14:00,Górnik Zabrze,Korona Kielce,3,0,H,3,0,3,3
2019/2020,2019-08-25,16:30,ŁKS Łódź,Legia Warszawa,2,3,A,0,3,5,-1
2019/2020,2019-08-25,16:30,Zagłębie Lubin,Piast Gliwice,0,3,A,0,3,3,-3
2019/2020,2019-08-26,17:00,Pogoń Szczecin,Wisła Płock,1,2,A,0,3,3,-1
2019/2020,2019-08-30,17:00,Arka Gdynia,Górnik Zabrze,1,0,H,3,0,1,1
2019/2020,2019-08-30,19:30,Korona Kielce,Jagiellonia Białystok,0,2,A,0,3,2,-2
2019/2020,2019-08-31,14:00,Wisła Płock,ŁKS Łódź,2,1,H,3,0,3,1
2019/2020,2019-08-31,16:30,Piast Gliwice,Lechia Gdańsk,1,2,A,0,3,3,-1
2019/2020,2019-08-31,19:00,Wisła Kraków,Zagłębie Lubin,4,2,H,3,0,6,2
2019/2020,2019-09-01,14:00,Śląsk Wrocław,Pogoń Szczecin,1,1,D,1,1,2,0
2019/2020,2019-09-01,16:30,Lech Poznań,Cracovia,1,2,A,0,3,3,-1
2019/2020,2019-09-01,19:00,Legia Warszawa,Raków Częstochowa,3,1,H,3,0,4,2
2019/2020,2019-09-13,17:00,Zagłębie Lubin,Wisła Płock,5,0,H,3,0,5,5
2019/2020,2019-09-13,19:30,Jagiellonia Białystok,Legia Warszawa,0,0,D,1,1,0,0
2019/2020,2019-09-14,14:00,Raków Częstochowa,Arka Gdynia,2,0,H,3,0,2,2
2019/2020,2019-09-14,16:30,Lechia Gdańsk,Lech Poznań,2,1,H,3,0,3,1
2019/2020,2019-09-14,19:00,Korona Kielce,Wisła Kraków,1,1,D,1,1,2,0
2019/2020,2019-09-15,14:00,Pogoń Szczecin,ŁKS Łódź,1,0,H,3,0,1,1
2019/2020,2019-09-15,16:30,Górnik Zabrze,Śląsk Wrocław,0,0,D,1,1,0,0
2019/2020,2019-09-16,17:00,Cracovia,Piast Gliwice,2,0,H,3,0,2,2
2019/2020,2019-09-18,17:00,Wisła Płock,Legia Warszawa,1,0,H,3,0,1,1
2019/2020,2019-09-20,17:00,Piast Gliwice,Raków Częstochowa,2,1,H,3,0,3,1
2019/2020,2019-09-20,19:30,Lech Poznań,Jagiellonia Białystok,1,1,D,1,1,2,0
2019/2020,2019-09-21,14:00,ŁKS Łódź,Arka Gdynia,1,4,A,0,3,5,-3
2019/2020,2019-09-21,16:30,Lechia Gdańsk,Korona Kielce,2,0,H,3,0,2,2
2019/2020,2019-09-21,19:00,Śląsk Wrocław,Zagłębie Lubin,4,4,D,1,1,8,0
2019/2020,2019-09-22,11:30,Wisła Płock,Wisła Kraków,2,1,H,3,0,3,1
2019/2020,2019-09-22,14:00,Pogoń Szczecin,Górnik Zabrze,1,1,D,1,1,2,0
2019/2020,2019-09-22,16:30,Cracovia,Legia Warszawa,1,2,A,0,3,3,-1
2019/2020,2019-09-27,19:30,Korona Kielce,Śląsk Wrocław,1,0,H,3,0,1,1
2019/2020,2019-09-28,14:00,Raków Częstochowa,Wisła Płock,1,2,A,0,3,3,-1
2019/2020,2019-09-28,16:30,Legia Warszawa,Lechia Gdańsk,1,2,A,0,3,3,-1
2019/2020,2019-09-28,19:00,Górnik Zabrze,Lech Poznań,1,3,A,0,3,4,-2
2019/2020,2019-09-29,11:30,Arka Gdynia,Piast Gliwice,0,0,D,1,1,0,0
2019/2020,2019-09-29,14:00,Jagiellonia Białystok,Pogoń Szczecin,2,3,A,0,3,5,-1
2019/2020,2019-09-29,16:30,Wisła Kraków,Cracovia,0,1,A,0,3,1,-1
2019/2020,2019-09-30,17:00,Zagłębie Lubin,ŁKS Łódź,3,1,H,3,0,4,2
2019/2020,2019-10-04,17:00,Wisła Płock,Arka Gdynia,4,1,H,3,0,5,3
2019/2020,2019-10-04,19:30,Śląsk Wrocław,Jagiellonia Białystok,1,1,D,1,1,2,0
2019/2020,2019-10-05,14:00,Pogoń Szczecin,Raków Częstochowa,1,2,A,0,3,3,-1
2019/2020,2019-10-05,16:30,Lech Poznań,Wisła Kraków,4,0,H,3,0,4,4
2019/2020,2019-10-05,19:00,Lechia Gdańsk,Zagłębie Lubin,1,2,A,0,3,3,-1
2019/2020,2019-10-06,11:30,ŁKS Łódź,Korona Kielce,4,1,H,3,0,5,3
2019/2020,2019-10-06,14:00,Cracovia,Górnik Zabrze,1,1,D,1,1,2,0
2019/2020,2019-10-06,16:30,Piast Gliwice,Legia Warszawa,2,0,H,3,0,2,2
2019/2020,2019-10-18,17:00,Zagłębie Lubin,Pogoń Szczecin,0,1,A,0,3,1,-1
2019/2020,2019-10-18,19:30,Wisła Kraków,Piast Gliwice,1,2,A,0,3,3,-1
2019/2020,2019-10-19,14:00,Korona Kielce,Wisła Płock,0,1,A,0,3,1,-1
2019/2020,2019-10-19,16:30,Legia Warszawa,Lech Poznań,2,1,H,3,0,3,1
2019/2020,2019-10-19,19:00,Jagiellonia Białystok,Cracovia,3,2,H,3,0,5,1
2019/2020,2019-10-20,14:00,Arka Gdynia,Lechia Gdańsk,2,2,D,1,1,4,0
2019/2020,2019-10-20,16:30,Górnik Zabrze,ŁKS Łódź,1,1,D,1,1,2,0
2019/2020,2019-10-21,17:00,Raków Częstochowa,Śląsk Wrocław,1,0,H,3,0,1,1
2019/2020,2019-10-25,17:00,Cracovia,Pogoń Szczecin,2,0,H,3,0,2,2
2019/2020,2019-10-25,19:30,Lech Poznań,Zagłębie Lubin,1,2,A,0,3,3,-1
2019/2020,2019-10-26,14:00,ŁKS Łódź,Raków Częstochowa,2,0,H,3,0,2,2
2019/2020,2019-10-26,16:30,Piast Gliwice,Korona Kielce,1,0,H,3,0,1,1
2019/2020,2019-10-26,19:00,Lechia Gdańsk,Górnik Zabrze,1,1,D,1,1,2,0
2019/2020,2019-10-27,11:30,Wisła Płock,Jagiellonia Białystok,3,1,H,3,0,4,2
2019/2020,2019-10-27,14:00,Śląsk Wrocław,Arka Gdynia,2,1,H,3,0,3,1
2019/2020,2019-10-27,16:30,Legia Warszawa,Wisła Kraków,7,0,H,3,0,7,7
2019/2020,2019-11-02,14:00,Korona Kielce,Zagłębie Lubin,1,0,H,3,0,1,1
2019/2020,2019-11-02,16:30,Cracovia,Lechia Gdańsk,1,0,H,3,0,1,1
2019/2020,2019-11-02,19:00,Pogoń Szczecin,Lech Poznań,1,1,D,1,1,2,0
2019/2020,2019-11-03,11:30,Jagiellonia Białystok,ŁKS Łódź,2,0,H,3,0,2,2
2019/2020,2019-11-03,14:00,Górnik Zabrze,Piast Gliwice,1,1,D,1,1,2,0
2019/2020,2019-11-03,16:30,Arka Gdynia,Legia Warszawa,0,1,A,0,3,1,-1
2019/2020,2019-11-04,17:00,Śląsk Wrocław,Wisła Płock,3,1,H,3,0,4,2
2019/2020,2019-11-04,19:30,Raków Częstochowa,Wisła Kraków,1,0,H,3,0,1,1
2019/2020,2019-11-08,17:00,ŁKS Łódź,Śląsk Wrocław,0,1,A,0,3,1,-1
2019/2020,2019-11-08,19:30,Piast Gliwice,Jagiellonia Białystok,3,1,H,3,0,4,2
2019/2020,2019-11-09,14:00,Wisła Płock,Cracovia,0,0,D,1,1,0,0
2019/2020,2019-11-09,16:30,Legia Warszawa,Górnik Zabrze,5,1,H,3,0,6,4
2019/2020,2019-11-09,19:00,Wisła Kraków,Arka Gdynia,0,1,A,0,3,1,-1
2019/2020,2019-11-10,11:30,Zagłębie Lubin,Raków Częstochowa,2,2,D,1,1,4,0
2019/2020,2019-11-10,14:00,Lech Poznań,Korona Kielce,0,0,D,1,1,0,0
2019/2020,2019-11-10,16:30,Lechia Gdańsk,Pogoń Szczecin,0,1,A,0,3,1,-1
2019/2020,2019-11-22,17:00,Górnik Zabrze,Wisła Płock,2,2,D,1,1,4,0
2019/2020,2019-11-22,19:30,Lech Poznań,Piast Gliwice,3,0,H,3,0,3,3
2019/2020,2019-11-23,14:00,Korona Kielce,Raków Częstochowa,3,0,H,3,0,3,3
2019/2020,2019-11-23,16:30,Pogoń Szczecin,Legia Warszawa,3,1,H,3,0,4,2
2019/2020,2019-11-23,19:00,Lechia Gdańsk,ŁKS Łódź,3,1,H,3,0,4,2
2019/2020,2019-11-24,14:00,Jagiellonia Białystok,Arka Gdynia,2,0,H,3,0,2,2
2019/2020,2019-11-24,16:30,Śląsk Wrocław,Wisła Kraków,2,1,H,3,0,3,1
2019/2020,2019-11-25,17:00,Cracovia,Zagłębie Lubin,2,0,H,3,0,2,2
2019/2020,2019-11-29,17:00,Zagłębie Lubin,Górnik Zabrze,2,0,H,3,0,2,2
2019/2020,2019-11-29,19:30,Wisła Płock,Lech Poznań,0,2,A,0,3,2,-2
2019/2020,2019-11-30,14:00,Arka Gdynia,Pogoń Szczecin,1,1,D,1,1,2,0
2019/2020,2019-11-30,16:30,Piast Gliwice,Śląsk Wrocław,0,3,A,0,3,3,-3
2019/2020,2019-11-30,19:00,Legia Warszawa,Korona Kielce,4,0,H,3,0,4,4
2019/2020,2019-12-01,11:30,Raków Częstochowa,Jagiellonia Białystok,2,1,H,3,0,3,1
2019/2020,2019-12-01,14:00,ŁKS Łódź,Cracovia,1,0,H,3,0,1,1
2019/2020,2019-12-01,16:30,Wisła Kraków,Lechia Gdańsk,0,1,A,0,3,1,-1
2019/2020,2019-12-06,17:00,Korona Kielce,Arka Gdynia,0,1,A,0,3,1,-1
2019/2020,2019-12-06,19:30,Górnik Zabrze,Wisła Kraków,4,2,H,3,0,6,2
2019/2020,2019-12-07,14:00,Jagiellonia Białystok,Zagłębie Lubin,0,1,A,0,3,1,-1
2019/2020,2019-12-07,16:30,Lech Poznań,ŁKS Łódź,2,0,H,3,0,2,2
2019/2020,2019-12-07,19:00,Lechia Gdańsk,Wisła Płock,2,0,H,3,0,2,2
2019/2020,2019-12-08,11:30,Cracovia,Raków Częstochowa,3,0,H,3,0,3,3
2019/2020,2019-12-08,14:00,Pogoń Szczecin,Piast Gliwice,1,0,H,3,0,1,1
2019/2020,2019-12-08,16:30,Śląsk Wrocław,Legia Warszawa,0,3,A,0,3,3,-3
2019/2020,2019-12-13,17:00,Arka Gdynia,Zagłębie Lubin,2,1,H,3,0,3,1
2019/2020,2019-12-13,19:30,Wisła Kraków,Pogoń Szczecin,1,0,H,3,0,1,1
2019/2020,2019-12-14,14:00,Raków Częstochowa,Górnik Zabrze,2,1,H,3,0,3,1
2019/2020,2019-12-14,16:30,Śląsk Wrocław,Lech Poznań,1,1,D,1,1,2,0
2019/2020,2019-12-14,19:00,Legia Warszawa,Wisła Płock,3,1,H,3,0,4,2
2019/2020,2019-12-15,11:30,Piast Gliwice,ŁKS Łódź,2,1,H,3,0,3,1
2019/2020,2019-12-15,14:00,Korona Kielce,Cracovia,1,0,H,3,0,1,1
2019/2020,2019-12-15,16:30,Jagiellonia Białystok,Lechia Gdańsk,3,0,H,3,0,3,3
2019/2020,2019-12-19,17:00,ŁKS Łódź,Wisła Kraków,2,4,A,0,3,6,-2
2019/2020,2019-12-19,19:30,Lech Poznań,Arka Gdynia,1,1,D,1,1,2,0
2019/2020,2019-12-20,17:00,Cracovia,Śląsk Wrocław,2,0,H,3,0,2,2
2019/2020,2019-12-20,17:00,Pogoń Szczecin,Korona Kielce,0,1,A,0,3,1,-1
2019/2020,2019-12-20,19:30,Zagłębie Lubin,Legia Warszawa,2,1,H,3,0,3,1
2019/2020,2019-12-21,14:00,Lechia Gdańsk,Raków Częstochowa,0,3,A,0,3,3,-3
2019/2020,2019-12-21,16:30,Wisła Płock,Piast Gliwice,2,1,H,3,0,3,1
2019/2020,2019-12-21,19:00,Górnik Zabrze,Jagiellonia Białystok,3,0,H,3,0,3,3
2019/2020,2020-02-07,17:00,Arka Gdynia,Cracovia,0,1,A,0,3,1,-1
2019/2020,2020-02-07,19:30,Śląsk Wrocław,Lechia Gdańsk,2,2,D,1,1,4,0
2019/2020,2020-02-08,14:00,Korona Kielce,Górnik Zabrze,0,0,D,1,1,0,0
2019/2020,2020-02-08,16:30,Lech Poznań,Raków Częstochowa,3,0,H,3,0,3,3
2019/2020,2020-02-08,19:00,Wisła Kraków,Jagiellonia Białystok,3,0,H,3,0,3,3
2019/2020,2020-02-09,11:30,Wisła Płock,Pogoń Szczecin,2,3,A,0,3,5,-1
2019/2020,2020-02-09,14:00,Piast Gliwice,Zagłębie Lubin,2,0,H,3,0,2,2
2019/2020,2020-02-09,16:30,Legia Warszawa,ŁKS Łódź,3,1,H,3,0,4,2
2019/2020,2020-02-14,17:00,Górnik Zabrze,Arka Gdynia,2,0,H,3,0,2,2
2019/2020,2020-02-14,19:30,Lechia Gdańsk,Piast Gliwice,1,0,H,3,0,1,1
2019/2020,2020-02-15,14:00,ŁKS Łódź,Wisła Płock,0,0,D,1,1,0,0
2019/2020,2020-02-15,16:30,Pogoń Szczecin,Śląsk Wrocław,0,0,D,1,1,0,0
2019/2020,2020-02-15,19:00,Raków Częstochowa,Legia Warszawa,2,2,D,1,1,4,0
2019/2020,2020-02-16,11:30,Jagiellonia Białystok,Korona Kielce,0,0,D,1,1,0,0
2019/2020,2020-02-16,14:00,Zagłębie Lubin,Wisła Kraków,0,1,A,0,3,1,-1
2019/2020,2020-02-16,16:30,Cracovia,Lech Poznań,2,1,H,3,0,3,1
2019/2020,2020-02-21,17:00,ŁKS Łódź,Pogoń Szczecin,0,0,D,1,1,0,0
2019/2020,2020-02-21,19:30,Śląsk Wrocław,Górnik Zabrze,2,1,H,3,0,3,1
2019/2020,2020-02-22,14:00,Arka Gdynia,Raków Częstochowa,3,2,H,3,0,5,1
2019/2020,2020-02-22,16:30,Legia Warszawa,Jagiellonia Białystok,4,0,H,3,0,4,4
2019/2020,2020-02-22,19:00,Piast Gliwice,Cracovia,1,0,H,3,0,1,1
2019/2020,2020-02-23,11:30,Wisła Płock,Zagłębie Lubin,1,1,D,1,1,2,0
2019/2020,2020-02-23,14:00,Wisła Kraków,Korona Kielce,2,0,H,3,0,2,2
2019/2020,2020-02-23,16:30,Lech Poznań,Lechia Gdańsk,2,0,H,3,0,2,2
2019/2020,2020-02-28,17:00,Raków Częstochowa,Piast Gliwice,2,0,H,3,0,2,2
2019/2020,2020-02-28,19:30,Jagiellonia Białystok,Lech Poznań,1,1,D,1,1,2,0
2019/2020,2020-02-29,14:00,Wisła Kraków,Wisła Płock,2,2,D,1,1,4,0
2019/2020,2020-02-29,16:30,Górnik Zabrze,Pogoń Szczecin,3,1,H,3,0,4,2
2019/2020,2020-02-29,19:00,Legia Warszawa,Cracovia,2,1,H,3,0,3,1
2019/2020,2020-03-01,11:30,Korona Kielce,Lechia Gdańsk,1,2,A,0,3,3,-1
2019/2020,2020-03-01,14:00,Arka Gdynia,ŁKS Łódź,1,1,D,1,1,2,0
2019/2020,2020-03-01,16:30,Zagłębie Lubin,Śląsk Wrocław,3,1,H,3,0,4,2
2019/2020,2020-03-03,17:00,Lech Poznań,Górnik Zabrze,4,1,H,3,0,5,3
2019/2020,2020-03-03,17:00,Wisła Płock,Raków Częstochowa,0,2,A,0,3,2,-2
2019/2020,2020-03-03,19:30,Cracovia,Wisła Kraków,0,2,A,0,3,2,-2
2019/2020,2020-03-03,19:30,Pogoń Szczecin,Jagiellonia Białystok,1,2,A,0,3,3,-1
2019/2020,2020-03-04,17:00,ŁKS Łódź,Zagłębie Lubin,3,2,H,3,0,5,1
2019/2020,2020-03-04,17:00,Śląsk Wrocław,Korona Kielce,2,1,H,3,0,3,1
2019/2020,2020-03-04,19:30,Lechia Gdańsk,Legia Warszawa,0,2,A,0,3,2,-2
2019/2020,2020-03-04,19:30,Piast Gliwice,Arka Gdynia,1,0,H,3,0,1,1
2019/2020,2020-03-06,19:30,Górnik Zabrze,Cracovia,3,2,H,3,0,5,1
2019/2020,2020-03-07,14:00,Arka Gdynia,Wisła Płock,1,2,A,0,3,3,-1
2019/2020,2020-03-07,16:30,Zagłębie Lubin,Lechia Gdańsk,4,4,D,1,1,8,0
2019/2020,2020-03-07,19:00,Jagiellonia Białystok,Śląsk Wrocław,1,0,H,3,0,1,1
2019/2020,2020-03-08,11:30,Raków Częstochowa,Pogoń Szczecin,0,0,D,1,1,0,0
2019/2020,2020-03-08,14:00,Wisła Kraków,Lech Poznań,1,1,D,1,1,2,0
2019/2020,2020-03-08,16:30,Legia Warszawa,Piast Gliwice,1,2,A,0,3,3,-1
2019/2020,2020-03-09,17:00,Korona Kielce,ŁKS Łódź,1,0,H,3,0,1,1
2019/2020,2020-05-29,17:00,Śląsk Wrocław,Raków Częstochowa,1,1,D,1,1,2,0
2019/2020,2020-05-29,19:30,Pogoń Szczecin,Zagłębie Lubin,0,3,A,0,3,3,-3
2019/2020,2020-05-30,14:00,ŁKS Łódź,Górnik Zabrze,0,1,A,0,3,1,-1
2019/2020,2020-05-30,16:30,Piast Gliwice,Wisła Kraków,4,0,H,3,0,4,4
2019/2020,2020-05-30,19:00,Lech Poznań,Legia Warszawa,0,1,A,0,3,1,-1
2019/2020,2020-05-31,11:30,Wisła Płock,Korona Kielce,1,4,A,0,3,5,-3
2019/2020,2020-05-31,14:00,Cracovia,Jagiellonia Białystok,0,1,A,0,3,1,-1
2019/2020,2020-05-31,16:30,Lechia Gdańsk,Arka Gdynia,4,3,H,3,0,7,1
2019/2020,2020-06-05,17:00,Korona Kielce,Piast Gliwice,1,2,A,0,3,3,-1
2019/2020,2020-06-05,19:30,Górnik Zabrze,Lechia Gdańsk,2,2,D,1,1,4,0
2019/2020,2020-06-06,14:00,Jagiellonia Białystok,Wisła Płock,2,2,D,1,1,4,0
2019/2020,2020-06-06,16:30,Zagłębie Lubin,Lech Poznań,3,3,D,1,1,6,0
2019/2020,2020-06-06,19:00,Pogoń Szczecin,Cracovia,1,0,H,3,0,1,1
2019/2020,2020-06-07,11:30,Raków Częstochowa,ŁKS Łódź,1,1,D,1,1,2,0
2019/2020,2020-06-07,14:00,Arka Gdynia,Śląsk Wrocław,2,1,H,3,0,3,1
2019/2020,2020-06-07,16:30,Wisła Kraków,Legia Warszawa,1,3,A,0,3,4,-2
2019/2020,2020-06-09,17:00,Lechia Gdańsk,Cracovia,1,3,A,0,3,4,-2
2019/2020,2020-06-09,17:00,Piast Gliwice,Górnik Zabrze,0,0,D,1,1,0,0
2019/2020,2020-06-09,19:30,Lech Poznań,Pogoń Szczecin,4,0,H,3,0,4,4
2019/2020,2020-06-09,19:30,Zagłębie Lubin,Korona Kielce,1,1,D,1,1,2,0
2019/2020,2020-06-10,17:00,Wisła Kraków,Raków Częstochowa,3,2,H,3,0,5,1
2019/2020,2020-06-10,17:00,Wisła Płock,Śląsk Wrocław,1,2,A,0,3,3,-1
2019/2020,2020-06-10,19:30,Legia Warszawa,Arka Gdynia,5,1,H,3,0,6,4
2019/2020,2020-06-10,19:30,ŁKS Łódź,Jagiellonia Białystok,0,3,A,0,3,3,-3
2019/2020,2020-06-14,17:00,Arka Gdynia,Wisła Kraków,0,0,D,1,1,0,0
2019/2020,2020-06-14,17:00,Cracovia,Wisła Płock,1,1,D,1,1,2,0
2019/2020,2020-06-14,17:00,Górnik Zabrze,Legia Warszawa,2,0,H,3,0,2,2
2019/2020,2020-06-14,17:00,Jagiellonia Białystok,Piast Gliwice,0,2,A,0,3,2,-2
2019/2020,2020-06-14,17:00,Korona Kielce,Lech Poznań,0,3,A,0,3,3,-3
2019/2020,2020-06-14,17:00,Pogoń Szczecin,Lechia Gdańsk,1,1,D,1,1,2,0
2019/2020,2020-06-14,17:00,Raków Częstochowa,Zagłębie Lubin,2,1,H,3,0,3,1
2019/2020,2020-06-14,17:00,Śląsk Wrocław,ŁKS Łódź,4,0,H,3,0,4,4
2019/2020,2020-06-19,17:00,Zagłębie Lubin,ŁKS Łódź,1,0,H,3,0,1,1
2019/2020,2020-06-19,19:30,Górnik Zabrze,Korona Kielce,3,2,H,3,0,5,1
2019/2020,2020-06-20,14:00,Wisła Płock,Arka Gdynia,0,0,D,1,1,0,0
2019/2020,2020-06-20,16:30,Piast Gliwice,Lech Poznań,0,2,A,0,3,2,-2
2019/2020,2020-06-20,19:00,Raków Częstochowa,Wisła Kraków,3,1,H,3,0,4,2
2019/2020,2020-06-21,11:30,Pogoń Szczecin,Lechia Gdańsk,0,1,A,0,3,1,-1
2019/2020,2020-06-21,14:00,Cracovia,Jagiellonia Białystok,1,2,A,0,3,3,-1
2019/2020,2020-06-21,16:30,Legia Warszawa,Śląsk Wrocław,2,0,H,3,0,2,2
2019/2020,2020-06-23,17:00,Arka Gdynia,Zagłębie Lubin,3,2,H,3,0,5,1
2019/2020,2020-06-23,17:00,Korona Kielce,Raków Częstochowa,0,1,A,0,3,1,-1
2019/2020,2020-06-23,19:30,ŁKS Łódź,Górnik Zabrze,1,3,A,0,3,4,-2
2019/2020,2020-06-23,19:30,Wisła Kraków,Wisła Płock,1,0,H,3,0,1,1
2019/2020,2020-06-24,17:00,Lechia Gdańsk,Piast Gliwice,1,0,H,3,0,1,1
2019/2020,2020-06-24,19:30,Jagiellonia Białystok,Legia Warszawa,0,0,D,1,1,0,0
2019/2020,2020-06-24,19:30,Lech Poznań,Pogoń Szczecin,0,0,D,1,1,0,0
2019/2020,2020-06-25,18:00,Śląsk Wrocław,Cracovia,3,2,H,3,0,5,1
2019/2020,2020-06-26,17:00,Raków Częstochowa,Arka Gdynia,3,2,H,3,0,5,1
2019/2020,2020-06-26,19:30,Zagłębie Lubin,Korona Kielce,2,1,H,3,0,3,1
2019/2020,2020-06-27,14:00,Wisła Płock,ŁKS Łódź,2,0,H,3,0,2,2
2019/2020,2020-06-27,16:30,Legia Warszawa,Piast Gliwice,1,1,D,1,1,2,0
2019/2020,2020-06-27,19:00,Górnik Zabrze,Wisła Kraków,0,1,A,0,3,1,-1
2019/2020,2020-06-28,14:00,Jagiellonia Białystok,Lechia Gdańsk,1,2,A,0,3,3,-1
2019/2020,2020-06-28,16:30,Śląsk Wrocław,Lech Poznań,2,2,D,1,1,4,0
2019/2020,2020-06-29,17:00,Cracovia,Pogoń Szczecin,2,1,H,3,0,3,1
2019/2020,2020-07-03,17:00,ŁKS Łódź,Wisła Kraków,1,2,A,0,3,3,-1
2019/2020,2020-07-03,19:30,Korona Kielce,Arka Gdynia,1,1,D,1,1,2,0
2019/2020,2020-07-04,14:00,Raków Częstochowa,Zagłębie Lubin,1,2,A,0,3,3,-1
2019/2020,2020-07-04,16:30,Lech Poznań,Legia Warszawa,2,1,H,3,0,3,1
2019/2020,2020-07-04,19:00,Lechia Gdańsk,Cracovia,0,3,A,0,3,3,-3
2019/2020,2020-07-05,14:00,Pogoń Szczecin,Jagiellonia Białystok,2,2,D,1,1,4,0
2019/2020,2020-07-05,16:30,Piast Gliwice,Śląsk Wrocław,1,0,H,3,0,1,1
2019/2020,2020-07-06,17:00,Wisła Płock,Górnik Zabrze,1,0,H,3,0,1,1
2019/2020,2020-07-10,17:00,Zagłębie Lubin,Wisła Płock,0,1,A,0,3,1,-1
2019/2020,2020-07-10,19:30,Górnik Zabrze,Raków Częstochowa,4,1,H,3,0,5,3
2019/2020,2020-07-11,14:00,Arka Gdynia,ŁKS Łódź,3,2,H,3,0,5,1
2019/2020,2020-07-11,16:30,Legia Warszawa,Cracovia,2,0,H,3,0,2,2
2019/2020,2020-07-11,19:00,Wisła Kraków,Korona Kielce,1,1,D,1,1,2,0
2019/2020,2020-07-12,11:30,Śląsk Wrocław,Pogoń Szczecin,2,2,D,1,1,4,0
2019/2020,2020-07-12,14:00,Piast Gliwice,Jagiellonia Białystok,2,0,H,3,0,2,2
2019/2020,2020-07-12,16:30,Lech Poznań,Lechia Gdańsk,3,2,H,3,0,5,1
2019/2020,2020-07-14,19:30,Arka Gdynia,Górnik Zabrze,1,2,A,0,3,3,-1
2019/2020,2020-07-14,19:30,ŁKS Łódź,Raków Częstochowa,3,2,H,3,0,5,1
2019/2020,2020-07-14,19:30,Wisła Płock,Korona Kielce,3,1,H,3,0,4,2
2019/2020,2020-07-14,19:30,Zagłębie Lubin,Wisła Kraków,3,1,H,3,0,4,2
2019/2020,2020-07-15,19:30,Cracovia,Lech Poznań,1,2,A,0,3,3,-1
2019/2020,2020-07-15,19:30,Jagiellonia Białystok,Śląsk Wrocław,2,1,H,3,0,3,1
2019/2020,2020-07-15,19:30,Lechia Gdańsk,Legia Warszawa,0,0,D,1,1,0,0
2019/2020,2020-07-15,19:30,Pogoń Szczecin,Piast Gliwice,1,0,H,3,0,1,1
2019/2020,2020-07-18,16:30,Górnik Zabrze,Zagłębie Lubin,0,2,A,0,3,2,-2
2019/2020,2020-07-18,16:30,Korona Kielce,ŁKS Łódź,2,0,H,3,0,2,2
2019/2020,2020-07-18,16:30,Raków Częstochowa,Wisła Płock,2,1,H,3,0,3,1
2019/2020,2020-07-18,16:30,Wisła Kraków,Arka Gdynia,0,1,A,0,3,1,-1
2019/2020,2020-07-19,16:30,Lech Poznań,Jagiellonia Białystok,4,0,H,3,0,4,4
2019/2020,2020-07-19,16:30,Legia Warszawa,Pogoń Szczecin,1,2,A,0,3,3,-1
2019/2020,2020-07-19,16:30,Piast Gliwice,Cracovia,1,1,D,1,1,2,0
2019/2020,2020-07-19,16:30,Śląsk Wrocław,Lechia Gdańsk,1,2,A,0,3,3,-1
2020/2021,2020-08-21,17:00,Zagłębie Lubin,Lech Poznań,2,1,H,3,0,3,1
2020/2021,2020-08-22,14:00,Cracovia,Pogoń Szczecin,2,1,H,3,0,3,1
2020/2021,2020-08-22,16:30,Śląsk Wrocław,Piast Gliwice,2,0,H,3,0,2,2
2020/2021,2020-08-22,19:00,Raków Częstochowa,Legia Warszawa,1,2,A,0,3,3,-1
2020/2021,2020-08-23,11:30,Wisła Płock,Stal Mielec,1,1,D,1,1,2,0
2020/2021,2020-08-23,14:00,Warta Poznań,Lechia Gdańsk,0,1,A,0,3,1,-1
2020/2021,2020-08-23,16:30,Górnik Zabrze,Podbeskidzie Bielsko-Biała,4,2,H,3,0,6,2
2020/2021,2020-08-24,17:00,Jagiellonia Białystok,Wisła Kraków,1,1,D,1,1,2,0
2020/2021,2020-08-28,17:00,Zagłębie Lubin,Warta Poznań,1,0,H,3,0,1,1
2020/2021,2020-08-28,19:30,Stal Mielec,Górnik Zabrze,0,2,A,0,3,2,-2
2020/2021,2020-08-29,14:00,Lechia Gdańsk,Raków Częstochowa,1,3,A,0,3,4,-2
2020/2021,2020-08-29,16:30,Wisła Kraków,Śląsk Wrocław,1,3,A,0,3,4,-2
2020/2021,2020-08-29,19:00,Legia Warszawa,Jagiellonia Białystok,1,2,A,0,3,3,-1
2020/2021,2020-08-30,11:30,Piast Gliwice,Pogoń Szczecin,0,1,A,0,3,1,-1
2020/2021,2020-08-30,14:00,Podbeskidzie Bielsko-Biała,Cracovia,2,2,D,1,1,4,0
2020/2021,2020-08-30,16:30,Lech Poznań,Wisła Płock,2,2,D,1,1,4,0
2020/2021,2020-09-11,17:00,Jagiellonia Białystok,Podbeskidzie Bielsko-Biała,2,2,D,1,1,4,0
2020/2021,2020-09-11,19:30,Wisła Płock,Legia Warszawa,0,1,A,0,3,1,-1
2020/2021,2020-09-12,14:00,Cracovia,Stal Mielec,1,1,D,1,1,2,0
2020/2021,2020-09-12,16:30,Warta Poznań,Piast Gliwice,0,0,D,1,1,0,0
2020/2021,2020-09-12,19:00,Śląsk Wrocław,Lech Poznań,3,3,D,1,1,6,0
2020/2021,2020-09-13,14:00,Pogoń Szczecin,Wisła Kraków,2,2,D,1,1,4,0
2020/2021,2020-09-13,16:30,Górnik Zabrze,Lechia Gdańsk,3,0,H,3,0,3,3
2020/2021,2020-09-14,17:00,Raków Częstochowa,Zagłębie Lubin,2,1,H,3,0,3,1
2020/2021,2020-09-18,17:00,Podbeskidzie Bielsko-Biała,Raków Częstochowa,1,4,A,0,3,5,-3
2020/2021,2020-09-18,19:30,Wisła Kraków,Wisła Płock,0,3,A,0,3,3,-3
2020/2021,2020-09-19,14:00,Lechia Gdańsk,Stal Mielec,4,2,H,3,0,6,2
2020/2021,2020-09-19,16:30,Pogoń Szczecin,Śląsk Wrocław,1,0,H,3,0,1,1
2020/2021,2020-09-19,19:00,Legia Warszawa,Górnik Zabrze,1,3,A,0,3,4,-2
2020/2021,2020-09-20,14:00,Zagłębie Lubin,Cracovia,1,1,D,1,1,2,0
2020/2021,2020-09-20,16:30,Lech Poznań,Warta Poznań,1,0,H,3,0,1,1
2020/2021,2020-09-21,17:00,Piast Gliwice,Jagiellonia Białystok,0,1,A,0,3,1,-1
2020/2021,2020-09-25,17:00,Wisła Płock,Warta Poznań,1,3,A,0,3,4,-2
2020/2021,2020-09-25,19:30,Górnik Zabrze,Wisła Kraków,0,0,D,1,1,0,0
2020/2021,2020-09-26,14:00,Cracovia,Raków Częstochowa,2,2,D,1,1,4,0
2020/2021,2020-09-26,16:30,Lechia Gdańsk,Podbeskidzie Bielsko-Biała,4,0,H,3,0,4,4
2020/2021,2020-09-26,19:00,Jagiellonia Białystok,Zagłębie Lubin,0,1,A,0,3,1,-1
2020/2021,2020-09-28,17:00,Stal Mielec,Piast Gliwice,3,2,H,3,0,5,1
2020/2021,2020-10-02,17:00,Raków Częstochowa,Wisła Płock,3,0,H,3,0,3,3
2020/2021,2020-10-02,19:30,Śląsk Wrocław,Cracovia,3,1,H,3,0,4,2
2020/2021,2020-10-03,14:00,Podbeskidzie Bielsko-Biała,Stal Mielec,1,0,H,3,0,1,1
2020/2021,2020-10-03,19:00,Zagłębie Lubin,Górnik Zabrze,2,0,H,3,0,2,2
2020/2021,2020-10-04,16:30,Piast Gliwice,Lech Poznań,1,4,A,0,3,5,-3
2020/2021,2020-10-17,14:00,Cracovia,Piast Gliwice,1,0,H,3,0,1,1
2020/2021,2020-10-17,16:30,Górnik Zabrze,Raków Częstochowa,1,3,A,0,3,4,-2
2020/2021,2020-10-17,19:00,Jagiellonia Białystok,Lech Poznań,2,1,H,3,0,3,1
2020/2021,2020-10-18,11:30,Wisła Płock,Śląsk Wrocław,1,0,H,3,0,1,1
2020/2021,2020-10-18,14:00,Stal Mielec,Wisła Kraków,0,6,A,0,3,6,-6
2020/2021,2020-10-18,16:30,Legia Warszawa,Zagłębie Lubin,2,1,H,3,0,3,1
2020/2021,2020-10-19,17:00,Podbeskidzie Bielsko-Biała,Warta Poznań,1,2,A,0,3,3,-1
2020/2021,2020-10-19,19:30,Lechia Gdańsk,Pogoń Szczecin,0,1,A,0,3,1,-1
2020/2021,2020-10-21,17:00,Legia Warszawa,Śląsk Wrocław,2,1,H,3,0,3,1
2020/2021,2020-10-23,17:00,Piast Gliwice,Wisła Płock,2,2,D,1,1,4,0
2020/2021,2020-10-23,19:30,Zagłębie Lubin,Lechia Gdańsk,1,1,D,1,1,2,0
2020/2021,2020-10-24,14:00,Wisła Kraków,Podbeskidzie Bielsko-Biała,3,0,H,3,0,3,3
2020/2021,2020-10-24,16:30,Śląsk Wrocław,Jagiellonia Białystok,1,0,H,3,0,1,1
2020/2021,2020-10-24,19:00,Pogoń Szczecin,Legia Warszawa,0,0,D,1,1,0,0
2020/2021,2020-10-25,14:00,Raków Częstochowa,Stal Mielec,2,1,H,3,0,3,1
2020/2021,2020-10-25,16:30,Lech Poznań,Cracovia,1,1,D,1,1,2,0
2020/2021,2020-10-26,17:00,Warta Poznań,Górnik Zabrze,0,1,A,0,3,1,-1
2020/2021,2020-10-28,17:00,Wisła Kraków,Lechia Gdańsk,1,3,A,0,3,4,-2
2020/2021,2020-10-30,17:00,Pogoń Szczecin,Jagiellonia Białystok,3,0,H,3,0,3,3
2020/2021,2020-11-02,17:00,Warta Poznań,Legia Warszawa,0,3,A,0,3,3,-3
2020/2021,2020-11-07,14:00,Stal Mielec,Warta Poznań,0,1,A,0,3,1,-1
2020/2021,2020-11-07,16:30,Cracovia,Jagiellonia Białystok,3,1,H,3,0,4,2
2020/2021,2020-11-07,19:00,Śląsk Wrocław,Górnik Zabrze,0,0,D,1,1,0,0
2020/2021,2020-11-08,14:00,Legia Warszawa,Lech Poznań,2,1,H,3,0,3,1
2020/2021,2020-11-08,16:30,Raków Częstochowa,Wisła Kraków,0,0,D,1,1,0,0
2020/2021,2020-11-09,17:00,Pogoń Szczecin,Podbeskidzie Bielsko-Biała,1,1,D,1,1,2,0
2020/2021,2020-11-20,17:00,Lechia Gdańsk,Śląsk Wrocław,3,2,H,3,0,5,1
2020/2021,2020-11-20,19:30,Górnik Zabrze,Piast Gliwice,1,2,A,0,3,3,-1
2020/2021,2020-11-21,16:30,Zagłębie Lubin,Stal Mielec,2,2,D,1,1,4,0
2020/2021,2020-11-21,19:00,Warta Poznań,Wisła Kraków,2,1,H,3,0,3,1
2020/2021,2020-11-22,11:30,Lech Poznań,Raków Częstochowa,3,3,D,1,1,6,0
2020/2021,2020-11-22,16:30,Cracovia,Legia Warszawa,0,1,A,0,3,1,-1
2020/2021,2020-11-23,17:00,Piast Gliwice,Lechia Gdańsk,2,0,H,3,0,2,2
2020/2021,2020-11-23,19:30,Jagiellonia Białystok,Wisła Płock,5,2,H,3,0,7,3
2020/2021,2020-11-24,17:00,Podbeskidzie Bielsko-Biała,Zagłębie Lubin,2,1,H,3,0,3,1
2020/2021,2020-11-27,17:00,Wisła Płock,Cracovia,0,1,A,0,3,1,-1
2020/2021,2020-11-27,19:30,Górnik Zabrze,Pogoń Szczecin,2,1,H,3,0,3,1
2020/2021,2020-11-28,14:00,Stal Mielec,Jagiellonia Białystok,3,1,H,3,0,4,2
2020/2021,2020-11-28,16:30,Podbeskidzie Bielsko-Biała,Śląsk Wrocław,0,2,A,0,3,2,-2
2020/2021,2020-11-28,19:00,Wisła Kraków,Zagłębie Lubin,1,2,A,0,3,3,-1
2020/2021,2020-11-29,14:00,Raków Częstochowa,Warta Poznań,1,0,H,3,0,1,1
2020/2021,2020-11-29,16:30,Legia Warszawa,Piast Gliwice,2,2,D,1,1,4,0
2020/2021,2020-11-30,17:00,Lechia Gdańsk,Lech Poznań,0,1,A,0,3,1,-1
2020/2021,2020-12-02,17:00,Wisła Płock,Pogoń Szczecin,0,0,D,1,1,0,0
2020/2021,2020-12-04,19:30,Cracovia,Wisła Kraków,1,1,D,1,1,2,0
2020/2021,2020-12-05,14:00,Jagiellonia Białystok,Warta Poznań,4,3,H,3,0,7,1
2020/2021,2020-12-05,16:30,Śląsk Wrocław,Raków Częstochowa,1,0,H,3,0,1,1
2020/2021,2020-12-05,19:00,Legia Warszawa,Lechia Gdańsk,2,0,H,3,0,2,2
2020/2021,2020-12-06,14:00,Piast Gliwice,Zagłębie Lubin,1,1,D,1,1,2,0
2020/2021,2020-12-06,16:30,Lech Poznań,Podbeskidzie Bielsko-Biała,4,0,H,3,0,4,4
2020/2021,2020-12-07,17:00,Pogoń Szczecin,Stal Mielec,2,0,H,3,0,2,2
2020/2021,2020-12-07,19:30,Wisła Płock,Górnik Zabrze,0,1,A,0,3,1,-1
2020/2021,2020-12-11,17:00,Podbeskidzie Bielsko-Biała,Piast Gliwice,0,5,A,0,3,5,-5
2020/2021,2020-12-11,19:30,Zagłębie Lubin,Śląsk Wrocław,2,1,H,3,0,3,1
2020/2021,2020-12-12,14:00,Warta Poznań,Pogoń Szczecin,1,2,A,0,3,3,-1
2020/2021,2020-12-12,16:30,Górnik Zabrze,Cracovia,0,2,A,0,3,2,-2
2020/2021,2020-12-12,19:00,Wisła Kraków,Legia Warszawa,1,2,A,0,3,3,-1
2020/2021,2020-12-13,14:00,Stal Mielec,Lech Poznań,1,1,D,1,1,2,0
2020/2021,2020-12-13,16:30,Raków Częstochowa,Jagiellonia Białystok,3,2,H,3,0,5,1
2020/2021,2020-12-14,17:00,Lechia Gdańsk,Wisła Płock,0,1,A,0,3,1,-1
2020/2021,2020-12-16,19:30,Lech Poznań,Pogoń Szczecin,0,4,A,0,3,4,-4
2020/2021,2020-12-17,17:00,Śląsk Wrocław,Warta Poznań,2,1,H,3,0,3,1
2020/2021,2020-12-18,17:00,Wisła Płock,Podbeskidzie Bielsko-Biała,4,1,H,3,0,5,3
2020/2021,2020-12-18,19:30,Legia Warszawa,Stal Mielec,2,3,A,0,3,5,-1
2020/2021,2020-12-19,14:00,Pogoń Szczecin,Zagłębie Lubin,1,0,H,3,0,1,1
2020/2021,2020-12-19,16:30,Cracovia,Lechia Gdańsk,0,3,A,0,3,3,-3
2020/2021,2020-12-19,19:00,Lech Poznań,Wisła Kraków,0,1,A,0,3,1,-1
2020/2021,2020-12-20,14:00,Piast Gliwice,Raków Częstochowa,0,0,D,1,1,0,0
2020/2021,2020-12-20,16:30,Jagiellonia Białystok,Górnik Zabrze,1,0,H,3,0,1,1
2020/2021,2021-01-29,17:00,Zagłębie Lubin,Wisła Płock,0,2,A,0,3,2,-2
2020/2021,2021-01-29,19:30,Raków Częstochowa,Pogoń Szczecin,0,1,A,0,3,1,-1
2020/2021,2021-01-30,14:00,Warta Poznań,Cracovia,1,0,H,3,0,1,1
2020/2021,2021-01-30,16:30,Lechia Gdańsk,Jagiellonia Białystok,0,2,A,0,3,2,-2
2020/2021,2021-01-30,19:00,Górnik Zabrze,Lech Poznań,1,1,D,1,1,2,0
2020/2021,2021-01-31,14:00,Wisła Kraków,Piast Gliwice,3,4,A,0,3,7,-1
2020/2021,2021-01-31,16:30,Podbeskidzie Bielsko-Biała,Legia Warszawa,1,0,H,3,0,1,1
2020/2021,2021-02-01,17:00,Stal Mielec,Śląsk Wrocław,0,0,D,1,1,0,0
2020/2021,2021-02-05,17:00,Lechia Gdańsk,Warta Poznań,1,1,D,1,1,2,0
2020/2021,2021-02-05,19:30,Lech Poznań,Zagłębie Lubin,0,0,D,1,1,0,0
2020/2021,2021-02-06,14:00,Piast Gliwice,Śląsk Wrocław,2,0,H,3,0,2,2
2020/2021,2021-02-06,16:30,Pogoń Szczecin,Cracovia,1,0,H,3,0,1,1
2020/2021,2021-02-06,19:00,Legia Warszawa,Raków Częstochowa,2,0,H,3,0,2,2
2020/2021,2021-02-07,14:00,Podbeskidzie Bielsko-Biała,Górnik Zabrze,2,1,H,3,0,3,1
2020/2021,2021-02-07,16:30,Wisła Kraków,Jagiellonia Białystok,2,0,H,3,0,2,2
2020/2021,2021-02-12,19:30,Śląsk Wrocław,Wisła Kraków,1,1,D,1,1,2,0
2020/2021,2021-02-13,14:00,Cracovia,Podbeskidzie Bielsko-Biała,1,1,D,1,1,2,0
2020/2021,2021-02-13,16:30,Pogoń Szczecin,Piast Gliwice,0,0,D,1,1,0,0
2020/2021,2021-02-13,19:00,Raków Częstochowa,Lechia Gdańsk,0,1,A,0,3,1,-1
2020/2021,2021-02-14,14:00,Wisła Płock,Lech Poznań,1,0,H,3,0,1,1
2020/2021,2021-02-14,16:30,Jagiellonia Białystok,Legia Warszawa,1,1,D,1,1,2,0
2020/2021,2021-02-15,17:00,Warta Poznań,Zagłębie Lubin,1,0,H,3,0,1,1
2020/2021,2021-02-15,19:30,Górnik Zabrze,Stal Mielec,2,1,H,3,0,3,1
2020/2021,2021-02-19,17:00,Stal Mielec,Cracovia,0,0,D,1,1,0,0
2020/2021,2021-02-19,19:30,Wisła Kraków,Pogoń Szczecin,2,1,H,3,0,3,1
2020/2021,2021-02-20,14:00,Legia Warszawa,Wisła Płock,5,2,H,3,0,7,3
2020/2021,2021-02-20,16:30,Podbeskidzie Bielsko-Biała,Jagiellonia Białystok,1,1,D,1,1,2,0
2020/2021,2021-02-20,19:00,Lechia Gdańsk,Górnik Zabrze,2,0,H,3,0,2,2
2020/2021,2021-02-21,14:00,Zagłębie Lubin,Raków Częstochowa,1,2,A,0,3,3,-1
2020/2021,2021-02-21,16:30,Lech Poznań,Śląsk Wrocław,1,0,H,3,0,1,1
2020/2021,2021-02-22,17:00,Piast Gliwice,Warta Poznań,0,1,A,0,3,1,-1
2020/2021,2021-02-26,17:00,Raków Częstochowa,Podbeskidzie Bielsko-Biała,1,0,H,3,0,1,1
2020/2021,2021-02-26,19:30,Warta Poznań,Lech Poznań,1,2,A,0,3,3,-1
2020/2021,2021-02-27,14:00,Stal Mielec,Lechia Gdańsk,0,1,A,0,3,1,-1
2020/2021,2021-02-27,16:30,Jagiellonia Białystok,Piast Gliwice,0,1,A,0,3,1,-1
2020/2021,2021-02-27,19:00,Górnik Zabrze,Legia Warszawa,1,2,A,0,3,3,-1
2020/2021,2021-02-28,11:30,Wisła Płock,Wisła Kraków,1,3,A,0,3,4,-2
2020/2021,2021-02-28,14:00,Cracovia,Zagłębie Lubin,2,4,A,0,3,6,-2
2020/2021,2021-02-28,16:30,Śląsk Wrocław,Pogoń Szczecin,2,1,H,3,0,3,1
2020/2021,2021-03-04,19:30,Stal Mielec,Wisła Płock,2,2,D,1,1,4,0
2020/2021,2021-03-05,19:30,Wisła Kraków,Górnik Zabrze,0,0,D,1,1,0,0
2020/2021,2021-03-06,14:00,Podbeskidzie Bielsko-Biała,Lechia Gdańsk,2,2,D,1,1,4,0
2020/2021,2021-03-06,16:30,Zagłębie Lubin,Jagiellonia Białystok,3,0,H,3,0,3,3
2020/2021,2021-03-06,19:00,Raków Częstochowa,Cracovia,0,0,D,1,1,0,0
2020/2021,2021-03-07,11:30,Piast Gliwice,Stal Mielec,2,1,H,3,0,3,1
2020/2021,2021-03-07,14:00,Pogoń Szczecin,Lech Poznań,0,1,A,0,3,1,-1
2020/2021,2021-03-07,16:30,Śląsk Wrocław,Legia Warszawa,0,1,A,0,3,1,-1
2020/2021,2021-03-08,17:00,Warta Poznań,Wisła Płock,2,0,H,3,0,2,2
2020/2021,2021-03-12,17:00,Cracovia,Śląsk Wrocław,1,1,D,1,1,2,0
2020/2021,2021-03-12,19:30,Jagiellonia Białystok,Pogoń Szczecin,0,1,A,0,3,1,-1
2020/2021,2021-03-13,14:00,Wisła Płock,Raków Częstochowa,2,2,D,1,1,4,0
2020/2021,2021-03-13,16:30,Lechia Gdańsk,Wisła Kraków,2,0,H,3,0,2,2
2020/2021,2021-03-13,19:00,Legia Warszawa,Warta Poznań,3,2,H,3,0,5,1
2020/2021,2021-03-14,14:00,Górnik Zabrze,Zagłębie Lubin,2,0,H,3,0,2,2
2020/2021,2021-03-14,16:30,Lech Poznań,Piast Gliwice,0,0,D,1,1,0,0
2020/2021,2021-03-15,17:00,Stal Mielec,Podbeskidzie Bielsko-Biała,2,1,H,3,0,3,1
2020/2021,2021-03-19,17:00,Piast Gliwice,Cracovia,2,0,H,3,0,2,2
2020/2021,2021-03-19,19:30,Pogoń Szczecin,Lechia Gdańsk,1,0,H,3,0,1,1
2020/2021,2021-03-20,14:00,Śląsk Wrocław,Wisła Płock,0,0,D,1,1,0,0
2020/2021,2021-03-20,16:30,Raków Częstochowa,Górnik Zabrze,0,0,D,1,1,0,0
2020/2021,2021-03-20,19:00,Lech Poznań,Jagiellonia Białystok,2,3,A,0,3,5,-1
2020/2021,2021-03-21,11:30,Warta Poznań,Podbeskidzie Bielsko-Biała,2,0,H,3,0,2,2
2020/2021,2021-03-21,14:00,Wisła Kraków,Stal Mielec,3,1,H,3,0,4,2
2020/2021,2021-03-21,16:30,Zagłębie Lubin,Legia Warszawa,0,4,A,0,3,4,-4
2020/2021,2021-04-03,11:30,Wisła Płock,Piast Gliwice,0,1,A,0,3,1,-1
2020/2021,2021-04-03,16:30,Legia Warszawa,Pogoń Szczecin,4,2,H,3,0,6,2
2020/2021,2021-04-03,19:00,Cracovia,Lech Poznań,2,1,H,3,0,3,1
2020/2021,2021-04-05,11:30,Górnik Zabrze,Warta Poznań,1,2,A,0,3,3,-1
2020/2021,2021-04-05,14:00,Podbeskidzie Bielsko-Biała,Wisła Kraków,2,0,H,3,0,2,2
2020/2021,2021-04-05,16:30,Jagiellonia Białystok,Śląsk Wrocław,0,1,A,0,3,1,-1
2020/2021,2021-04-05,19:00,Lechia Gdańsk,Zagłębie Lubin,3,1,H,3,0,4,2
2020/2021,2021-04-09,17:00,Jagiellonia Białystok,Cracovia,2,1,H,3,0,3,1
2020/2021,2021-04-09,19:30,Wisła Kraków,Raków Częstochowa,1,2,A,0,3,3,-1
2020/2021,2021-04-10,14:00,Pogoń Szczecin,Wisła Płock,2,0,H,3,0,2,2
2020/2021,2021-04-10,16:30,Warta Poznań,Stal Mielec,0,0,D,1,1,0,0
2020/2021,2021-04-10,19:00,Śląsk Wrocław,Lechia Gdańsk,1,1,D,1,1,2,0
2020/2021,2021-04-11,14:00,Zagłębie Lubin,Podbeskidzie Bielsko-Biała,2,1,H,3,0,3,1
2020/2021,2021-04-11,16:30,Lech Poznań,Legia Warszawa,0,0,D,1,1,0,0
2020/2021,2021-04-12,17:00,Piast Gliwice,Górnik Zabrze,2,0,H,3,0,2,2
2020/2021,2021-04-16,17:00,Podbeskidzie Bielsko-Biała,Pogoń Szczecin,0,2,A,0,3,2,-2
2020/2021,2021-04-16,19:30,Górnik Zabrze,Śląsk Wrocław,1,1,D,1,1,2,0
2020/2021,2021-04-17,14:00,Lechia Gdańsk,Piast Gliwice,2,2,D,1,1,4,0
2020/2021,2021-04-17,16:30,Raków Częstochowa,Lech Poznań,3,1,H,3,0,4,2
2020/2021,2021-04-17,19:00,Wisła Kraków,Warta Poznań,0,1,A,0,3,1,-1
2020/2021,2021-04-18,11:30,Stal Mielec,Zagłębie Lubin,0,2,A,0,3,2,-2
2020/2021,2021-04-18,14:00,Wisła Płock,Jagiellonia Białystok,2,2,D,1,1,4,0
2020/2021,2021-04-18,16:30,Legia Warszawa,Cracovia,0,0,D,1,1,0,0
2020/2021,2021-04-20,17:00,Pogoń Szczecin,Górnik Zabrze,1,0,H,3,0,1,1
2020/2021,2021-04-20,17:00,Warta Poznań,Raków Częstochowa,0,2,A,0,3,2,-2
2020/2021,2021-04-20,19:30,Lech Poznań,Lechia Gdańsk,3,0,H,3,0,3,3
2020/2021,2021-04-20,19:30,Śląsk Wrocław,Podbeskidzie Bielsko-Biała,4,3,H,3,0,7,1
2020/2021,2021-04-21,17:00,Jagiellonia Białystok,Stal Mielec,3,3,D,1,1,6,0
2020/2021,2021-04-21,17:00,Zagłębie Lubin,Wisła Kraków,4,1,H,3,0,5,3
2020/2021,2021-04-21,19:30,Cracovia,Wisła Płock,1,0,H,3,0,1,1
2020/2021,2021-04-21,19:30,Piast Gliwice,Legia Warszawa,0,1,A,0,3,1,-1
2020/2021,2021-04-23,17:00,Raków Częstochowa,Śląsk Wrocław,2,0,H,3,0,2,2
2020/2021,2021-04-23,19:30,Podbeskidzie Bielsko-Biała,Lech Poznań,1,0,H,3,0,1,1
2020/2021,2021-04-24,14:00,Górnik Zabrze,Wisła Płock,0,2,A,0,3,2,-2
2020/2021,2021-04-24,16:30,Zagłębie Lubin,Piast Gliwice,2,2,D,1,1,4,0
2020/2021,2021-04-24,19:00,Wisła Kraków,Cracovia,0,0,D,1,1,0,0
2020/2021,2021-04-25,11:30,Warta Poznań,Jagiellonia Białystok,2,0,H,3,0,2,2
2020/2021,2021-04-25,14:00,Stal Mielec,Pogoń Szczecin,1,0,H,3,0,1,1
2020/2021,2021-04-25,16:30,Lechia Gdańsk,Legia Warszawa,0,1,A,0,3,1,-1
2020/2021,2021-04-28,18:00,Jagiellonia Białystok,Raków Częstochowa,0,0,D,1,1,0,0
2020/2021,2021-04-30,17:00,Wisła Płock,Lechia Gdańsk,1,3,A,0,3,4,-2
2020/2021,2021-04-30,19:30,Śląsk Wrocław,Zagłębie Lubin,0,0,D,1,1,0,0
2020/2021,2021-05-01,14:00,Legia Warszawa,Wisła Kraków,0,0,D,1,1,0,0
2020/2021,2021-05-01,16:30,Pogoń Szczecin,Warta Poznań,1,1,D,1,1,2,0
2020/2021,2021-05-01,19:00,Lech Poznań,Stal Mielec,1,2,A,0,3,3,-1
2020/2021,2021-05-03,14:00,Piast Gliwice,Podbeskidzie Bielsko-Biała,2,0,H,3,0,2,2
2020/2021,2021-05-03,16:30,Cracovia,Górnik Zabrze,1,0,H,3,0,1,1
2020/2021,2021-05-05,18:00,Stal Mielec,Raków Częstochowa,0,1,A,0,3,1,-1
2020/2021,2021-05-07,17:00,Górnik Zabrze,Jagiellonia Białystok,3,1,H,3,0,4,2
2020/2021,2021-05-07,19:30,Zagłębie Lubin,Pogoń Szczecin,1,1,D,1,1,2,0
2020/2021,2021-05-08,14:00,Podbeskidzie Bielsko-Biała,Wisła Płock,1,1,D,1,1,2,0
2020/2021,2021-05-08,16:30,Lechia Gdańsk,Cracovia,1,1,D,1,1,2,0
2020/2021,2021-05-08,19:00,Wisła Kraków,Lech Poznań,1,2,A,0,3,3,-1
2020/2021,2021-05-09,14:00,Warta Poznań,Śląsk Wrocław,2,3,A,0,3,5,-1
2020/2021,2021-05-09,16:30,Stal Mielec,Legia Warszawa,0,0,D,1,1,0,0
2020/2021,2021-05-10,17:00,Raków Częstochowa,Piast Gliwice,1,0,H,3,0,1,1
2020/2021,2021-05-16,16:30,Cracovia,Warta Poznań,0,1,A,0,3,1,-1
2020/2021,2021-05-16,16:30,Jagiellonia Białystok,Lechia Gdańsk,2,1,H,3,0,3,1
2020/2021,2021-05-16,16:30,Lech Poznań,Górnik Zabrze,1,1,D,1,1,2,0
2020/2021,2021-05-16,16:30,Legia Warszawa,Podbeskidzie Bielsko-Biała,1,0,H,3,0,1,1
2020/2021,2021-05-16,16:30,Piast Gliwice,Wisła Kraków,2,3,A,0,3,5,-1
2020/2021,2021-05-16,16:30,Pogoń Szczecin,Raków Częstochowa,1,3,A,0,3,4,-2
2020/2021,2021-05-16,16:30,Śląsk Wrocław,Stal Mielec,1,1,D,1,1,2,0
2020/2021,2021-05-16,16:30,Wisła Płock,Zagłębie Lubin,4,0,H,3,0,4,4
2021/2022,2021-07-23,17:00,Bruk-Bet Termalica Nieciecza,Stal Mielec,1,1,D,1,1,2,0
2021/2022,2021-07-23,19:30,Lech Poznań,Radomiak Radom,0,0,D,1,1,0,0
2021/2022,2021-07-24,14:00,Górnik Łęczna,Cracovia,1,1,D,1,1,2,0
2021/2022,2021-07-24,16:30,Jagiellonia Białystok,Lechia Gdańsk,1,1,D,1,1,2,0
2021/2022,2021-07-24,19:00,Legia Warszawa,Wisła Płock,1,0,H,3,0,1,1
2021/2022,2021-07-25,14:00,Piast Gliwice,Raków Częstochowa,2,3,A,0,3,5,-1
2021/2022,2021-07-25,16:30,Śląsk Wrocław,Warta Poznań,2,2,D,1,1,4,0
2021/2022,2021-07-25,19:00,Pogoń Szczecin,Górnik Zabrze,2,0,H,3,0,2,2
2021/2022,2021-07-26,17:00,Wisła Kraków,Zagłębie Lubin,3,0,H,3,0,3,3
2021/2022,2021-07-30,17:00,Zagłębie Lubin,Górnik Łęczna,3,1,H,3,0,4,2
2021/2022,2021-07-30,19:30,Górnik Zabrze,Lech Poznań,1,3,A,0,3,4,-2
2021/2022,2021-07-31,14:00,Stal Mielec,Piast Gliwice,0,2,A,0,3,2,-2
2021/2022,2021-07-31,16:30,Bruk-Bet Termalica Nieciecza,Wisła Kraków,2,2,D,1,1,4,0
2021/2022,2021-07-31,19:00,Radomiak Radom,Legia Warszawa,3,1,H,3,0,4,2
2021/2022,2021-08-01,14:00,Warta Poznań,Pogoń Szczecin,1,1,D,1,1,2,0
2021/2022,2021-08-01,16:30,Cracovia,Śląsk Wrocław,1,2,A,0,3,3,-1
2021/2022,2021-08-01,19:00,Jagiellonia Białystok,Raków Częstochowa,3,0,H,3,0,3,3
2021/2022,2021-08-02,17:00,Lechia Gdańsk,Wisła Płock,1,0,H,3,0,1,1
2021/2022,2021-08-06,17:00,Górnik Łęczna,Warta Poznań,0,4,A,0,3,4,-4
2021/2022,2021-08-06,19:30,Lech Poznań,Cracovia,2,0,H,3,0,2,2
2021/2022,2021-08-07,14:00,Jagiellonia Białystok,Bruk-Bet Termalica Nieciecza,1,0,H,3,0,1,1
2021/2022,2021-08-07,16:30,Górnik Zabrze,Stal Mielec,1,0,H,3,0,1,1
2021/2022,2021-08-08,14:00,Pogoń Szczecin,Piast Gliwice,1,0,H,3,0,1,1
2021/2022,2021-08-08,16:30,Wisła Kraków,Raków Częstochowa,1,2,A,0,3,3,-1
2021/2022,2021-08-08,19:00,Śląsk Wrocław,Lechia Gdańsk,1,1,D,1,1,2,0
2021/2022,2021-08-09,17:00,Wisła Płock,Radomiak Radom,1,0,H,3,0,1,1
2021/2022,2021-08-13,17:00,Bruk-Bet Termalica Nieciecza,Lech Poznań,1,3,A,0,3,4,-2
2021/2022,2021-08-13,19:30,Stal Mielec,Wisła Kraków,2,1,H,3,0,3,1
2021/2022,2021-08-14,14:00,Piast Gliwice,Wisła Płock,4,3,H,3,0,7,1
2021/2022,2021-08-14,16:30,Lechia Gdańsk,Cracovia,3,0,H,3,0,3,3
2021/2022,2021-08-14,19:00,Warta Poznań,Legia Warszawa,0,2,A,0,3,2,-2
2021/2022,2021-08-15,16:30,Śląsk Wrocław,Górnik Łęczna,0,0,D,1,1,0,0
2021/2022,2021-08-15,19:00,Zagłębie Lubin,Pogoń Szczecin,2,0,H,3,0,2,2
2021/2022,2021-08-16,17:00,Jagiellonia Białystok,Górnik Zabrze,1,3,A,0,3,4,-2
2021/2022,2021-08-20,17:00,Wisła Płock,Zagłębie Lubin,4,0,H,3,0,4,4
2021/2022,2021-08-20,19:30,Radomiak Radom,Warta Poznań,1,0,H,3,0,1,1
2021/2022,2021-08-21,14:00,Pogoń Szczecin,Stal Mielec,4,1,H,3,0,5,3
2021/2022,2021-08-21,16:30,Cracovia,Jagiellonia Białystok,2,1,H,3,0,3,1
2021/2022,2021-08-21,19:00,Górnik Łęczna,Wisła Kraków,1,3,A,0,3,4,-2
2021/2022,2021-08-22,14:00,Piast Gliwice,Śląsk Wrocław,1,1,D,1,1,2,0
2021/2022,2021-08-22,16:30,Lech Poznań,Lechia Gdańsk,2,0,H,3,0,2,2
2021/2022,2021-08-27,17:00,Stal Mielec,Górnik Łęczna,2,0,H,3,0,2,2
2021/2022,2021-08-27,19:30,Warta Poznań,Jagiellonia Białystok,1,1,D,1,1,2,0
2021/2022,2021-08-28,11:30,Bruk-Bet Termalica Nieciecza,Cracovia,1,2,A,0,3,3,-1
2021/2022,2021-08-28,14:00,Lechia Gdańsk,Radomiak Radom,2,2,D,1,1,4,0
2021/2022,2021-08-28,16:30,Lech Poznań,Pogoń Szczecin,1,1,D,1,1,2,0
2021/2022,2021-08-28,19:00,Górnik Zabrze,Piast Gliwice,0,1,A,0,3,1,-1
2021/2022,2021-08-29,11:30,Wisła Płock,Raków Częstochowa,1,1,D,1,1,2,0
2021/2022,2021-08-29,14:00,Zagłębie Lubin,Śląsk Wrocław,1,3,A,0,3,4,-2
2021/2022,2021-08-29,16:30,Wisła Kraków,Legia Warszawa,1,0,H,3,0,1,1
2021/2022,2021-09-11,11:30,Warta Poznań,Bruk-Bet Termalica Nieciecza,0,0,D,1,1,0,0
2021/2022,2021-09-11,14:00,Cracovia,Górnik Zabrze,2,2,D,1,1,4,0
2021/2022,2021-09-11,16:30,Jagiellonia Białystok,Stal Mielec,1,1,D,1,1,2,0
2021/2022,2021-09-11,19:00,Śląsk Wrocław,Legia Warszawa,1,0,H,3,0,1,1
2021/2022,2021-09-12,11:30,Piast Gliwice,Zagłębie Lubin,0,1,A,0,3,1,-1
2021/2022,2021-09-12,14:00,Wisła Kraków,Lechia Gdańsk,2,2,D,1,1,4,0
2021/2022,2021-09-12,16:30,Raków Częstochowa,Lech Poznań,2,2,D,1,1,4,0
2021/2022,2021-09-13,17:00,Górnik Łęczna,Wisła Płock,3,2,H,3,0,5,1
2021/2022,2021-09-13,19:30,Radomiak Radom,Pogoń Szczecin,1,1,D,1,1,2,0
2021/2022,2021-09-17,17:00,Zagłębie Lubin,Bruk-Bet Termalica Nieciecza,2,1,H,3,0,3,1
2021/2022,2021-09-17,19:30,Lech Poznań,Wisła Kraków,5,0,H,3,0,5,5
2021/2022,2021-09-18,11:30,Wisła Płock,Jagiellonia Białystok,3,0,H,3,0,3,3
2021/2022,2021-09-18,14:00,Pogoń Szczecin,Cracovia,1,1,D,1,1,2,0
2021/2022,2021-09-18,16:30,Radomiak Radom,Śląsk Wrocław,1,1,D,1,1,2,0
2021/2022,2021-09-18,19:00,Lechia Gdańsk,Piast Gliwice,1,0,H,3,0,1,1
2021/2022,2021-09-19,11:30,Stal Mielec,Raków Częstochowa,0,3,A,0,3,3,-3
2021/2022,2021-09-19,14:00,Górnik Zabrze,Warta Poznań,1,0,H,3,0,1,1
2021/2022,2021-09-19,16:30,Legia Warszawa,Górnik Łęczna,3,1,H,3,0,4,2
2021/2022,2021-09-24,17:00,Górnik Łęczna,Lechia Gdańsk,0,4,A,0,3,4,-4
2021/2022,2021-09-24,19:30,Jagiellonia Białystok,Lech Poznań,1,0,H,3,0,1,1
2021/2022,2021-09-25,14:00,Stal Mielec,Radomiak Radom,1,0,H,3,0,1,1
2021/2022,2021-09-25,16:30,Warta Poznań,Zagłębie Lubin,0,2,A,0,3,2,-2
2021/2022,2021-09-25,19:00,Legia Warszawa,Raków Częstochowa,2,3,A,0,3,5,-1
2021/2022,2021-09-26,11:30,Bruk-Bet Termalica Nieciecza,Górnik Zabrze,3,1,H,3,0,4,2
2021/2022,2021-09-26,14:00,Śląsk Wrocław,Wisła Płock,3,1,H,3,0,4,2
2021/2022,2021-09-26,16:30,Wisła Kraków,Pogoń Szczecin,0,1,A,0,3,1,-1
2021/2022,2021-09-27,17:00,Piast Gliwice,Cracovia,2,4,A,0,3,6,-2
2021/2022,2021-09-29,16:00,Raków Częstochowa,Radomiak Radom,2,2,D,1,1,4,0
2021/2022,2021-10-01,17:00,Zagłębie Lubin,Jagiellonia Białystok,0,1,A,0,3,1,-1
2021/2022,2021-10-01,19:30,Piast Gliwice,Wisła Kraków,1,0,H,3,0,1,1
2021/2022,2021-10-02,11:30,Radomiak Radom,Bruk-Bet Termalica Nieciecza,1,1,D,1,1,2,0
2021/2022,2021-10-02,14:00,Cracovia,Stal Mielec,3,3,D,1,1,6,0
2021/2022,2021-10-02,16:30,Lech Poznań,Śląsk Wrocław,4,0,H,3,0,4,4
2021/2022,2021-10-02,19:00,Górnik Zabrze,Wisła Płock,4,2,H,3,0,6,2
2021/2022,2021-10-03,11:30,Raków Częstochowa,Warta Poznań,3,0,H,3,0,3,3
2021/2022,2021-10-03,14:00,Pogoń Szczecin,Górnik Łęczna,4,1,H,3,0,5,3
2021/2022,2021-10-03,16:30,Lechia Gdańsk,Legia Warszawa,3,1,H,3,0,4,2
2021/2022,2021-10-16,11:30,Górnik Łęczna,Piast Gliwice,1,1,D,1,1,2,0
2021/2022,2021-10-16,14:00,Bruk-Bet Termalica Nieciecza,Lechia Gdańsk,0,2,A,0,3,2,-2
2021/2022,2021-10-16,16:30,Górnik Zabrze,Wisła Kraków,0,1,A,0,3,1,-1
2021/2022,2021-10-16,19:00,Śląsk Wrocław,Raków Częstochowa,1,2,A,0,3,3,-1
2021/2022,2021-10-17,11:30,Wisła Płock,Pogoń Szczecin,1,0,H,3,0,1,1
2021/2022,2021-10-17,14:00,Cracovia,Warta Poznań,2,0,H,3,0,2,2
2021/2022,2021-10-17,16:30,Legia Warszawa,Lech Poznań,0,1,A,0,3,1,-1
2021/2022,2021-10-18,17:00,Stal Mielec,Zagłębie Lubin,4,2,H,3,0,6,2
2021/2022,2021-10-18,19:30,Jagiellonia Białystok,Radomiak Radom,1,1,D,1,1,2,0
2021/2022,2021-10-22,17:00,Radomiak Radom,Górnik Łęczna,3,1,H,3,0,4,2
2021/2022,2021-10-22,19:30,Lech Poznań,Wisła Płock,4,1,H,3,0,5,3
2021/2022,2021-10-23,11:30,Raków Częstochowa,Bruk-Bet Termalica Nieciecza,3,2,H,3,0,5,1
2021/2022,2021-10-23,14:00,Lechia Gdańsk,Górnik Zabrze,1,1,D,1,1,2,0
2021/2022,2021-10-23,16:30,Pogoń Szczecin,Jagiellonia Białystok,4,1,H,3,0,5,3
2021/2022,2021-10-23,19:00,Wisła Kraków,Śląsk Wrocław,0,5,A,0,3,5,-5
2021/2022,2021-10-24,14:00,Zagłębie Lubin,Cracovia,1,1,D,1,1,2,0
2021/2022,2021-10-24,16:30,Warta Poznań,Stal Mielec,0,0,D,1,1,0,0
2021/2022,2021-10-24,19:00,Piast Gliwice,Legia Warszawa,4,1,H,3,0,5,3
2021/2022,2021-10-29,17:00,Cracovia,Radomiak Radom,1,2,A,0,3,3,-1
2021/2022,2021-10-29,19:30,Stal Mielec,Lech Poznań,0,0,D,1,1,0,0
2021/2022,2021-10-30,11:30,Bruk-Bet Termalica Nieciecza,Śląsk Wrocław,4,3,H,3,0,7,1
2021/2022,2021-10-30,14:00,Warta Poznań,Lechia Gdańsk,0,2,A,0,3,2,-2
2021/2022,2021-10-30,16:30,Górnik Zabrze,Zagłębie Lubin,0,0,D,1,1,0,0
2021/2022,2021-10-30,19:00,Jagiellonia Białystok,Piast Gliwice,3,3,D,1,1,6,0
2021/2022,2021-10-31,11:30,Wisła Płock,Wisła Kraków,2,0,H,3,0,2,2
2021/2022,2021-10-31,14:00,Górnik Łęczna,Raków Częstochowa,0,0,D,1,1,0,0
2021/2022,2021-10-31,16:30,Legia Warszawa,Pogoń Szczecin,0,2,A,0,3,2,-2
2021/2022,2021-11-05,17:00,Wisła Płock,Bruk-Bet Termalica Nieciecza,1,1,D,1,1,2,0
2021/2022,2021-11-05,19:30,Śląsk Wrocław,Jagiellonia Białystok,2,2,D,1,1,4,0
2021/2022,2021-11-06,11:30,Piast Gliwice,Warta Poznań,0,1,A,0,3,1,-1
2021/2022,2021-11-06,14:00,Radomiak Radom,Górnik Zabrze,1,0,H,3,0,1,1
2021/2022,2021-11-06,16:30,Lechia Gdańsk,Zagłębie Lubin,2,1,H,3,0,3,1
2021/2022,2021-11-06,19:00,Górnik Łęczna,Lech Poznań,1,1,D,1,1,2,0
2021/2022,2021-11-07,14:00,Raków Częstochowa,Pogoń Szczecin,0,0,D,1,1,0,0
2021/2022,2021-11-07,16:30,Legia Warszawa,Stal Mielec,1,3,A,0,3,4,-2
2021/2022,2021-11-07,19:00,Wisła Kraków,Cracovia,1,0,H,3,0,1,1
2021/2022,2021-11-20,11:30,Warta Poznań,Wisła Płock,1,2,A,0,3,3,-1
2021/2022,2021-11-20,14:00,Jagiellonia Białystok,Wisła Kraków,3,1,H,3,0,4,2
2021/2022,2021-11-20,16:30,Stal Mielec,Lechia Gdańsk,3,3,D,1,1,6,0
2021/2022,2021-11-20,19:00,Lech Poznań,Piast Gliwice,1,0,H,3,0,1,1
2021/2022,2021-11-21,11:30,Bruk-Bet Termalica Nieciecza,Górnik Łęczna,1,1,D,1,1,2,0
2021/2022,2021-11-21,14:00,Pogoń Szczecin,Śląsk Wrocław,2,1,H,3,0,3,1
2021/2022,2021-11-21,16:30,Górnik Zabrze,Legia Warszawa,3,2,H,3,0,5,1
2021/2022,2021-11-22,17:00,Zagłębie Lubin,Radomiak Radom,0,2,A,0,3,2,-2
2021/2022,2021-11-22,19:30,Cracovia,Raków Częstochowa,1,0,H,3,0,1,1
2021/2022,2021-11-26,17:00,Piast Gliwice,Bruk-Bet Termalica Nieciecza,2,1,H,3,0,3,1
2021/2022,2021-11-26,19:30,Wisła Kraków,Radomiak Radom,0,1,A,0,3,1,-1
2021/2022,2021-11-27,11:30,Górnik Łęczna,Górnik Zabrze,1,2,A,0,3,3,-1
2021/2022,2021-11-27,14:00,Śląsk Wrocław,Stal Mielec,2,1,H,3,0,3,1
2021/2022,2021-11-27,16:30,Pogoń Szczecin,Lechia Gdańsk,5,1,H,3,0,6,4
2021/2022,2021-11-27,19:00,Raków Częstochowa,Zagłębie Lubin,4,0,H,3,0,4,4
2021/2022,2021-11-28,11:30,Wisła Płock,Cracovia,2,1,H,3,0,3,1
2021/2022,2021-11-28,14:00,Lech Poznań,Warta Poznań,2,0,H,3,0,2,2
2021/2022,2021-11-28,16:30,Legia Warszawa,Jagiellonia Białystok,1,0,H,3,0,1,1
2021/2022,2021-12-03,17:00,Stal Mielec,Wisła Płock,2,1,H,3,0,3,1
2021/2022,2021-12-03,19:30,Górnik Zabrze,Śląsk Wrocław,3,1,H,3,0,4,2
2021/2022,2021-12-04,14:00,Bruk-Bet Termalica Nieciecza,Pogoń Szczecin,1,3,A,0,3,4,-2
2021/2022,2021-12-04,16:30,Jagiellonia Białystok,Górnik Łęczna,1,2,A,0,3,3,-1
2021/2022,2021-12-04,19:00,Lechia Gdańsk,Raków Częstochowa,3,1,H,3,0,4,2
2021/2022,2021-12-05,16:30,Zagłębie Lubin,Lech Poznań,2,3,A,0,3,5,-1
2021/2022,2021-12-05,19:00,Cracovia,Legia Warszawa,1,0,H,3,0,1,1
2021/2022,2021-12-06,17:00,Warta Poznań,Wisła Kraków,1,1,D,1,1,2,0
2021/2022,2021-12-10,17:00,Stal Mielec,Bruk-Bet Termalica Nieciecza,1,0,H,3,0,1,1
2021/2022,2021-12-10,19:30,Raków Częstochowa,Piast Gliwice,1,0,H,3,0,1,1
2021/2022,2021-12-11,14:00,Radomiak Radom,Lech Poznań,2,1,H,3,0,3,1
2021/2022,2021-12-11,16:30,Zagłębie Lubin,Wisła Kraków,2,1,H,3,0,3,1
2021/2022,2021-12-11,19:00,Lechia Gdańsk,Jagiellonia Białystok,1,2,A,0,3,3,-1
2021/2022,2021-12-12,11:30,Cracovia,Górnik Łęczna,0,2,A,0,3,2,-2
2021/2022,2021-12-12,14:00,Wisła Płock,Legia Warszawa,1,0,H,3,0,1,1
2021/2022,2021-12-12,16:30,Górnik Zabrze,Pogoń Szczecin,2,2,D,1,1,4,0
2021/2022,2021-12-13,17:00,Warta Poznań,Śląsk Wrocław,2,1,H,3,0,3,1
2021/2022,2021-12-14,17:45,Radomiak Radom,Piast Gliwice,2,2,D,1,1,4,0
2021/2022,2021-12-15,17:00,Raków Częstochowa,Górnik Zabrze,1,2,A,0,3,3,-1
2021/2022,2021-12-15,19:30,Legia Warszawa,Zagłębie Lubin,4,0,H,3,0,4,4
2021/2022,2021-12-17,17:00,Wisła Kraków,Bruk-Bet Termalica Nieciecza,3,0,H,3,0,3,3
2021/2022,2021-12-17,19:30,Wisła Płock,Lechia Gdańsk,1,0,H,3,0,1,1
2021/2022,2021-12-18,11:30,Piast Gliwice,Stal Mielec,1,1,D,1,1,2,0
2021/2022,2021-12-18,14:00,Pogoń Szczecin,Warta Poznań,1,1,D,1,1,2,0
2021/2022,2021-12-18,16:30,Śląsk Wrocław,Cracovia,0,2,A,0,3,2,-2
2021/2022,2021-12-18,19:00,Raków Częstochowa,Jagiellonia Białystok,5,0,H,3,0,5,5
2021/2022,2021-12-19,11:30,Górnik Łęczna,Zagłębie Lubin,2,1,H,3,0,3,1
2021/2022,2021-12-19,14:00,Lech Poznań,Górnik Zabrze,2,1,H,3,0,3,1
2021/2022,2021-12-19,16:30,Legia Warszawa,Radomiak Radom,0,3,A,0,3,3,-3
2021/2022,2022-02-04,17:00,Bruk-Bet Termalica Nieciecza,Jagiellonia Białystok,2,1,H,3,0,3,1
2021/2022,2022-02-04,19:30,Zagłębie Lubin,Legia Warszawa,1,3,A,0,3,4,-2
2021/2022,2022-02-05,14:00,Stal Mielec,Górnik Zabrze,1,2,A,0,3,3,-1
2021/2022,2022-02-05,16:30,Piast Gliwice,Pogoń Szczecin,0,2,A,0,3,2,-2
2021/2022,2022-02-05,19:00,Lechia Gdańsk,Śląsk Wrocław,2,0,H,3,0,2,2
2021/2022,2022-02-06,11:30,Warta Poznań,Górnik Łęczna,1,1,D,1,1,2,0
2021/2022,2022-02-06,14:00,Raków Częstochowa,Wisła Kraków,2,0,H,3,0,2,2
2021/2022,2022-02-06,16:30,Cracovia,Lech Poznań,3,3,D,1,1,6,0
2021/2022,2022-02-07,17:00,Radomiak Radom,Wisła Płock,1,1,D,1,1,2,0
2021/2022,2022-02-11,17:00,Górnik Łęczna,Śląsk Wrocław,1,1,D,1,1,2,0
2021/2022,2022-02-11,19:30,Cracovia,Lechia Gdańsk,2,0,H,3,0,2,2
2021/2022,2022-02-12,14:00,Wisła Kraków,Stal Mielec,0,1,A,0,3,1,-1
2021/2022,2022-02-12,16:30,Radomiak Radom,Raków Częstochowa,0,1,A,0,3,1,-1
2021/2022,2022-02-12,19:00,Lech Poznań,Bruk-Bet Termalica Nieciecza,5,0,H,3,0,5,5
2021/2022,2022-02-13,11:30,Wisła Płock,Piast Gliwice,0,2,A,0,3,2,-2
2021/2022,2022-02-13,14:00,Pogoń Szczecin,Zagłębie Lubin,2,1,H,3,0,3,1
2021/2022,2022-02-13,16:30,Legia Warszawa,Warta Poznań,0,1,A,0,3,1,-1
2021/2022,2022-02-14,17:00,Górnik Zabrze,Jagiellonia Białystok,1,2,A,0,3,3,-1
2021/2022,2022-02-18,17:00,Zagłębie Lubin,Wisła Płock,3,1,H,3,0,4,2
2021/2022,2022-02-18,19:30,Stal Mielec,Pogoń Szczecin,0,1,A,0,3,1,-1
2021/2022,2022-02-19,14:00,Jagiellonia Białystok,Cracovia,0,0,D,1,1,0,0
2021/2022,2022-02-19,16:30,Śląsk Wrocław,Piast Gliwice,1,3,A,0,3,4,-2
2021/2022,2022-02-19,19:00,Bruk-Bet Termalica Nieciecza,Legia Warszawa,0,0,D,1,1,0,0
2021/2022,2022-02-20,11:30,Warta Poznań,Radomiak Radom,3,1,H,3,0,4,2
2021/2022,2022-02-20,14:00,Górnik Zabrze,Raków Częstochowa,1,1,D,1,1,2,0
2021/2022,2022-02-20,16:30,Lechia Gdańsk,Lech Poznań,1,0,H,3,0,1,1
2021/2022,2022-02-21,17:00,Wisła Kraków,Górnik Łęczna,0,0,D,1,1,0,0
2021/2022,2022-02-25,17:00,Raków Częstochowa,Wisła Płock,2,0,H,3,0,2,2
2021/2022,2022-02-25,19:30,Legia Warszawa,Wisła Kraków,2,1,H,3,0,3,1
2021/2022,2022-02-26,14:00,Pogoń Szczecin,Lech Poznań,0,3,A,0,3,3,-3
2021/2022,2022-02-26,16:30,Górnik Łęczna,Stal Mielec,2,0,H,3,0,2,2
2021/2022,2022-02-26,19:00,Piast Gliwice,Górnik Zabrze,0,0,D,1,1,0,0
2021/2022,2022-02-27,11:30,Jagiellonia Białystok,Warta Poznań,1,1,D,1,1,2,0
2021/2022,2022-02-27,14:00,Radomiak Radom,Lechia Gdańsk,2,0,H,3,0,2,2
2021/2022,2022-02-27,16:30,Śląsk Wrocław,Zagłębie Lubin,0,0,D,1,1,0,0
2021/2022,2022-02-28,17:00,Cracovia,Bruk-Bet Termalica Nieciecza,1,2,A,0,3,3,-1
2021/2022,2022-03-04,17:00,Stal Mielec,Jagiellonia Białystok,1,1,D,1,1,2,0
2021/2022,2022-03-04,19:30,Pogoń Szczecin,Radomiak Radom,4,0,H,3,0,4,4
2021/2022,2022-03-05,14:00,Bruk-Bet Termalica Nieciecza,Warta Poznań,1,0,H,3,0,1,1
2021/2022,2022-03-05,16:30,Zagłębie Lubin,Piast Gliwice,0,0,D,1,1,0,0
2021/2022,2022-03-05,19:00,Lechia Gdańsk,Wisła Kraków,1,1,D,1,1,2,0
2021/2022,2022-03-06,11:30,Wisła Płock,Górnik Łęczna,3,1,H,3,0,4,2
2021/2022,2022-03-06,14:00,Górnik Zabrze,Cracovia,3,0,H,3,0,3,3
2021/2022,2022-03-06,16:30,Lech Poznań,Raków Częstochowa,0,1,A,0,3,1,-1
2021/2022,2022-03-07,18:00,Legia Warszawa,Śląsk Wrocław,1,0,H,3,0,1,1
2021/2022,2022-03-11,17:00,Bruk-Bet Termalica Nieciecza,Zagłębie Lubin,0,2,A,0,3,2,-2
2021/2022,2022-03-11,19:30,Górnik Łęczna,Legia Warszawa,0,1,A,0,3,1,-1
2021/2022,2022-03-12,14:00,Warta Poznań,Górnik Zabrze,2,1,H,3,0,3,1
2021/2022,2022-03-12,16:30,Piast Gliwice,Lechia Gdańsk,1,0,H,3,0,1,1
2021/2022,2022-03-12,19:00,Cracovia,Pogoń Szczecin,1,1,D,1,1,2,0
2021/2022,2022-03-13,11:30,Jagiellonia Białystok,Wisła Płock,0,1,A,0,3,1,-1
2021/2022,2022-03-13,14:00,Śląsk Wrocław,Radomiak Radom,0,0,D,1,1,0,0
2021/2022,2022-03-13,16:30,Wisła Kraków,Lech Poznań,1,1,D,1,1,2,0
2021/2022,2022-03-14,17:00,Raków Częstochowa,Stal Mielec,2,1,H,3,0,3,1
2021/2022,2022-03-15,17:45,Legia Warszawa,Bruk-Bet Termalica Nieciecza,4,1,H,3,0,5,3
2021/2022,2022-03-18,17:00,Zagłębie Lubin,Warta Poznań,0,4,A,0,3,4,-4
2021/2022,2022-03-18,19:30,Pogoń Szczecin,Wisła Kraków,4,1,H,3,0,5,3
2021/2022,2022-03-19,11:30,Wisła Płock,Śląsk Wrocław,1,2,A,0,3,3,-1
2021/2022,2022-03-19,14:00,Raków Częstochowa,Legia Warszawa,1,1,D,1,1,2,0
2021/2022,2022-03-19,16:30,Lechia Gdańsk,Górnik Łęczna,2,0,H,3,0,2,2
2021/2022,2022-03-19,19:00,Lech Poznań,Jagiellonia Białystok,3,0,H,3,0,3,3
2021/2022,2022-03-20,11:30,Radomiak Radom,Stal Mielec,1,1,D,1,1,2,0
2021/2022,2022-03-20,14:00,Cracovia,Piast Gliwice,0,1,A,0,3,1,-1
2021/2022,2022-03-20,16:30,Górnik Zabrze,Bruk-Bet Termalica Nieciecza,1,1,D,1,1,2,0
2021/2022,2022-04-01,17:00,Stal Mielec,Cracovia,1,2,A,0,3,3,-1
2021/2022,2022-04-01,19:30,Śląsk Wrocław,Lech Poznań,0,1,A,0,3,1,-1
2021/2022,2022-04-02,14:00,Warta Poznań,Raków Częstochowa,0,2,A,0,3,2,-2
2021/2022,2022-04-02,16:30,Górnik Łęczna,Pogoń Szczecin,0,4,A,0,3,4,-4
2021/2022,2022-04-02,19:00,Legia Warszawa,Lechia Gdańsk,2,1,H,3,0,3,1
2021/2022,2022-04-03,11:30,Bruk-Bet Termalica Nieciecza,Radomiak Radom,1,1,D,1,1,2,0
2021/2022,2022-04-03,14:00,Jagiellonia Białystok,Zagłębie Lubin,2,1,H,3,0,3,1
2021/2022,2022-04-03,16:30,Wisła Kraków,Piast Gliwice,2,2,D,1,1,4,0
2021/2022,2022-04-04,17:00,Wisła Płock,Górnik Zabrze,3,2,H,3,0,5,1
2021/2022,2022-04-08,17:00,Zagłębie Lubin,Stal Mielec,3,1,H,3,0,4,2
2021/2022,2022-04-08,19:30,Pogoń Szczecin,Wisła Płock,1,2,A,0,3,3,-1
2021/2022,2022-04-09,14:00,Piast Gliwice,Górnik Łęczna,1,0,H,3,0,1,1
2021/2022,2022-04-09,16:30,Lech Poznań,Legia Warszawa,1,1,D,1,1,2,0
2021/2022,2022-04-09,19:00,Lechia Gdańsk,Bruk-Bet Termalica Nieciecza,2,0,H,3,0,2,2
2021/2022,2022-04-10,11:30,Warta Poznań,Cracovia,1,0,H,3,0,1,1
2021/2022,2022-04-10,14:00,Wisła Kraków,Górnik Zabrze,4,1,H,3,0,5,3
2021/2022,2022-04-10,16:30,Raków Częstochowa,Śląsk Wrocław,1,1,D,1,1,2,0
2021/2022,2022-04-11,17:00,Radomiak Radom,Jagiellonia Białystok,2,2,D,1,1,4,0
2021/2022,2022-04-16,11:30,Górnik Łęczna,Radomiak Radom,1,0,H,3,0,1,1
2021/2022,2022-04-16,11:30,Stal Mielec,Warta Poznań,0,1,A,0,3,1,-1
2021/2022,2022-04-16,14:00,Bruk-Bet Termalica Nieciecza,Raków Częstochowa,0,3,A,0,3,3,-3
2021/2022,2022-04-16,16:30,Jagiellonia Białystok,Pogoń Szczecin,1,2,A,0,3,3,-1
2021/2022,2022-04-16,19:00,Wisła Płock,Lech Poznań,0,1,A,0,3,1,-1
2021/2022,2022-04-18,11:30,Cracovia,Zagłębie Lubin,1,0,H,3,0,1,1
2021/2022,2022-04-18,14:00,Śląsk Wrocław,Wisła Kraków,1,1,D,1,1,2,0
2021/2022,2022-04-18,16:30,Górnik Zabrze,Lechia Gdańsk,1,3,A,0,3,4,-2
2021/2022,2022-04-18,19:00,Legia Warszawa,Piast Gliwice,0,1,A,0,3,1,-1
2021/2022,2022-04-20,17:00,Lech Poznań,Górnik Łęczna,3,0,H,3,0,3,3
2021/2022,2022-04-20,19:30,Pogoń Szczecin,Raków Częstochowa,1,2,A,0,3,3,-1
2021/2022,2022-04-22,17:00,Radomiak Radom,Cracovia,0,1,A,0,3,1,-1
2021/2022,2022-04-22,19:30,Zagłębie Lubin,Górnik Zabrze,2,4,A,0,3,6,-2
2021/2022,2022-04-23,14:00,Śląsk Wrocław,Bruk-Bet Termalica Nieciecza,0,4,A,0,3,4,-4
2021/2022,2022-04-23,16:30,Piast Gliwice,Jagiellonia Białystok,2,1,H,3,0,3,1
2021/2022,2022-04-23,19:00,Lechia Gdańsk,Warta Poznań,2,0,H,3,0,2,2
2021/2022,2022-04-24,11:30,Lech Poznań,Stal Mielec,3,1,H,3,0,4,2
2021/2022,2022-04-24,14:00,Raków Częstochowa,Górnik Łęczna,2,1,H,3,0,3,1
2021/2022,2022-04-24,16:30,Pogoń Szczecin,Legia Warszawa,3,1,H,3,0,4,2
2021/2022,2022-04-25,18:00,Wisła Kraków,Wisła Płock,3,4,A,0,3,7,-1
2021/2022,2022-04-29,17:00,Warta Poznań,Piast Gliwice,2,3,A,0,3,5,-1
2021/2022,2022-04-29,19:30,Górnik Zabrze,Radomiak Radom,0,0,D,1,1,0,0
2021/2022,2022-04-30,14:00,Jagiellonia Białystok,Śląsk Wrocław,1,1,D,1,1,2,0
2021/2022,2022-04-30,16:30,Zagłębie Lubin,Lechia Gdańsk,2,2,D,1,1,4,0
2021/2022,2022-04-30,19:00,Stal Mielec,Legia Warszawa,2,1,H,3,0,3,1
2021/2022,2022-05-01,14:00,Bruk-Bet Termalica Nieciecza,Wisła Płock,1,0,H,3,0,1,1
2021/2022,2022-05-01,16:30,Cracovia,Wisła Kraków,0,0,D,1,1,0,0
2021/2022,2022-05-06,17:00,Radomiak Radom,Zagłębie Lubin,1,6,A,0,3,7,-5
2021/2022,2022-05-06,19:30,Legia Warszawa,Górnik Zabrze,5,3,H,3,0,8,2
2021/2022,2022-05-07,14:00,Wisła Płock,Warta Poznań,0,3,A,0,3,3,-3
2021/2022,2022-05-07,16:30,Śląsk Wrocław,Pogoń Szczecin,1,1,D,1,1,2,0
2021/2022,2022-05-07,19:00,Wisła Kraków,Jagiellonia Białystok,0,0,D,1,1,0,0
2021/2022,2022-05-08,11:30,Lechia Gdańsk,Stal Mielec,3,2,H,3,0,5,1
2021/2022,2022-05-08,14:00,Raków Częstochowa,Cracovia,1,1,D,1,1,2,0
2021/2022,2022-05-08,16:30,Piast Gliwice,Lech Poznań,1,2,A,0,3,3,-1
2021/2022,2022-05-09,17:00,Górnik Łęczna,Bruk-Bet Termalica Nieciecza,1,1,D,1,1,2,0
2021/2022,2022-05-13,17:00,Cracovia,Wisła Płock,3,0,H,3,0,3,3
2021/2022,2022-05-13,19:30,Jagiellonia Białystok,Legia Warszawa,2,2,D,1,1,4,0
2021/2022,2022-05-14,11:30,Bruk-Bet Termalica Nieciecza,Piast Gliwice,0,1,A,0,3,1,-1
2021/2022,2022-05-14,14:00,Warta Poznań,Lech Poznań,1,2,A,0,3,3,-1
2021/2022,2022-05-14,16:30,Zagłębie Lubin,Raków Częstochowa,1,0,H,3,0,1,1
2021/2022,2022-05-14,19:00,Lechia Gdańsk,Pogoń Szczecin,0,0,D,1,1,0,0
2021/2022,2022-05-15,11:30,Stal Mielec,Śląsk Wrocław,1,1,D,1,1,2,0
2021/2022,2022-05-15,14:00,Górnik Zabrze,Górnik Łęczna,4,2,H,3,0,6,2
2021/2022,2022-05-15,16:30,Radomiak Radom,Wisła Kraków,4,2,H,3,0,6,2
2021/2022,2022-05-21,16:30,Lech Poznań,Zagłębie Lubin,2,1,H,3,0,3,1
2021/2022,2022-05-21,16:30,Górnik Łęczna,Jagiellonia Białystok,0,1,A,0,3,1,-1
2021/2022,2022-05-21,16:30,Legia Warszawa,Cracovia,3,0,H,3,0,3,3
2021/2022,2022-05-21,16:30,Piast Gliwice,Radomiak Radom,1,1,D,1,1,2,0
2021/2022,2022-05-21,16:30,Pogoń Szczecin,Bruk-Bet Termalica Nieciecza,2,2,D,1,1,4,0
2021/2022,2022-05-21,16:30,Raków Częstochowa,Lechia Gdańsk,3,0,H,3,0,3,3
2021/2022,2022-05-21,16:30,Śląsk Wrocław,Górnik Zabrze,3,4,A,0,3,7,-1
2021/2022,2022-05-21,16:30,Wisła Kraków,Warta Poznań,0,1,A,0,3,1,-1
2021/2022,2022-05-21,16:30,Wisła Płock,Stal Mielec,3,0,H,3,0,3,3
2022/2023,2022-07-15,17:00,Raków Częstochowa,Warta Poznań,1,0,H,3,0,1,1
2022/2023,2022-07-15,19:30,Zagłębie Lubin,Śląsk Wrocław,0,0,D,1,1,0,0
2022/2023,2022-07-16,14:00,Lech Poznań,Stal Mielec,0,2,A,0,3,2,-2
2022/2023,2022-07-16,16:30,Jagiellonia Białystok,Piast Gliwice,2,0,H,3,0,2,2
2022/2023,2022-07-16,19:00,Korona Kielce,Legia Warszawa,1,1,D,1,1,2,0
2022/2023,2022-07-17,11:30,Radomiak Radom,Miedź Legnica,1,1,D,1,1,2,0
2022/2023,2022-07-17,14:00,Wisła Płock,Lechia Gdańsk,3,0,H,3,0,3,3
2022/2023,2022-07-17,16:30,Pogoń Szczecin,Widzew Łódź,2,1,H,3,0,3,1
2022/2023,2022-07-18,18:00,Górnik Zabrze,Cracovia,0,2,A,0,3,2,-2
2022/2023,2022-07-22,17:00,Warta Poznań,Wisła Płock,0,4,A,0,3,4,-4
2022/2023,2022-07-22,19:30,Jagiellonia Białystok,Widzew Łódź,0,2,A,0,3,2,-2
2022/2023,2022-07-23,16:30,Cracovia,Korona Kielce,2,0,H,3,0,2,2
2022/2023,2022-07-23,19:00,Legia Warszawa,Zagłębie Lubin,2,0,H,3,0,2,2
2022/2023,2022-07-24,16:30,Śląsk Wrocław,Pogoń Szczecin,2,1,H,3,0,3,1
2022/2023,2022-07-25,18:00,Stal Mielec,Radomiak Radom,1,1,D,1,1,2,0
2022/2023,2022-07-29,17:00,Piast Gliwice,Zagłębie Lubin,0,1,A,0,3,1,-1
2022/2023,2022-07-29,19:30,Cracovia,Legia Warszawa,3,0,H,3,0,3,3
2022/2023,2022-07-30,16:30,Radomiak Radom,Górnik Zabrze,0,3,A,0,3,3,-3
2022/2023,2022-07-30,19:00,Miedź Legnica,Warta Poznań,1,2,A,0,3,3,-1
2022/2023,2022-07-31,14:00,Pogoń Szczecin,Jagiellonia Białystok,1,0,H,3,0,1,1
2022/2023,2022-07-31,16:30,Lech Poznań,Wisła Płock,1,3,A,0,3,4,-2
2022/2023,2022-07-31,16:30,Raków Częstochowa,Stal Mielec,3,2,H,3,0,5,1
2022/2023,2022-07-31,19:00,Widzew Łódź,Lechia Gdańsk,2,3,A,0,3,5,-1
2022/2023,2022-08-01,18:00,Korona Kielce,Śląsk Wrocław,3,1,H,3,0,4,2
2022/2023,2022-08-05,17:00,Stal Mielec,Cracovia,2,0,H,3,0,2,2
2022/2023,2022-08-05,19:30,Legia Warszawa,Piast Gliwice,2,0,H,3,0,2,2
2022/2023,2022-08-06,14:00,Lechia Gdańsk,Korona Kielce,0,1,A,0,3,1,-1
2022/2023,2022-08-06,16:30,Jagiellonia Białystok,Radomiak Radom,1,2,A,0,3,3,-1
2022/2023,2022-08-06,19:00,Śląsk Wrocław,Widzew Łódź,0,0,D,1,1,0,0
2022/2023,2022-08-07,14:00,Warta Poznań,Pogoń Szczecin,1,2,A,0,3,3,-1
2022/2023,2022-08-07,16:30,Zagłębie Lubin,Lech Poznań,1,1,D,1,1,2,0
2022/2023,2022-08-07,19:00,Górnik Zabrze,Raków Częstochowa,1,0,H,3,0,1,1
2022/2023,2022-08-08,18:00,Wisła Płock,Miedź Legnica,4,1,H,3,0,5,3
2022/2023,2022-08-12,17:00,Miedź Legnica,Zagłębie Lubin,0,1,A,0,3,1,-1
2022/2023,2022-08-12,19:30,Widzew Łódź,Legia Warszawa,1,2,A,0,3,3,-1
2022/2023,2022-08-13,14:00,Cracovia,Piast Gliwice,0,1,A,0,3,1,-1
2022/2023,2022-08-13,16:30,Górnik Zabrze,Stal Mielec,1,3,A,0,3,4,-2
2022/2023,2022-08-13,19:00,Pogoń Szczecin,Wisła Płock,2,2,D,1,1,4,0
2022/2023,2022-08-14,14:00,Radomiak Radom,Lechia Gdańsk,4,1,H,3,0,5,3
2022/2023,2022-08-14,16:30,Raków Częstochowa,Jagiellonia Białystok,2,2,D,1,1,4,0
2022/2023,2022-08-14,19:00,Lech Poznań,Śląsk Wrocław,0,1,A,0,3,1,-1
2022/2023,2022-08-15,18:00,Korona Kielce,Warta Poznań,0,1,A,0,3,1,-1
2022/2023,2022-08-19,17:00,Jagiellonia Białystok,Miedź Legnica,2,1,H,3,0,3,1
2022/2023,2022-08-19,19:30,Legia Warszawa,Górnik Zabrze,2,2,D,1,1,4,0
2022/2023,2022-08-20,14:00,Wisła Płock,Korona Kielce,2,1,H,3,0,3,1
2022/2023,2022-08-20,16:30,Śląsk Wrocław,Cracovia,1,1,D,1,1,2,0
2022/2023,2022-08-20,19:00,Warta Poznań,Widzew Łódź,0,1,A,0,3,1,-1
2022/2023,2022-08-21,14:00,Zagłębie Lubin,Radomiak Radom,0,1,A,0,3,1,-1
2022/2023,2022-08-21,16:30,Piast Gliwice,Stal Mielec,4,0,H,3,0,4,4
2022/2023,2022-08-26,17:00,Górnik Zabrze,Jagiellonia Białystok,1,1,D,1,1,2,0
2022/2023,2022-08-26,19:30,Stal Mielec,Legia Warszawa,0,1,A,0,3,1,-1
2022/2023,2022-08-27,11:30,Radomiak Radom,Korona Kielce,0,2,A,0,3,2,-2
2022/2023,2022-08-27,14:00,Miedź Legnica,Lechia Gdańsk,2,1,H,3,0,3,1
2022/2023,2022-08-27,16:30,Pogoń Szczecin,Zagłębie Lubin,3,0,H,3,0,3,3
2022/2023,2022-08-27,19:00,Widzew Łódź,Wisła Płock,2,1,H,3,0,3,1
2022/2023,2022-08-28,11:30,Cracovia,Warta Poznań,0,2,A,0,3,2,-2
2022/2023,2022-08-28,14:00,Śląsk Wrocław,Raków Częstochowa,1,4,A,0,3,5,-3
2022/2023,2022-08-28,16:30,Lech Poznań,Piast Gliwice,1,0,H,3,0,1,1
2022/2023,2022-08-31,17:00,Raków Częstochowa,Pogoń Szczecin,1,0,H,3,0,1,1
2022/2023,2022-08-31,19:30,Lechia Gdańsk,Lech Poznań,0,3,A,0,3,3,-3
2022/2023,2022-09-02,19:30,Legia Warszawa,Radomiak Radom,1,0,H,3,0,1,1
2022/2023,2022-09-03,14:00,Stal Mielec,Śląsk Wrocław,2,0,H,3,0,2,2
2022/2023,2022-09-03,16:30,Lechia Gdańsk,Warta Poznań,0,0,D,1,1,0,0
2022/2023,2022-09-03,19:00,Cracovia,Raków Częstochowa,3,0,H,3,0,3,3
2022/2023,2022-09-04,11:30,Zagłębie Lubin,Jagiellonia Białystok,1,1,D,1,1,2,0
2022/2023,2022-09-04,14:00,Korona Kielce,Pogoń Szczecin,1,2,A,0,3,3,-1
2022/2023,2022-09-04,16:30,Lech Poznań,Widzew Łódź,2,0,H,3,0,2,2
2022/2023,2022-09-05,17:00,Piast Gliwice,Miedź Legnica,2,1,H,3,0,3,1
2022/2023,2022-09-05,19:30,Wisła Płock,Górnik Zabrze,1,1,D,1,1,2,0
2022/2023,2022-09-09,17:00,Warta Poznań,Zagłębie Lubin,2,2,D,1,1,4,0
2022/2023,2022-09-09,19:30,Widzew Łódź,Cracovia,2,0,H,3,0,2,2
2022/2023,2022-09-10,14:00,Śląsk Wrocław,Lechia Gdańsk,2,1,H,3,0,3,1
2022/2023,2022-09-10,16:30,Radomiak Radom,Wisła Płock,2,0,H,3,0,2,2
2022/2023,2022-09-10,19:00,Górnik Zabrze,Piast Gliwice,3,3,D,1,1,6,0
2022/2023,2022-09-11,11:30,Miedź Legnica,Korona Kielce,2,2,D,1,1,4,0
2022/2023,2022-09-11,14:00,Pogoń Szczecin,Lech Poznań,2,2,D,1,1,4,0
2022/2023,2022-09-11,16:30,Raków Częstochowa,Legia Warszawa,4,0,H,3,0,4,4
2022/2023,2022-09-12,18:00,Jagiellonia Białystok,Stal Mielec,4,0,H,3,0,4,4
2022/2023,2022-09-16,17:00,Piast Gliwice,Śląsk Wrocław,1,1,D,1,1,2,0
2022/2023,2022-09-16,19:30,Legia Warszawa,Miedź Legnica,3,2,H,3,0,5,1
2022/2023,2022-09-17,11:30,Stal Mielec,Widzew Łódź,0,3,A,0,3,3,-3
2022/2023,2022-09-17,14:00,Lechia Gdańsk,Jagiellonia Białystok,2,2,D,1,1,4,0
2022/2023,2022-09-17,16:30,Raków Częstochowa,Radomiak Radom,3,0,H,3,0,3,3
2022/2023,2022-09-17,19:00,Cracovia,Pogoń Szczecin,1,1,D,1,1,2,0
2022/2023,2022-09-18,11:30,Korona Kielce,Górnik Zabrze,1,2,A,0,3,3,-1
2022/2023,2022-09-18,14:00,Zagłębie Lubin,Wisła Płock,2,1,H,3,0,3,1
2022/2023,2022-09-18,16:30,Warta Poznań,Lech Poznań,0,1,A,0,3,1,-1
2022/2023,2022-09-30,17:00,Radomiak Radom,Cracovia,0,2,A,0,3,2,-2
2022/2023,2022-09-30,19:30,Wisła Płock,Piast Gliwice,1,0,H,3,0,1,1
2022/2023,2022-10-01,14:00,Górnik Zabrze,Zagłębie Lubin,2,3,A,0,3,5,-1
2022/2023,2022-10-01,16:30,Lech Poznań,Legia Warszawa,0,0,D,1,1,0,0
2022/2023,2022-10-01,19:30,Pogoń Szczecin,Lechia Gdańsk,2,1,H,3,0,3,1
2022/2023,2022-10-02,11:30,Miedź Legnica,Stal Mielec,0,2,A,0,3,2,-2
2022/2023,2022-10-02,14:00,Jagiellonia Białystok,Korona Kielce,4,1,H,3,0,5,3
2022/2023,2022-10-02,16:30,Widzew Łódź,Raków Częstochowa,0,0,D,1,1,0,0
2022/2023,2022-10-03,18:00,Śląsk Wrocław,Warta Poznań,0,2,A,0,3,2,-2
2022/2023,2022-10-06,19:45,Piast Gliwice,Raków Częstochowa,0,1,A,0,3,1,-1
2022/2023,2022-10-07,17:00,Stal Mielec,Pogoń Szczecin,4,2,H,3,0,6,2
2022/2023,2022-10-07,19:30,Jagiellonia Białystok,Wisła Płock,1,1,D,1,1,2,0
2022/2023,2022-10-08,14:00,Śląsk Wrocław,Górnik Zabrze,4,1,H,3,0,5,3
2022/2023,2022-10-08,16:30,Legia Warszawa,Warta Poznań,1,0,H,3,0,1,1
2022/2023,2022-10-08,19:00,Cracovia,Lechia Gdańsk,0,1,A,0,3,1,-1
2022/2023,2022-10-09,14:00,Zagłębie Lubin,Korona Kielce,1,1,D,1,1,2,0
2022/2023,2022-10-09,16:30,Lech Poznań,Radomiak Radom,1,0,H,3,0,1,1
2022/2023,2022-10-10,17:00,Raków Częstochowa,Miedź Legnica,1,0,H,3,0,1,1
2022/2023,2022-10-10,19:30,Piast Gliwice,Widzew Łódź,1,2,A,0,3,3,-1
2022/2023,2022-10-14,17:00,Korona Kielce,Stal Mielec,0,2,A,0,3,2,-2
2022/2023,2022-10-14,19:30,Wisła Płock,Legia Warszawa,2,1,H,3,0,3,1
2022/2023,2022-10-15,11:30,Radomiak Radom,Śląsk Wrocław,2,0,H,3,0,2,2
2022/2023,2022-10-15,14:00,Lechia Gdańsk,Raków Częstochowa,0,3,A,0,3,3,-3
2022/2023,2022-10-15,16:30,Warta Poznań,Jagiellonia Białystok,2,0,H,3,0,2,2
2022/2023,2022-10-15,19:00,Pogoń Szczecin,Piast Gliwice,1,1,D,1,1,2,0
2022/2023,2022-10-16,11:30,Miedź Legnica,Cracovia,1,1,D,1,1,2,0
2022/2023,2022-10-16,14:00,Widzew Łódź,Zagłębie Lubin,3,0,H,3,0,3,3
2022/2023,2022-10-16,17:30,Górnik Zabrze,Lech Poznań,1,2,A,0,3,3,-1
2022/2023,2022-10-21,19:30,Widzew Łódź,Miedź Legnica,1,0,H,3,0,1,1
2022/2023,2022-10-22,14:00,Stal Mielec,Wisła Płock,1,1,D,1,1,2,0
2022/2023,2022-10-22,16:30,Legia Warszawa,Pogoń Szczecin,1,1,D,1,1,2,0
2022/2023,2022-10-22,19:00,Raków Częstochowa,Korona Kielce,1,0,H,3,0,1,1
2022/2023,2022-10-23,11:30,Warta Poznań,Górnik Zabrze,0,0,D,1,1,0,0
2022/2023,2022-10-23,14:00,Śląsk Wrocław,Jagiellonia Białystok,2,2,D,1,1,4,0
2022/2023,2022-10-23,16:30,Cracovia,Lech Poznań,0,0,D,1,1,0,0
2022/2023,2022-10-24,17:00,Piast Gliwice,Radomiak Radom,1,2,A,0,3,3,-1
2022/2023,2022-10-24,19:30,Zagłębie Lubin,Lechia Gdańsk,0,3,A,0,3,3,-3
2022/2023,2022-10-28,17:00,Miedź Legnica,Pogoń Szczecin,2,4,A,0,3,6,-2
2022/2023,2022-10-28,19:30,Górnik Zabrze,Widzew Łódź,3,0,H,3,0,3,3
2022/2023,2022-10-29,14:00,Korona Kielce,Piast Gliwice,1,1,D,1,1,2,0
2022/2023,2022-10-29,16:30,Jagiellonia Białystok,Legia Warszawa,2,5,A,0,3,7,-3
2022/2023,2022-10-29,19:00,Wisła Płock,Śląsk Wrocław,1,2,A,0,3,3,-1
2022/2023,2022-10-30,11:30,Zagłębie Lubin,Cracovia,0,2,A,0,3,2,-2
2022/2023,2022-10-30,14:00,Lechia Gdańsk,Stal Mielec,1,0,H,3,0,1,1
2022/2023,2022-10-30,16:30,Lech Poznań,Raków Częstochowa,1,2,A,0,3,3,-1
2022/2023,2022-10-31,18:00,Radomiak Radom,Warta Poznań,2,3,A,0,3,5,-1
2022/2023,2022-11-04,17:00,Stal Mielec,Zagłębie Lubin,3,0,H,3,0,3,3
2022/2023,2022-11-04,19:30,Legia Warszawa,Lechia Gdańsk,2,1,H,3,0,3,1
2022/2023,2022-11-05,11:30,Piast Gliwice,Warta Poznań,0,2,A,0,3,2,-2
2022/2023,2022-11-05,14:00,Cracovia,Jagiellonia Białystok,1,0,H,3,0,1,1
2022/2023,2022-11-05,16:30,Pogoń Szczecin,Górnik Zabrze,1,4,A,0,3,5,-3
2022/2023,2022-11-05,19:00,Raków Częstochowa,Wisła Płock,7,1,H,3,0,8,6
2022/2023,2022-11-06,11:30,Miedź Legnica,Śląsk Wrocław,1,0,H,3,0,1,1
2022/2023,2022-11-06,14:00,Widzew Łódź,Radomiak Radom,1,3,A,0,3,4,-2
2022/2023,2022-11-06,16:30,Lech Poznań,Korona Kielce,3,2,H,3,0,5,1
2022/2023,2022-11-11,17:00,Warta Poznań,Stal Mielec,1,1,D,1,1,2,0
2022/2023,2022-11-11,19:30,Wisła Płock,Cracovia,1,0,H,3,0,1,1
2022/2023,2022-11-12,11:30,Korona Kielce,Widzew Łódź,0,1,A,0,3,1,-1
2022/2023,2022-11-12,14:00,Górnik Zabrze,Miedź Legnica,0,3,A,0,3,3,-3
2022/2023,2022-11-12,16:30,Jagiellonia Białystok,Lech Poznań,1,2,A,0,3,3,-1
2022/2023,2022-11-12,19:00,Zagłębie Lubin,Raków Częstochowa,1,2,A,0,3,3,-1
2022/2023,2022-11-13,11:30,Radomiak Radom,Pogoń Szczecin,1,2,A,0,3,3,-1
2022/2023,2022-11-13,14:00,Lechia Gdańsk,Piast Gliwice,1,3,A,0,3,4,-2
2022/2023,2022-11-13,16:30,Śląsk Wrocław,Legia Warszawa,0,0,D,1,1,0,0
2022/2023,2022-11-18,19:30,Lechia Gdańsk,Górnik Zabrze,2,1,H,3,0,3,1
2022/2023,2023-01-27,17:00,Miedź Legnica,Radomiak Radom,0,0,D,1,1,0,0
2022/2023,2023-01-27,19:30,Stal Mielec,Lech Poznań,0,0,D,1,1,0,0
2022/2023,2023-01-28,14:00,Warta Poznań,Raków Częstochowa,1,1,D,1,1,2,0
2022/2023,2023-01-28,16:30,Widzew Łódź,Pogoń Szczecin,3,3,D,1,1,6,0
2022/2023,2023-01-28,19:00,Śląsk Wrocław,Zagłębie Lubin,0,3,A,0,3,3,-3
2022/2023,2023-01-29,11:30,Piast Gliwice,Jagiellonia Białystok,1,1,D,1,1,2,0
2022/2023,2023-01-29,14:00,Legia Warszawa,Korona Kielce,3,2,H,3,0,5,1
2022/2023,2023-01-29,16:30,Lechia Gdańsk,Wisła Płock,1,0,H,3,0,1,1
2022/2023,2023-01-30,18:00,Cracovia,Górnik Zabrze,2,0,H,3,0,2,2
2022/2023,2023-02-01,18:00,Miedź Legnica,Lech Poznań,2,2,D,1,1,4,0
2022/2023,2023-02-03,19:30,Widzew Łódź,Jagiellonia Białystok,1,1,D,1,1,2,0
2022/2023,2023-02-04,14:00,Raków Częstochowa,Piast Gliwice,1,0,H,3,0,1,1
2022/2023,2023-02-04,16:30,Górnik Zabrze,Lechia Gdańsk,1,1,D,1,1,2,0
2022/2023,2023-02-04,19:00,Zagłębie Lubin,Legia Warszawa,1,2,A,0,3,3,-1
2022/2023,2023-02-05,11:30,Radomiak Radom,Stal Mielec,1,0,H,3,0,1,1
2022/2023,2023-02-05,14:00,Lech Poznań,Miedź Legnica,1,0,H,3,0,1,1
2022/2023,2023-02-05,16:30,Pogoń Szczecin,Śląsk Wrocław,0,2,A,0,3,2,-2
2022/2023,2023-02-06,18:00,Korona Kielce,Cracovia,2,1,H,3,0,3,1
2022/2023,2023-02-10,17:00,Stal Mielec,Raków Częstochowa,0,0,D,1,1,0,0
2022/2023,2023-02-10,19:30,Lechia Gdańsk,Widzew Łódź,0,0,D,1,1,0,0
2022/2023,2023-02-11,14:00,Śląsk Wrocław,Korona Kielce,1,1,D,1,1,2,0
2022/2023,2023-02-11,16:30,Wisła Płock,Lech Poznań,0,1,A,0,3,1,-1
2022/2023,2023-02-11,19:00,Jagiellonia Białystok,Pogoń Szczecin,2,0,H,3,0,2,2
2022/2023,2023-02-12,11:30,Zagłębie Lubin,Piast Gliwice,0,2,A,0,3,2,-2
2022/2023,2023-02-12,14:00,Górnik Zabrze,Radomiak Radom,0,0,D,1,1,0,0
2022/2023,2023-02-12,16:30,Legia Warszawa,Cracovia,2,2,D,1,1,4,0
2022/2023,2023-02-13,18:00,Warta Poznań,Miedź Legnica,1,1,D,1,1,2,0
2022/2023,2023-02-17,17:00,Cracovia,Stal Mielec,2,1,H,3,0,3,1
2022/2023,2023-02-17,19:30,Widzew Łódź,Śląsk Wrocław,1,0,H,3,0,1,1
2022/2023,2023-02-18,14:00,Korona Kielce,Lechia Gdańsk,1,0,H,3,0,1,1
2022/2023,2023-02-18,16:30,Raków Częstochowa,Górnik Zabrze,2,0,H,3,0,2,2
2022/2023,2023-02-18,19:00,Pogoń Szczecin,Warta Poznań,3,1,H,3,0,4,2
2022/2023,2023-02-19,11:30,Miedź Legnica,Wisła Płock,2,1,H,3,0,3,1
2022/2023,2023-02-19,14:00,Lech Poznań,Zagłębie Lubin,1,2,A,0,3,3,-1
2022/2023,2023-02-19,16:30,Piast Gliwice,Legia Warszawa,0,1,A,0,3,1,-1
2022/2023,2023-02-20,18:00,Radomiak Radom,Jagiellonia Białystok,0,0,D,1,1,0,0
2022/2023,2023-02-24,17:00,Jagiellonia Białystok,Raków Częstochowa,1,2,A,0,3,3,-1
2022/2023,2023-02-24,19:30,Legia Warszawa,Widzew Łódź,2,2,D,1,1,4,0
2022/2023,2023-02-25,14:00,Piast Gliwice,Cracovia,2,1,H,3,0,3,1
2022/2023,2023-02-25,16:30,Warta Poznań,Korona Kielce,5,1,H,3,0,6,4
2022/2023,2023-02-25,19:00,Lechia Gdańsk,Radomiak Radom,1,3,A,0,3,4,-2
2022/2023,2023-02-26,11:30,Stal Mielec,Górnik Zabrze,0,1,A,0,3,1,-1
2022/2023,2023-02-26,14:00,Wisła Płock,Pogoń Szczecin,0,1,A,0,3,1,-1
2022/2023,2023-02-26,16:30,Śląsk Wrocław,Lech Poznań,2,1,H,3,0,3,1
2022/2023,2023-02-27,18:00,Zagłębie Lubin,Miedź Legnica,2,1,H,3,0,3,1
2022/2023,2023-03-03,17:00,Stal Mielec,Piast Gliwice,0,2,A,0,3,2,-2
2022/2023,2023-03-03,19:30,Lech Poznań,Lechia Gdańsk,5,0,H,3,0,5,5
2022/2023,2023-03-04,14:00,Widzew Łódź,Warta Poznań,0,2,A,0,3,2,-2
2022/2023,2023-03-04,16:30,Korona Kielce,Wisła Płock,1,0,H,3,0,1,1
2022/2023,2023-03-04,19:00,Górnik Zabrze,Legia Warszawa,0,1,A,0,3,1,-1
2022/2023,2023-03-05,11:30,Miedź Legnica,Jagiellonia Białystok,1,1,D,1,1,2,0
2022/2023,2023-03-05,14:00,Pogoń Szczecin,Raków Częstochowa,0,2,A,0,3,2,-2
2022/2023,2023-03-05,16:30,Cracovia,Śląsk Wrocław,1,1,D,1,1,2,0
2022/2023,2023-03-06,18:00,Radomiak Radom,Zagłębie Lubin,0,1,A,0,3,1,-1
2022/2023,2023-03-08,17:45,Wisła Płock,Warta Poznań,1,0,H,3,0,1,1
2022/2023,2023-03-10,17:00,Lechia Gdańsk,Miedź Legnica,4,0,H,3,0,4,4
2022/2023,2023-03-10,19:30,Raków Częstochowa,Śląsk Wrocław,4,1,H,3,0,5,3
2022/2023,2023-03-11,14:00,Korona Kielce,Radomiak Radom,2,1,H,3,0,3,1
2022/2023,2023-03-11,16:30,Zagłębie Lubin,Pogoń Szczecin,0,1,A,0,3,1,-1
2022/2023,2023-03-11,19:00,Jagiellonia Białystok,Górnik Zabrze,2,1,H,3,0,3,1
2022/2023,2023-03-12,11:30,Warta Poznań,Cracovia,0,0,D,1,1,0,0
2022/2023,2023-03-12,14:00,Piast Gliwice,Lech Poznań,1,1,D,1,1,2,0
2022/2023,2023-03-12,16:30,Legia Warszawa,Stal Mielec,2,0,H,3,0,2,2
2022/2023,2023-03-13,18:00,Wisła Płock,Widzew Łódź,1,1,D,1,1,2,0
2022/2023,2023-03-17,17:00,Górnik Zabrze,Wisła Płock,3,2,H,3,0,5,1
2022/2023,2023-03-17,19:30,Radomiak Radom,Legia Warszawa,0,2,A,0,3,2,-2
2022/2023,2023-03-18,11:30,Śląsk Wrocław,Stal Mielec,1,1,D,1,1,2,0
2022/2023,2023-03-18,14:00,Jagiellonia Białystok,Zagłębie Lubin,2,2,D,1,1,4,0
2022/2023,2023-03-18,16:30,Pogoń Szczecin,Korona Kielce,0,0,D,1,1,0,0
2022/2023,2023-03-18,19:00,Raków Częstochowa,Cracovia,4,1,H,3,0,5,3
2022/2023,2023-03-19,11:30,Warta Poznań,Lechia Gdańsk,2,0,H,3,0,2,2
2022/2023,2023-03-19,14:00,Miedź Legnica,Piast Gliwice,0,1,A,0,3,1,-1
2022/2023,2023-03-19,16:30,Widzew Łódź,Lech Poznań,1,2,A,0,3,3,-1
2022/2023,2023-03-31,17:00,Zagłębie Lubin,Warta Poznań,0,0,D,1,1,0,0
2022/2023,2023-03-31,19:30,Piast Gliwice,Górnik Zabrze,1,0,H,3,0,1,1
2022/2023,2023-04-01,14:00,Korona Kielce,Miedź Legnica,1,0,H,3,0,1,1
2022/2023,2023-04-01,16:30,Legia Warszawa,Raków Częstochowa,3,1,H,3,0,4,2
2022/2023,2023-04-01,19:00,Lechia Gdańsk,Śląsk Wrocław,0,0,D,1,1,0,0
2022/2023,2023-04-02,11:30,Wisła Płock,Radomiak Radom,1,1,D,1,1,2,0
2022/2023,2023-04-02,14:00,Cracovia,Widzew Łódź,1,1,D,1,1,2,0
2022/2023,2023-04-02,16:30,Lech Poznań,Pogoń Szczecin,2,2,D,1,1,4,0
2022/2023,2023-04-03,18:00,Stal Mielec,Jagiellonia Białystok,1,1,D,1,1,2,0
2022/2023,2023-04-06,17:00,Śląsk Wrocław,Piast Gliwice,0,1,A,0,3,1,-1
2022/2023,2023-04-06,19:30,Górnik Zabrze,Korona Kielce,1,1,D,1,1,2,0
2022/2023,2023-04-08,11:30,Wisła Płock,Zagłębie Lubin,2,0,H,3,0,2,2
2022/2023,2023-04-08,14:00,Widzew Łódź,Stal Mielec,0,2,A,0,3,2,-2
2022/2023,2023-04-08,16:30,Pogoń Szczecin,Cracovia,3,2,H,3,0,5,1
2022/2023,2023-04-08,19:00,Lech Poznań,Warta Poznań,2,0,H,3,0,2,2
2022/2023,2023-04-10,14:00,Jagiellonia Białystok,Lechia Gdańsk,1,0,H,3,0,1,1
2022/2023,2023-04-10,16:30,Radomiak Radom,Raków Częstochowa,0,0,D,1,1,0,0
2022/2023,2023-04-10,19:00,Miedź Legnica,Legia Warszawa,2,2,D,1,1,4,0
2022/2023,2023-04-14,17:00,Warta Poznań,Śląsk Wrocław,3,1,H,3,0,4,2
2022/2023,2023-04-14,19:30,Zagłębie Lubin,Górnik Zabrze,0,2,A,0,3,2,-2
2022/2023,2023-04-15,14:00,Cracovia,Radomiak Radom,3,0,H,3,0,3,3
2022/2023,2023-04-15,16:30,Korona Kielce,Jagiellonia Białystok,2,1,H,3,0,3,1
2022/2023,2023-04-15,19:00,Lechia Gdańsk,Pogoń Szczecin,0,1,A,0,3,1,-1
2022/2023,2023-04-16,11:30,Piast Gliwice,Wisła Płock,1,0,H,3,0,1,1
2022/2023,2023-04-16,14:00,Raków Częstochowa,Widzew Łódź,2,0,H,3,0,2,2
2022/2023,2023-04-16,16:30,Legia Warszawa,Lech Poznań,2,2,D,1,1,4,0
2022/2023,2023-04-17,18:00,Stal Mielec,Miedź Legnica,1,1,D,1,1,2,0
2022/2023,2023-04-21,17:00,Wisła Płock,Jagiellonia Białystok,2,4,A,0,3,6,-2
2022/2023,2023-04-21,19:30,Warta Poznań,Legia Warszawa,1,0,H,3,0,1,1
2022/2023,2023-04-22,14:00,Lechia Gdańsk,Cracovia,1,2,A,0,3,3,-1
2022/2023,2023-04-22,16:30,Miedź Legnica,Raków Częstochowa,0,2,A,0,3,2,-2
2022/2023,2023-04-22,19:00,Pogoń Szczecin,Stal Mielec,4,2,H,3,0,6,2
2022/2023,2023-04-23,11:30,Korona Kielce,Zagłębie Lubin,2,2,D,1,1,4,0
2022/2023,2023-04-23,14:00,Widzew Łódź,Piast Gliwice,2,3,A,0,3,5,-1
2022/2023,2023-04-23,16:30,Górnik Zabrze,Śląsk Wrocław,2,0,H,3,0,2,2
2022/2023,2023-04-24,18:00,Radomiak Radom,Lech Poznań,1,1,D,1,1,2,0
2022/2023,2023-04-28,17:00,Legia Warszawa,Wisła Płock,2,0,H,3,0,2,2
2022/2023,2023-04-28,19:30,Raków Częstochowa,Lechia Gdańsk,4,0,H,3,0,4,4
2022/2023,2023-04-29,14:00,Jagiellonia Białystok,Warta Poznań,3,1,H,3,0,4,2
2022/2023,2023-04-29,16:30,Zagłębie Lubin,Widzew Łódź,2,0,H,3,0,2,2
2022/2023,2023-04-29,19:00,Piast Gliwice,Pogoń Szczecin,0,0,D,1,1,0,0
2022/2023,2023-04-30,11:30,Śląsk Wrocław,Radomiak Radom,0,1,A,0,3,1,-1
2022/2023,2023-04-30,14:00,Stal Mielec,Korona Kielce,2,1,H,3,0,3,1
2022/2023,2023-04-30,16:30,Lech Poznań,Górnik Zabrze,0,1,A,0,3,1,-1
2022/2023,2023-05-01,18:00,Cracovia,Miedź Legnica,1,1,D,1,1,2,0
2022/2023,2023-05-05,17:00,Jagiellonia Białystok,Śląsk Wrocław,1,1,D,1,1,2,0
2022/2023,2023-05-05,19:30,Górnik Zabrze,Warta Poznań,2,0,H,3,0,2,2
2022/2023,2023-05-06,14:00,Radomiak Radom,Piast Gliwice,0,1,A,0,3,1,-1
2022/2023,2023-05-06,16:30,Lech Poznań,Cracovia,3,0,H,3,0,3,3
2022/2023,2023-05-06,19:00,Lechia Gdańsk,Zagłębie Lubin,1,3,A,0,3,4,-2
2022/2023,2023-05-07,11:30,Wisła Płock,Stal Mielec,0,0,D,1,1,0,0
2022/2023,2023-05-07,14:00,Korona Kielce,Raków Częstochowa,1,0,H,3,0,1,1
2022/2023,2023-05-07,16:30,Pogoń Szczecin,Legia Warszawa,2,1,H,3,0,3,1
2022/2023,2023-05-08,18:00,Miedź Legnica,Widzew Łódź,0,1,A,0,3,1,-1
2022/2023,2023-05-12,17:00,Piast Gliwice,Korona Kielce,2,1,H,3,0,3,1
2022/2023,2023-05-12,19:30,Legia Warszawa,Jagiellonia Białystok,5,1,H,3,0,6,4
2022/2023,2023-05-13,14:00,Śląsk Wrocław,Wisła Płock,3,1,H,3,0,4,2
2022/2023,2023-05-13,16:30,Cracovia,Zagłębie Lubin,0,1,A,0,3,1,-1
2022/2023,2023-05-13,19:00,Widzew Łódź,Górnik Zabrze,2,3,A,0,3,5,-1
2022/2023,2023-05-14,11:30,Stal Mielec,Lechia Gdańsk,0,0,D,1,1,0,0
2022/2023,2023-05-14,14:00,Pogoń Szczecin,Miedź Legnica,3,2,H,3,0,5,1
2022/2023,2023-05-14,16:30,Raków Częstochowa,Lech Poznań,0,2,A,0,3,2,-2
2022/2023,2023-05-15,18:00,Warta Poznań,Radomiak Radom,1,2,A,0,3,3,-1
2022/2023,2023-05-19,17:00,Zagłębie Lubin,Stal Mielec,2,0,H,3,0,2,2
2022/2023,2023-05-19,19:30,Korona Kielce,Lech Poznań,0,3,A,0,3,3,-3
2022/2023,2023-05-20,14:00,Jagiellonia Białystok,Cracovia,1,1,D,1,1,2,0
2022/2023,2023-05-20,16:30,Górnik Zabrze,Pogoń Szczecin,2,1,H,3,0,3,1
2022/2023,2023-05-20,19:00,Lechia Gdańsk,Legia Warszawa,1,0,H,3,0,1,1
2022/2023,2023-05-21,11:30,Śląsk Wrocław,Miedź Legnica,4,2,H,3,0,6,2
2022/2023,2023-05-21,14:00,Radomiak Radom,Widzew Łódź,3,1,H,3,0,4,2
2022/2023,2023-05-21,16:30,Wisła Płock,Raków Częstochowa,1,2,A,0,3,3,-1
2022/2023,2023-05-22,18:00,Warta Poznań,Piast Gliwice,1,1,D,1,1,2,0
2022/2023,2023-05-27,16:30,Cracovia,Wisła Płock,3,0,H,3,0,3,3
2022/2023,2023-05-27,16:30,Lech Poznań,Jagiellonia Białystok,2,0,H,3,0,2,2
2022/2023,2023-05-27,16:30,Legia Warszawa,Śląsk Wrocław,3,1,H,3,0,4,2
2022/2023,2023-05-27,16:30,Miedź Legnica,Górnik Zabrze,0,0,D,1,1,0,0
2022/2023,2023-05-27,16:30,Piast Gliwice,Lechia Gdańsk,3,0,H,3,0,3,3
2022/2023,2023-05-27,16:30,Pogoń Szczecin,Radomiak Radom,4,0,H,3,0,4,4
2022/2023,2023-05-27,16:30,Raków Częstochowa,Zagłębie Lubin,1,1,D,1,1,2,0
2022/2023,2023-05-27,16:30,Stal Mielec,Warta Poznań,1,0,H,3,0,1,1
2022/2023,2023-05-27,16:30,Widzew Łódź,Korona Kielce,0,3,A,0,3,3,-3
2023/2024,2023-07-21,17:00,Warta Poznań,Pogoń Szczecin,0,1,A,0,3,1,-1
2023/2024,2023-07-21,19:30,Legia Warszawa,ŁKS Łódź,3,0,H,3,0,3,3
2023/2024,2023-07-22,14:00,Stal Mielec,Cracovia,2,2,D,1,1,4,0
2023/2024,2023-07-22,16:30,Raków Częstochowa,Jagiellonia Białystok,3,0,H,3,0,3,3
2023/2024,2023-07-22,19:00,Piast Gliwice,Lech Poznań,1,2,A,0,3,3,-1
2023/2024,2023-07-23,14:00,Górnik Zabrze,Radomiak Radom,0,2,A,0,3,2,-2
2023/2024,2023-07-23,16:30,Zagłębie Lubin,Ruch Chorzów,2,1,H,3,0,3,1
2023/2024,2023-07-23,19:00,Widzew Łódź,Puszcza Niepołomice,3,2,H,3,0,5,1
2023/2024,2023-07-24,18:00,Korona Kielce,Śląsk Wrocław,1,1,D,1,1,2,0
2023/2024,2023-07-28,19:30,Ruch Chorzów,ŁKS Łódź,2,0,H,3,0,2,2
2023/2024,2023-07-29,14:00,Warta Poznań,Górnik Zabrze,2,0,H,3,0,2,2
2023/2024,2023-07-29,16:30,Jagiellonia Białystok,Puszcza Niepołomice,4,1,H,3,0,5,3
2023/2024,2023-07-29,19:00,Śląsk Wrocław,Zagłębie Lubin,1,2,A,0,3,3,-1
2023/2024,2023-07-30,14:00,Stal Mielec,Piast Gliwice,0,0,D,1,1,0,0
2023/2024,2023-07-30,16:30,Lech Poznań,Radomiak Radom,2,0,H,3,0,2,2
2023/2024,2023-07-30,19:00,Pogoń Szczecin,Widzew Łódź,2,1,H,3,0,3,1
2023/2024,2023-08-04,17:00,Jagiellonia Białystok,Widzew Łódź,2,1,H,3,0,3,1
2023/2024,2023-08-04,19:30,ŁKS Łódź,Korona Kielce,2,1,H,3,0,3,1
2023/2024,2023-08-05,14:00,Raków Częstochowa,Warta Poznań,2,2,D,1,1,4,0
2023/2024,2023-08-05,16:30,Górnik Zabrze,Piast Gliwice,0,0,D,1,1,0,0
2023/2024,2023-08-05,19:00,Radomiak Radom,Cracovia,0,1,A,0,3,1,-1
2023/2024,2023-08-06,16:30,Zagłębie Lubin,Lech Poznań,1,1,D,1,1,2,0
2023/2024,2023-08-06,19:00,Legia Warszawa,Ruch Chorzów,3,0,H,3,0,3,3
2023/2024,2023-08-07,18:00,Puszcza Niepołomice,Stal Mielec,1,0,H,3,0,1,1
2023/2024,2023-08-11,17:00,Cracovia,Zagłębie Lubin,2,1,H,3,0,3,1
2023/2024,2023-08-11,19:30,Piast Gliwice,Raków Częstochowa,2,1,H,3,0,3,1
2023/2024,2023-08-12,14:00,Stal Mielec,Śląsk Wrocław,3,1,H,3,0,4,2
2023/2024,2023-08-12,16:30,Korona Kielce,Górnik Zabrze,0,1,A,0,3,1,-1
2023/2024,2023-08-12,19:00,Widzew Łódź,ŁKS Łódź,1,0,H,3,0,1,1
2023/2024,2023-08-13,14:00,Pogoń Szczecin,Radomiak Radom,0,2,A,0,3,2,-2
2023/2024,2023-08-13,16:30,Puszcza Niepołomice,Legia Warszawa,1,1,D,1,1,2,0
2023/2024,2023-08-14,18:00,Warta Poznań,Ruch Chorzów,2,2,D,1,1,4,0
2023/2024,2023-08-18,17:00,Zagłębie Lubin,Puszcza Niepołomice,1,0,H,3,0,1,1
2023/2024,2023-08-18,19:30,Górnik Zabrze,Widzew Łódź,1,1,D,1,1,2,0
2023/2024,2023-08-19,14:00,Radomiak Radom,Warta Poznań,3,2,H,3,0,5,1
2023/2024,2023-08-19,16:30,Raków Częstochowa,Stal Mielec,2,0,H,3,0,2,2
2023/2024,2023-08-19,19:00,Ruch Chorzów,Jagiellonia Białystok,0,1,A,0,3,1,-1
2023/2024,2023-08-20,14:00,ŁKS Łódź,Pogoń Szczecin,1,0,H,3,0,1,1
2023/2024,2023-08-20,16:30,Śląsk Wrocław,Lech Poznań,3,1,H,3,0,4,2
2023/2024,2023-08-20,19:00,Legia Warszawa,Korona Kielce,1,0,H,3,0,1,1
2023/2024,2023-08-21,18:00,Cracovia,Piast Gliwice,1,1,D,1,1,2,0
2023/2024,2023-08-25,17:00,Stal Mielec,Radomiak Radom,2,0,H,3,0,2,2
2023/2024,2023-08-25,19:30,Widzew Łódź,Śląsk Wrocław,0,2,A,0,3,2,-2
2023/2024,2023-08-26,14:00,Warta Poznań,Cracovia,0,0,D,1,1,0,0
2023/2024,2023-08-26,16:30,Puszcza Niepołomice,ŁKS Łódź,2,1,H,3,0,3,1
2023/2024,2023-08-26,19:00,Piast Gliwice,Ruch Chorzów,0,0,D,1,1,0,0
2023/2024,2023-08-27,14:00,Korona Kielce,Zagłębie Lubin,2,0,H,3,0,2,2
2023/2024,2023-08-27,16:30,Jagiellonia Białystok,Górnik Zabrze,4,1,H,3,0,5,3
2023/2024,2023-08-30,17:30,Pogoń Szczecin,Śląsk Wrocław,0,2,A,0,3,2,-2
2023/2024,2023-09-01,17:00,ŁKS Łódź,Warta Poznań,0,2,A,0,3,2,-2
2023/2024,2023-09-01,19:30,Ruch Chorzów,Stal Mielec,1,1,D,1,1,2,0
2023/2024,2023-09-02,14:00,Radomiak Radom,Piast Gliwice,1,1,D,1,1,2,0
2023/2024,2023-09-02,16:30,Cracovia,Korona Kielce,0,0,D,1,1,0,0
2023/2024,2023-09-02,19:00,Lech Poznań,Górnik Zabrze,1,1,D,1,1,2,0
2023/2024,2023-09-03,11:30,Śląsk Wrocław,Jagiellonia Białystok,2,1,H,3,0,3,1
2023/2024,2023-09-03,14:00,Zagłębie Lubin,Pogoń Szczecin,1,0,H,3,0,1,1
2023/2024,2023-09-03,16:30,Legia Warszawa,Widzew Łódź,3,1,H,3,0,4,2
2023/2024,2023-09-03,19:00,Raków Częstochowa,Puszcza Niepołomice,2,0,H,3,0,2,2
2023/2024,2023-09-15,17:00,Puszcza Niepołomice,Śląsk Wrocław,1,3,A,0,3,4,-2
2023/2024,2023-09-15,19:30,Górnik Zabrze,Ruch Chorzów,1,0,H,3,0,1,1
2023/2024,2023-09-16,14:00,Pogoń Szczecin,Korona Kielce,3,1,H,3,0,4,2
2023/2024,2023-09-16,16:30,Raków Częstochowa,ŁKS Łódź,1,0,H,3,0,1,1
2023/2024,2023-09-16,19:00,Piast Gliwice,Legia Warszawa,1,1,D,1,1,2,0
2023/2024,2023-09-17,11:30,Jagiellonia Białystok,Radomiak Radom,3,2,H,3,0,5,1
2023/2024,2023-09-17,14:00,Widzew Łódź,Cracovia,2,0,H,3,0,2,2
2023/2024,2023-09-17,16:30,Warta Poznań,Lech Poznań,0,2,A,0,3,2,-2
2023/2024,2023-09-18,18:00,Stal Mielec,Zagłębie Lubin,4,2,H,3,0,6,2
2023/2024,2023-09-22,17:00,Korona Kielce,Widzew Łódź,1,1,D,1,1,2,0
2023/2024,2023-09-22,19:30,ŁKS Łódź,Jagiellonia Białystok,2,2,D,1,1,4,0
2023/2024,2023-09-23,11:30,Radomiak Radom,Puszcza Niepołomice,1,1,D,1,1,2,0
2023/2024,2023-09-23,14:00,Śląsk Wrocław,Piast Gliwice,1,0,H,3,0,1,1
2023/2024,2023-09-23,16:30,Cracovia,Pogoń Szczecin,1,5,A,0,3,6,-4
2023/2024,2023-09-23,19:00,Lech Poznań,Stal Mielec,2,1,H,3,0,3,1
2023/2024,2023-09-24,11:30,Zagłębie Lubin,Warta Poznań,1,0,H,3,0,1,1
2023/2024,2023-09-24,14:00,Ruch Chorzów,Raków Częstochowa,3,5,A,0,3,8,-2
2023/2024,2023-09-24,16:30,Legia Warszawa,Górnik Zabrze,2,1,H,3,0,3,1
2023/2024,2023-09-27,19:00,Pogoń Szczecin,Legia Warszawa,3,4,A,0,3,7,-1
2023/2024,2023-09-28,19:00,Lech Poznań,Raków Częstochowa,4,1,H,3,0,5,3
2023/2024,2023-09-29,17:00,Stal Mielec,Korona Kielce,2,3,A,0,3,5,-1
2023/2024,2023-09-29,19:30,Piast Gliwice,Widzew Łódź,3,2,H,3,0,5,1
2023/2024,2023-09-30,14:00,ŁKS Łódź,Cracovia,0,2,A,0,3,2,-2
2023/2024,2023-09-30,16:30,Puszcza Niepołomice,Ruch Chorzów,2,2,D,1,1,4,0
2023/2024,2023-09-30,19:00,Warta Poznań,Śląsk Wrocław,0,1,A,0,3,1,-1
2023/2024,2023-10-01,14:00,Raków Częstochowa,Radomiak Radom,3,0,H,3,0,3,3
2023/2024,2023-10-01,16:30,Pogoń Szczecin,Lech Poznań,5,0,H,3,0,5,5
2023/2024,2023-10-01,19:00,Jagiellonia Białystok,Legia Warszawa,2,0,H,3,0,2,2
2023/2024,2023-10-02,18:00,Górnik Zabrze,Zagłębie Lubin,0,2,A,0,3,2,-2
2023/2024,2023-10-06,17:00,Korona Kielce,Warta Poznań,1,1,D,1,1,2,0
2023/2024,2023-10-06,19:40,Lech Poznań,Puszcza Niepołomice,4,1,H,3,0,5,3
2023/2024,2023-10-07,11:30,Radomiak Radom,ŁKS Łódź,3,0,H,3,0,3,3
2023/2024,2023-10-07,14:00,Widzew Łódź,Stal Mielec,1,0,H,3,0,1,1
2023/2024,2023-10-07,16:30,Zagłębie Lubin,Piast Gliwice,1,1,D,1,1,2,0
2023/2024,2023-10-07,19:00,Ruch Chorzów,Pogoń Szczecin,0,3,A,0,3,3,-3
2023/2024,2023-10-08,11:30,Śląsk Wrocław,Górnik Zabrze,1,1,D,1,1,2,0
2023/2024,2023-10-08,14:00,Cracovia,Jagiellonia Białystok,2,4,A,0,3,6,-2
2023/2024,2023-10-08,16:30,Legia Warszawa,Raków Częstochowa,1,2,A,0,3,3,-1
2023/2024,2023-10-20,17:00,Piast Gliwice,Pogoń Szczecin,0,0,D,1,1,0,0
2023/2024,2023-10-20,19:30,Jagiellonia Białystok,Zagłębie Lubin,3,0,H,3,0,3,3
2023/2024,2023-10-21,14:00,Puszcza Niepołomice,Cracovia,1,1,D,1,1,2,0
2023/2024,2023-10-21,16:30,Śląsk Wrocław,Legia Warszawa,4,0,H,3,0,4,4
2023/2024,2023-10-21,19:00,Lech Poznań,ŁKS Łódź,3,1,H,3,0,4,2
2023/2024,2023-10-22,11:30,Radomiak Radom,Korona Kielce,1,1,D,1,1,2,0
2023/2024,2023-10-22,16:30,Górnik Zabrze,Raków Częstochowa,2,1,H,3,0,3,1
2023/2024,2023-10-23,18:00,Stal Mielec,Warta Poznań,0,1,A,0,3,1,-1
2023/2024,2023-10-24,17:00,Lech Poznań,Jagiellonia Białystok,3,3,D,1,1,6,0
2023/2024,2023-10-27,17:00,Korona Kielce,Puszcza Niepołomice,5,3,H,3,0,8,2
2023/2024,2023-10-27,19:30,ŁKS Łódź,Górnik Zabrze,0,5,A,0,3,5,-5
2023/2024,2023-10-28,11:30,Warta Poznań,Piast Gliwice,1,1,D,1,1,2,0
2023/2024,2023-10-28,14:00,Pogoń Szczecin,Jagiellonia Białystok,2,1,H,3,0,3,1
2023/2024,2023-10-28,16:30,Cracovia,Lech Poznań,1,1,D,1,1,2,0
2023/2024,2023-10-28,19:00,Ruch Chorzów,Śląsk Wrocław,2,2,D,1,1,4,0
2023/2024,2023-10-29,11:30,Zagłębie Lubin,Radomiak Radom,2,3,A,0,3,5,-1
2023/2024,2023-10-29,14:00,Legia Warszawa,Stal Mielec,1,3,A,0,3,4,-2
2023/2024,2023-10-29,16:30,Raków Częstochowa,Widzew Łódź,1,1,D,1,1,2,0
2023/2024,2023-11-03,17:00,Piast Gliwice,Korona Kielce,0,0,D,1,1,0,0
2023/2024,2023-11-03,19:30,Jagiellonia Białystok,Stal Mielec,4,0,H,3,0,4,4
2023/2024,2023-11-04,14:00,Puszcza Niepołomice,Pogoń Szczecin,0,2,A,0,3,2,-2
2023/2024,2023-11-04,16:30,Widzew Łódź,Warta Poznań,0,1,A,0,3,1,-1
2023/2024,2023-11-04,19:00,Lech Poznań,Ruch Chorzów,2,0,H,3,0,2,2
2023/2024,2023-11-05,11:30,Śląsk Wrocław,ŁKS Łódź,2,1,H,3,0,3,1
2023/2024,2023-11-05,14:00,Raków Częstochowa,Zagłębie Lubin,5,0,H,3,0,5,5
2023/2024,2023-11-05,16:30,Radomiak Radom,Legia Warszawa,0,1,A,0,3,1,-1
2023/2024,2023-11-06,18:00,Górnik Zabrze,Cracovia,1,0,H,3,0,1,1
2023/2024,2023-11-10,17:00,Warta Poznań,Puszcza Niepołomice,0,2,A,0,3,2,-2
2023/2024,2023-11-10,19:30,Cracovia,Śląsk Wrocław,0,1,A,0,3,1,-1
2023/2024,2023-11-11,14:00,ŁKS Łódź,Piast Gliwice,3,3,D,1,1,6,0
2023/2024,2023-11-11,16:30,Zagłębie Lubin,Widzew Łódź,1,1,D,1,1,2,0
2023/2024,2023-11-11,19:00,Korona Kielce,Jagiellonia Białystok,2,2,D,1,1,4,0
2023/2024,2023-11-12,11:30,Stal Mielec,Górnik Zabrze,2,1,H,3,0,3,1
2023/2024,2023-11-12,14:00,Pogoń Szczecin,Raków Częstochowa,1,1,D,1,1,2,0
2023/2024,2023-11-12,16:30,Legia Warszawa,Lech Poznań,0,0,D,1,1,0,0
2023/2024,2023-11-13,18:00,Ruch Chorzów,Radomiak Radom,0,0,D,1,1,0,0
2023/2024,2023-11-18,16:30,Widzew Łódź,Ruch Chorzów,2,1,H,3,0,3,1
2023/2024,2023-11-24,17:00,ŁKS Łódź,Zagłębie Lubin,0,2,A,0,3,2,-2
2023/2024,2023-11-24,19:30,Jagiellonia Białystok,Piast Gliwice,0,0,D,1,1,0,0
2023/2024,2023-11-25,14:00,Raków Częstochowa,Cracovia,1,1,D,1,1,2,0
2023/2024,2023-11-25,16:30,Pogoń Szczecin,Stal Mielec,2,3,A,0,3,5,-1
2023/2024,2023-11-25,19:00,Legia Warszawa,Warta Poznań,2,2,D,1,1,4,0
2023/2024,2023-11-26,11:30,Puszcza Niepołomice,Górnik Zabrze,2,1,H,3,0,3,1
2023/2024,2023-11-26,14:00,Ruch Chorzów,Korona Kielce,1,1,D,1,1,2,0
2023/2024,2023-11-26,16:30,Lech Poznań,Widzew Łódź,1,3,A,0,3,4,-2
2023/2024,2023-11-27,18:00,Radomiak Radom,Śląsk Wrocław,0,1,A,0,3,1,-1
2023/2024,2023-12-01,17:00,Warta Poznań,Jagiellonia Białystok,1,2,A,0,3,3,-1
2023/2024,2023-12-01,19:30,Górnik Zabrze,Pogoń Szczecin,1,0,H,3,0,1,1
2023/2024,2023-12-02,16:30,Widzew Łódź,Radomiak Radom,0,3,A,0,3,3,-3
2023/2024,2023-12-02,19:00,Korona Kielce,Lech Poznań,0,1,A,0,3,1,-1
2023/2024,2023-12-03,11:30,Cracovia,Ruch Chorzów,4,4,D,1,1,8,0
2023/2024,2023-12-03,14:00,Zagłębie Lubin,Legia Warszawa,0,3,A,0,3,3,-3
2023/2024,2023-12-03,16:30,Śląsk Wrocław,Raków Częstochowa,1,1,D,1,1,2,0
2023/2024,2023-12-08,17:00,Ruch Chorzów,Zagłębie Lubin,2,2,D,1,1,4,0
2023/2024,2023-12-08,19:30,Pogoń Szczecin,Warta Poznań,3,3,D,1,1,6,0
2023/2024,2023-12-09,14:00,Radomiak Radom,Górnik Zabrze,1,1,D,1,1,2,0
2023/2024,2023-12-09,16:30,Cracovia,Stal Mielec,2,2,D,1,1,4,0
2023/2024,2023-12-09,19:00,Śląsk Wrocław,Korona Kielce,0,0,D,1,1,0,0
2023/2024,2023-12-10,11:30,Lech Poznań,Piast Gliwice,0,1,A,0,3,1,-1
2023/2024,2023-12-10,14:00,ŁKS Łódź,Legia Warszawa,1,1,D,1,1,2,0
2023/2024,2023-12-10,16:30,Jagiellonia Białystok,Raków Częstochowa,4,2,H,3,0,6,2
2023/2024,2023-12-11,18:00,Puszcza Niepołomice,Widzew Łódź,1,0,H,3,0,1,1
2023/2024,2023-12-15,17:00,Górnik Zabrze,Warta Poznań,3,0,H,3,0,3,3
2023/2024,2023-12-15,19:30,Zagłębie Lubin,Śląsk Wrocław,1,2,A,0,3,3,-1
2023/2024,2023-12-16,14:00,Puszcza Niepołomice,Jagiellonia Białystok,3,3,D,1,1,6,0
2023/2024,2023-12-16,16:30,Widzew Łódź,Pogoń Szczecin,1,2,A,0,3,3,-1
2023/2024,2023-12-16,19:00,Radomiak Radom,Lech Poznań,2,2,D,1,1,4,0
2023/2024,2023-12-17,11:30,ŁKS Łódź,Ruch Chorzów,1,1,D,1,1,2,0
2023/2024,2023-12-17,14:00,Raków Częstochowa,Korona Kielce,1,0,H,3,0,1,1
2023/2024,2023-12-17,16:30,Legia Warszawa,Cracovia,2,0,H,3,0,2,2
2023/2024,2023-12-18,18:00,Piast Gliwice,Stal Mielec,3,0,H,3,0,3,3
2023/2024,2023-12-20,18:00,Cracovia,Legia Warszawa,2,0,H,3,0,2,2
2023/2024,2024-02-09,17:00,Stal Mielec,Puszcza Niepołomice,2,1,H,3,0,3,1
2023/2024,2024-02-09,19:30,Ruch Chorzów,Legia Warszawa,0,1,A,0,3,1,-1
2023/2024,2024-02-10,14:00,Cracovia,Radomiak Radom,6,0,H,3,0,6,6
2023/2024,2024-02-10,16:30,Piast Gliwice,Górnik Zabrze,1,3,A,0,3,4,-2
2023/2024,2024-02-10,19:00,Lech Poznań,Zagłębie Lubin,2,0,H,3,0,2,2
2023/2024,2024-02-11,11:30,Warta Poznań,Raków Częstochowa,2,1,H,3,0,3,1
2023/2024,2024-02-11,14:00,Widzew Łódź,Jagiellonia Białystok,1,3,A,0,3,4,-2
2023/2024,2024-02-11,16:30,Śląsk Wrocław,Pogoń Szczecin,0,1,A,0,3,1,-1
2023/2024,2024-02-12,18:00,Korona Kielce,ŁKS Łódź,2,1,H,3,0,3,1
2023/2024,2024-02-16,17:00,Radomiak Radom,Pogoń Szczecin,0,4,A,0,3,4,-4
2023/2024,2024-02-16,19:30,Śląsk Wrocław,Stal Mielec,0,1,A,0,3,1,-1
2023/2024,2024-02-17,14:00,Ruch Chorzów,Warta Poznań,0,0,D,1,1,0,0
2023/2024,2024-02-17,16:30,Jagiellonia Białystok,Lech Poznań,1,2,A,0,3,3,-1
2023/2024,2024-02-17,19:00,Raków Częstochowa,Piast Gliwice,3,1,H,3,0,4,2
2023/2024,2024-02-18,11:30,Zagłębie Lubin,Cracovia,1,1,D,1,1,2,0
2023/2024,2024-02-18,14:00,Legia Warszawa,Puszcza Niepołomice,1,1,D,1,1,2,0
2023/2024,2024-02-18,16:30,ŁKS Łódź,Widzew Łódź,0,2,A,0,3,2,-2
2023/2024,2024-02-19,18:00,Górnik Zabrze,Korona Kielce,3,1,H,3,0,4,2
2023/2024,2024-02-23,17:00,Piast Gliwice,Cracovia,0,0,D,1,1,0,0
2023/2024,2024-02-23,19:30,Pogoń Szczecin,ŁKS Łódź,4,2,H,3,0,6,2
2023/2024,2024-02-24,14:00,Jagiellonia Białystok,Ruch Chorzów,1,1,D,1,1,2,0
2023/2024,2024-02-24,16:30,Lech Poznań,Śląsk Wrocław,0,0,D,1,1,0,0
2023/2024,2024-02-24,19:00,Stal Mielec,Raków Częstochowa,0,0,D,1,1,0,0
2023/2024,2024-02-25,11:30,Puszcza Niepołomice,Zagłębie Lubin,2,2,D,1,1,4,0
2023/2024,2024-02-25,14:00,Widzew Łódź,Górnik Zabrze,3,1,H,3,0,4,2
2023/2024,2024-02-25,16:30,Korona Kielce,Legia Warszawa,3,3,D,1,1,6,0
2023/2024,2024-02-26,18:00,Warta Poznań,Radomiak Radom,0,0,D,1,1,0,0
2023/2024,2024-02-28,17:30,Stal Mielec,ŁKS Łódź,1,0,H,3,0,1,1
2023/2024,2024-03-01,17:00,Cracovia,Warta Poznań,0,1,A,0,3,1,-1
2023/2024,2024-03-01,19:30,Ruch Chorzów,Piast Gliwice,3,0,H,3,0,3,3
2023/2024,2024-03-02,14:00,Górnik Zabrze,Jagiellonia Białystok,2,1,H,3,0,3,1
2023/2024,2024-03-02,16:30,Śląsk Wrocław,Widzew Łódź,2,1,H,3,0,3,1
2023/2024,2024-03-02,19:00,Legia Warszawa,Pogoń Szczecin,1,1,D,1,1,2,0
2023/2024,2024-03-03,11:30,ŁKS Łódź,Puszcza Niepołomice,3,2,H,3,0,5,1
2023/2024,2024-03-03,14:00,Zagłębie Lubin,Korona Kielce,1,0,H,3,0,1,1
2023/2024,2024-03-03,16:30,Raków Częstochowa,Lech Poznań,4,0,H,3,0,4,4
2023/2024,2024-03-04,18:00,Radomiak Radom,Stal Mielec,2,1,H,3,0,3,1
2023/2024,2024-03-08,17:00,Piast Gliwice,Radomiak Radom,2,3,A,0,3,5,-1
2023/2024,2024-03-08,19:30,Jagiellonia Białystok,Śląsk Wrocław,3,1,H,3,0,4,2
2023/2024,2024-03-09,14:00,Korona Kielce,Cracovia,1,1,D,1,1,2,0
2023/2024,2024-03-09,16:30,Puszcza Niepołomice,Raków Częstochowa,1,1,D,1,1,2,0
2023/2024,2024-03-09,19:00,Górnik Zabrze,Lech Poznań,0,0,D,1,1,0,0
2023/2024,2024-03-10,11:30,Stal Mielec,Ruch Chorzów,3,1,H,3,0,4,2
2023/2024,2024-03-10,14:00,Pogoń Szczecin,Zagłębie Lubin,0,2,A,0,3,2,-2
2023/2024,2024-03-10,16:30,Widzew Łódź,Legia Warszawa,1,0,H,3,0,1,1
2023/2024,2024-03-11,18:00,Warta Poznań,ŁKS Łódź,0,1,A,0,3,1,-1
2023/2024,2024-03-13,17:30,Korona Kielce,Raków Częstochowa,0,2,A,0,3,2,-2
2023/2024,2024-03-12,17:30,Piast Gliwice,Puszcza Niepołomice,1,0,H,3,0,1,1
2023/2024,2024-03-15,17:00,Zagłębie Lubin,Stal Mielec,0,0,D,1,1,0,0
2023/2024,2024-03-15,19:30,Lech Poznań,Warta Poznań,2,0,H,3,0,2,2
2023/2024,2024-03-16,11:30,Cracovia,Widzew Łódź,2,2,D,1,1,4,0
2023/2024,2024-03-16,14:00,Radomiak Radom,Jagiellonia Białystok,0,2,A,0,3,2,-2
2023/2024,2024-03-16,16:30,Ruch Chorzów,Górnik Zabrze,1,2,A,0,3,3,-1
2023/2024,2024-03-16,19:00,Śląsk Wrocław,Puszcza Niepołomice,0,0,D,1,1,0,0
2023/2024,2024-03-17,11:30,Korona Kielce,Pogoń Szczecin,2,2,D,1,1,4,0
2023/2024,2024-03-17,14:00,ŁKS Łódź,Raków Częstochowa,1,1,D,1,1,2,0
2023/2024,2024-03-17,16:30,Legia Warszawa,Piast Gliwice,3,1,H,3,0,4,2
2023/2024,2024-03-30,11:30,Raków Częstochowa,Ruch Chorzów,1,1,D,1,1,2,0
2023/2024,2024-03-30,14:00,Jagiellonia Białystok,ŁKS Łódź,6,0,H,3,0,6,6
2023/2024,2024-03-30,16:30,Piast Gliwice,Śląsk Wrocław,2,2,D,1,1,4,0
2023/2024,2024-03-30,19:00,Pogoń Szczecin,Cracovia,3,1,H,3,0,4,2
2023/2024,2024-04-01,11:30,Puszcza Niepołomice,Radomiak Radom,1,1,D,1,1,2,0
2023/2024,2024-04-01,14:00,Stal Mielec,Lech Poznań,0,0,D,1,1,0,0
2023/2024,2024-04-01,16:30,Widzew Łódź,Korona Kielce,3,1,H,3,0,4,2
2023/2024,2024-04-01,19:00,Górnik Zabrze,Legia Warszawa,1,3,A,0,3,4,-2
2023/2024,2024-04-02,18:00,Warta Poznań,Zagłębie Lubin,1,1,D,1,1,2,0
2023/2024,2024-04-05,17:00,Cracovia,ŁKS Łódź,2,2,D,1,1,4,0
2023/2024,2024-04-05,19:30,Radomiak Radom,Raków Częstochowa,2,1,H,3,0,3,1
2023/2024,2024-04-06,14:00,Korona Kielce,Stal Mielec,1,0,H,3,0,1,1
2023/2024,2024-04-06,16:30,Ruch Chorzów,Puszcza Niepołomice,0,0,D,1,1,0,0
2023/2024,2024-04-06,19:00,Śląsk Wrocław,Warta Poznań,2,1,H,3,0,3,1
2023/2024,2024-04-07,11:30,Widzew Łódź,Piast Gliwice,1,0,H,3,0,1,1
2023/2024,2024-04-07,14:00,Lech Poznań,Pogoń Szczecin,1,0,H,3,0,1,1
2023/2024,2024-04-07,16:30,Legia Warszawa,Jagiellonia Białystok,1,1,D,1,1,2,0
2023/2024,2024-04-08,18:00,Zagłębie Lubin,Górnik Zabrze,1,2,A,0,3,3,-1
2023/2024,2024-04-12,17:00,Warta Poznań,Korona Kielce,1,0,H,3,0,1,1
2023/2024,2024-04-12,19:30,Pogoń Szczecin,Ruch Chorzów,5,0,H,3,0,5,5
2023/2024,2024-04-13,14:00,Stal Mielec,Widzew Łódź,0,0,D,1,1,0,0
2023/2024,2024-04-13,16:30,Puszcza Niepołomice,Lech Poznań,2,1,H,3,0,3,1
2023/2024,2024-04-13,19:00,Raków Częstochowa,Legia Warszawa,1,1,D,1,1,2,0
2023/2024,2024-04-14,11:30,ŁKS Łódź,Radomiak Radom,3,2,H,3,0,5,1
2023/2024,2024-04-14,14:00,Jagiellonia Białystok,Cracovia,1,3,A,0,3,4,-2
2023/2024,2024-04-14,16:30,Górnik Zabrze,Śląsk Wrocław,2,0,H,3,0,2,2
2023/2024,2024-04-15,18:00,Piast Gliwice,Zagłębie Lubin,2,0,H,3,0,2,2
2023/2024,2024-04-19,17:00,Korona Kielce,Radomiak Radom,4,0,H,3,0,4,4
2023/2024,2024-04-19,19:30,Raków Częstochowa,Górnik Zabrze,0,1,A,0,3,1,-1
2023/2024,2024-04-20,14:00,Pogoń Szczecin,Piast Gliwice,0,2,A,0,3,2,-2
2023/2024,2024-04-20,16:30,Ruch Chorzów,Widzew Łódź,2,3,A,0,3,5,-1
2023/2024,2024-04-20,19:00,Zagłębie Lubin,Jagiellonia Białystok,1,2,A,0,3,3,-1
2023/2024,2024-04-21,11:30,Cracovia,Puszcza Niepołomice,0,1,A,0,3,1,-1
2023/2024,2024-04-21,14:00,ŁKS Łódź,Lech Poznań,2,3,A,0,3,5,-1
2023/2024,2024-04-21,16:30,Legia Warszawa,Śląsk Wrocław,0,0,D,1,1,0,0
2023/2024,2024-04-22,18:00,Warta Poznań,Stal Mielec,5,2,H,3,0,7,3
2023/2024,2024-04-26,17:00,Piast Gliwice,Warta Poznań,2,0,H,3,0,2,2
2023/2024,2024-04-26,19:30,Jagiellonia Białystok,Pogoń Szczecin,2,2,D,1,1,4,0
2023/2024,2024-04-27,14:00,Górnik Zabrze,ŁKS Łódź,4,1,H,3,0,5,3
2023/2024,2024-04-27,16:30,Śląsk Wrocław,Ruch Chorzów,2,3,A,0,3,5,-1
2023/2024,2024-04-27,19:00,Widzew Łódź,Raków Częstochowa,0,1,A,0,3,1,-1
2023/2024,2024-04-28,11:30,Radomiak Radom,Zagłębie Lubin,3,4,A,0,3,7,-1
2023/2024,2024-04-28,14:00,Stal Mielec,Legia Warszawa,1,3,A,0,3,4,-2
2023/2024,2024-04-28,16:30,Lech Poznań,Cracovia,0,0,D,1,1,0,0
2023/2024,2024-04-29,18:00,Puszcza Niepołomice,Korona Kielce,1,1,D,1,1,2,0
2023/2024,2024-05-03,17:00,Cracovia,Górnik Zabrze,5,0,H,3,0,5,5
2023/2024,2024-05-03,19:30,Ruch Chorzów,Lech Poznań,2,1,H,3,0,3,1
2023/2024,2024-05-04,14:00,ŁKS Łódź,Śląsk Wrocław,1,2,A,0,3,3,-1
2023/2024,2024-05-04,16:30,Zagłębie Lubin,Raków Częstochowa,2,0,H,3,0,2,2
2023/2024,2024-05-04,19:00,Stal Mielec,Jagiellonia Białystok,3,2,H,3,0,5,1
2023/2024,2024-05-05,11:30,Warta Poznań,Widzew Łódź,2,1,H,3,0,3,1
2023/2024,2024-05-05,14:00,Korona Kielce,Piast Gliwice,1,1,D,1,1,2,0
2023/2024,2024-05-05,16:30,Legia Warszawa,Radomiak Radom,0,3,A,0,3,3,-3
2023/2024,2024-05-06,18:00,Pogoń Szczecin,Puszcza Niepołomice,1,0,H,3,0,1,1
2023/2024,2024-05-10,17:00,Piast Gliwice,ŁKS Łódź,4,0,H,3,0,4,4
2023/2024,2024-05-10,19:30,Śląsk Wrocław,Cracovia,4,0,H,3,0,4,4
2023/2024,2024-05-11,14:00,Górnik Zabrze,Stal Mielec,1,1,D,1,1,2,0
2023/2024,2024-05-11,16:30,Jagiellonia Białystok,Korona Kielce,3,0,H,3,0,3,3
2023/2024,2024-05-11,19:00,Raków Częstochowa,Pogoń Szczecin,2,1,H,3,0,3,1
2023/2024,2024-05-12,11:30,Puszcza Niepołomice,Warta Poznań,1,0,H,3,0,1,1
2023/2024,2024-05-12,14:00,Widzew Łódź,Zagłębie Lubin,1,3,A,0,3,4,-2
2023/2024,2024-05-12,16:30,Lech Poznań,Legia Warszawa,1,2,A,0,3,3,-1
2023/2024,2024-05-13,18:00,Radomiak Radom,Ruch Chorzów,0,2,A,0,3,2,-2
2023/2024,2024-05-17,17:00,Stal Mielec,Pogoń Szczecin,0,0,D,1,1,0,0
2023/2024,2024-05-17,19:30,Górnik Zabrze,Puszcza Niepołomice,1,1,D,1,1,2,0
2023/2024,2024-05-18,14:00,Korona Kielce,Ruch Chorzów,2,0,H,3,0,2,2
2023/2024,2024-05-18,16:30,Śląsk Wrocław,Radomiak Radom,2,0,H,3,0,2,2
2023/2024,2024-05-18,19:00,Piast Gliwice,Jagiellonia Białystok,1,1,D,1,1,2,0
2023/2024,2024-05-19,11:30,Cracovia,Raków Częstochowa,2,0,H,3,0,2,2
2023/2024,2024-05-19,14:00,Warta Poznań,Legia Warszawa,0,1,A,0,3,1,-1
2023/2024,2024-05-19,16:30,Widzew Łódź,Lech Poznań,1,1,D,1,1,2,0
2023/2024,2024-05-20,18:00,Zagłębie Lubin,ŁKS Łódź,2,1,H,3,0,3,1
2023/2024,2024-05-25,16:30,Jagiellonia Białystok,Warta Poznań,3,0,H,3,0,3,3
2023/2024,2024-05-25,16:30,Lech Poznań,Korona Kielce,1,2,A,0,3,3,-1
2023/2024,2024-05-25,16:30,Legia Warszawa,Zagłębie Lubin,2,1,H,3,0,3,1
2023/2024,2024-05-25,16:30,ŁKS Łódź,Stal Mielec,3,2,H,3,0,5,1
2023/2024,2024-05-25,16:30,Pogoń Szczecin,Górnik Zabrze,1,0,H,3,0,1,1
2023/2024,2024-05-25,16:30,Puszcza Niepołomice,Piast Gliwice,1,0,H,3,0,1,1
2023/2024,2024-05-25,16:30,Radomiak Radom,Widzew Łódź,1,3,A,0,3,4,-2
2023/2024,2024-05-25,16:30,Raków Częstochowa,Śląsk Wrocław,1,2,A,0,3,3,-1
2023/2024,2024-05-25,16:30,Ruch Chorzów,Cracovia,2,0,H,3,0,2,2
2024/2025,2024-07-19,17:00,Jagiellonia Białystok,Puszcza Niepołomice,2,0,H,3,0,2,2
2024/2025,2024-07-19,19:30,Śląsk Wrocław,Lechia Gdańsk,1,1,D,1,1,2,0
2024/2025,2024-07-20,13:45,GKS Katowice,Radomiak Radom,1,2,A,0,3,3,-1
2024/2025,2024-07-20,16:30,Pogoń Szczecin,Korona Kielce,3,0,H,3,0,3,3
2024/2025,2024-07-20,19:15,Legia Warszawa,Zagłębie Lubin,2,0,H,3,0,2,2
2024/2025,2024-07-21,13:45,Cracovia,Piast Gliwice,1,1,D,1,1,2,0
2024/2025,2024-07-21,16:30,Lech Poznań,Górnik Zabrze,2,0,H,3,0,2,2
2024/2025,2024-07-21,19:15,Motor Lublin,Raków Częstochowa,0,2,A,0,3,2,-2
2024/2025,2024-07-22,18:00,Stal Mielec,Widzew Łódź,1,1,D,1,1,2,0
2024/2025,2024-07-26,17:00,Puszcza Niepołomice,Górnik Zabrze,2,2,D,1,1,4,0
2024/2025,2024-07-26,19:30,Lechia Gdańsk,Motor Lublin,0,2,A,0,3,2,-2
2024/2025,2024-07-27,13:45,Stal Mielec,GKS Katowice,0,1,A,0,3,1,-1
2024/2025,2024-07-27,16:30,Radomiak Radom,Jagiellonia Białystok,2,3,A,0,3,5,-1
2024/2025,2024-07-27,19:15,Widzew Łódź,Lech Poznań,2,1,H,3,0,3,1
2024/2025,2024-07-28,13:45,Zagłębie Lubin,Pogoń Szczecin,2,2,D,1,1,4,0
2024/2025,2024-07-28,16:30,Piast Gliwice,Śląsk Wrocław,2,0,H,3,0,2,2
2024/2025,2024-07-28,19:15,Korona Kielce,Legia Warszawa,0,1,A,0,3,1,-1
2024/2025,2024-07-29,18:00,Raków Częstochowa,Cracovia,0,1,A,0,3,1,-1
2024/2025,2024-08-02,17:00,Zagłębie Lubin,Puszcza Niepołomice,1,0,H,3,0,1,1
2024/2025,2024-08-02,19:30,Górnik Zabrze,Pogoń Szczecin,1,0,H,3,0,1,1
2024/2025,2024-08-03,13:45,GKS Katowice,Raków Częstochowa,0,1,A,0,3,1,-1
2024/2025,2024-08-03,16:30,Jagiellonia Białystok,Stal Mielec,2,0,H,3,0,2,2
2024/2025,2024-08-03,19:15,Lech Poznań,Lechia Gdańsk,3,1,H,3,0,4,2
2024/2025,2024-08-04,13:45,Motor Lublin,Korona Kielce,1,1,D,1,1,2,0
2024/2025,2024-08-04,19:15,Legia Warszawa,Piast Gliwice,1,2,A,0,3,3,-1
2024/2025,2024-08-05,18:00,Cracovia,Widzew Łódź,1,3,A,0,3,4,-2
2024/2025,2024-08-09,17:00,Radomiak Radom,Górnik Zabrze,1,2,A,0,3,3,-1
2024/2025,2024-08-09,19:30,Raków Częstochowa,Lech Poznań,0,0,D,1,1,0,0
2024/2025,2024-08-10,16:30,Korona Kielce,Cracovia,0,2,A,0,3,2,-2
2024/2025,2024-08-10,19:15,Pogoń Szczecin,Stal Mielec,1,0,H,3,0,1,1
2024/2025,2024-08-11,13:45,Lechia Gdańsk,Zagłębie Lubin,1,1,D,1,1,2,0
2024/2025,2024-08-11,16:30,Puszcza Niepołomice,Legia Warszawa,2,2,D,1,1,4,0
2024/2025,2024-08-11,19:15,Widzew Łódź,Śląsk Wrocław,0,0,D,1,1,0,0
2024/2025,2024-08-12,18:00,Piast Gliwice,GKS Katowice,2,2,D,1,1,4,0
2024/2025,2024-08-16,17:00,Puszcza Niepołomice,Lechia Gdańsk,4,1,H,3,0,5,3
2024/2025,2024-08-16,19:30,GKS Katowice,Motor Lublin,0,0,D,1,1,0,0
2024/2025,2024-08-17,13:45,Jagiellonia Białystok,Cracovia,2,4,A,0,3,6,-2
2024/2025,2024-08-17,16:30,Zagłębie Lubin,Lech Poznań,0,1,A,0,3,1,-1
2024/2025,2024-08-17,19:15,Pogoń Szczecin,Widzew Łódź,2,0,H,3,0,2,2
2024/2025,2024-08-18,13:45,Śląsk Wrocław,Korona Kielce,1,1,D,1,1,2,0
2024/2025,2024-08-18,16:30,Legia Warszawa,Radomiak Radom,4,1,H,3,0,5,3
2024/2025,2024-08-18,19:15,Górnik Zabrze,Raków Częstochowa,0,0,D,1,1,0,0
2024/2025,2024-08-19,18:00,Stal Mielec,Piast Gliwice,2,0,H,3,0,2,2
2024/2025,2024-08-23,17:00,Widzew Łódź,Radomiak Radom,3,2,H,3,0,5,1
2024/2025,2024-08-23,19:30,Lechia Gdańsk,Raków Częstochowa,1,2,A,0,3,3,-1
2024/2025,2024-08-24,13:45,Motor Lublin,Puszcza Niepołomice,0,0,D,1,1,0,0
2024/2025,2024-08-24,16:30,Cracovia,Górnik Zabrze,3,2,H,3,0,5,1
2024/2025,2024-08-24,19:15,Piast Gliwice,Zagłębie Lubin,1,0,H,3,0,1,1
2024/2025,2024-08-25,13:45,GKS Katowice,Jagiellonia Białystok,3,1,H,3,0,4,2
2024/2025,2024-08-25,16:30,Lech Poznań,Pogoń Szczecin,2,0,H,3,0,2,2
2024/2025,2024-08-25,19:15,Śląsk Wrocław,Legia Warszawa,1,1,D,1,1,2,0
2024/2025,2024-08-26,18:00,Korona Kielce,Stal Mielec,2,1,H,3,0,3,1
2024/2025,2024-08-30,17:00,Raków Częstochowa,Piast Gliwice,0,1,A,0,3,1,-1
2024/2025,2024-08-30,19:30,Stal Mielec,Lech Poznań,0,2,A,0,3,2,-2
2024/2025,2024-08-31,13:45,Puszcza Niepołomice,Korona Kielce,0,0,D,1,1,0,0
2024/2025,2024-08-31,16:30,Zagłębie Lubin,GKS Katowice,1,0,H,3,0,1,1
2024/2025,2024-08-31,19:15,Radomiak Radom,Cracovia,2,1,H,3,0,3,1
2024/2025,2024-09-01,11:15,Górnik Zabrze,Lechia Gdańsk,2,3,A,0,3,5,-1
2024/2025,2024-09-01,13:45,Legia Warszawa,Motor Lublin,5,2,H,3,0,7,3
2024/2025,2024-09-01,16:30,Pogoń Szczecin,Śląsk Wrocław,5,3,H,3,0,8,2
2024/2025,2024-09-01,19:15,Jagiellonia Białystok,Widzew Łódź,1,0,H,3,0,1,1
2024/2025,2024-09-13,17:00,Motor Lublin,Górnik Zabrze,1,0,H,3,0,1,1
2024/2025,2024-09-13,19:30,GKS Katowice,Widzew Łódź,2,2,D,1,1,4,0
2024/2025,2024-09-14,13:45,Lechia Gdańsk,Radomiak Radom,1,0,H,3,0,1,1
2024/2025,2024-09-14,16:30,Cracovia,Pogoń Szczecin,2,1,H,3,0,3,1
2024/2025,2024-09-14,19:15,Lech Poznań,Jagiellonia Białystok,5,0,H,3,0,5,5
2024/2025,2024-09-15,11:15,Piast Gliwice,Puszcza Niepołomice,1,1,D,1,1,2,0
2024/2025,2024-09-15,13:45,Korona Kielce,Zagłębie Lubin,2,0,H,3,0,2,2
2024/2025,2024-09-15,16:30,Legia Warszawa,Raków Częstochowa,0,1,A,0,3,1,-1
2024/2025,2024-09-20,17:00,Radomiak Radom,Korona Kielce,4,0,H,3,0,4,4
2024/2025,2024-09-20,19:30,Pogoń Szczecin,Legia Warszawa,1,0,H,3,0,1,1
2024/2025,2024-09-21,11:15,Puszcza Niepołomice,Cracovia,1,2,A,0,3,3,-1
2024/2025,2024-09-21,13:45,Jagiellonia Białystok,Lechia Gdańsk,3,2,H,3,0,5,1
2024/2025,2024-09-21,16:30,Widzew Łódź,Piast Gliwice,1,0,H,3,0,1,1
2024/2025,2024-09-21,19:15,Górnik Zabrze,GKS Katowice,3,0,H,3,0,3,3
2024/2025,2024-09-22,11:15,Stal Mielec,Motor Lublin,1,0,H,3,0,1,1
2024/2025,2024-09-22,13:45,Raków Częstochowa,Zagłębie Lubin,5,1,H,3,0,6,4
2024/2025,2024-09-22,16:30,Lech Poznań,Śląsk Wrocław,1,0,H,3,0,1,1
2024/2025,2024-09-25,18:00,Motor Lublin,Jagiellonia Białystok,0,2,A,0,3,2,-2
2024/2025,2024-09-27,17:00,GKS Katowice,Pogoń Szczecin,3,1,H,3,0,4,2
2024/2025,2024-09-27,19:30,Lechia Gdańsk,Widzew Łódź,1,1,D,1,1,2,0
2024/2025,2024-09-28,13:45,Raków Częstochowa,Puszcza Niepołomice,2,0,H,3,0,2,2
2024/2025,2024-09-28,16:30,Motor Lublin,Śląsk Wrocław,2,1,H,3,0,3,1
2024/2025,2024-09-28,19:15,Legia Warszawa,Górnik Zabrze,1,1,D,1,1,2,0
2024/2025,2024-09-29,11:15,Zagłębie Lubin,Radomiak Radom,1,0,H,3,0,1,1
2024/2025,2024-09-29,13:45,Korona Kielce,Lech Poznań,2,3,A,0,3,5,-1
2024/2025,2024-09-29,16:30,Piast Gliwice,Jagiellonia Białystok,0,1,A,0,3,1,-1
2024/2025,2024-09-30,18:00,Cracovia,Stal Mielec,1,1,D,1,1,2,0
2024/2025,2024-10-04,17:00,Puszcza Niepołomice,GKS Katowice,0,6,A,0,3,6,-6
2024/2025,2024-10-04,19:30,Widzew Łódź,Korona Kielce,0,1,A,0,3,1,-1
2024/2025,2024-10-05,11:15,Stal Mielec,Lechia Gdańsk,2,1,H,3,0,3,1
2024/2025,2024-10-05,13:45,Radomiak Radom,Raków Częstochowa,0,2,A,0,3,2,-2
2024/2025,2024-10-05,16:30,Górnik Zabrze,Zagłębie Lubin,0,1,A,0,3,1,-1
2024/2025,2024-10-05,19:15,Lech Poznań,Motor Lublin,1,2,A,0,3,3,-1
2024/2025,2024-10-06,13:45,Śląsk Wrocław,Cracovia,2,4,A,0,3,6,-2
2024/2025,2024-10-06,16:30,Pogoń Szczecin,Piast Gliwice,1,0,H,3,0,1,1
2024/2025,2024-10-06,19:15,Jagiellonia Białystok,Legia Warszawa,1,1,D,1,1,2,0
2024/2025,2024-10-18,17:00,Korona Kielce,Piast Gliwice,0,2,A,0,3,2,-2
2024/2025,2024-10-18,19:30,Lechia Gdańsk,Legia Warszawa,0,2,A,0,3,2,-2
2024/2025,2024-10-19,13:45,Motor Lublin,Widzew Łódź,3,4,A,0,3,7,-1
2024/2025,2024-10-19,16:30,Zagłębie Lubin,Jagiellonia Białystok,1,3,A,0,3,4,-2
2024/2025,2024-10-19,19:15,Cracovia,Lech Poznań,0,2,A,0,3,2,-2
2024/2025,2024-10-20,11:15,GKS Katowice,Śląsk Wrocław,0,0,D,1,1,0,0
2024/2025,2024-10-20,13:45,Górnik Zabrze,Stal Mielec,3,1,H,3,0,4,2
2024/2025,2024-10-20,16:30,Raków Częstochowa,Pogoń Szczecin,1,0,H,3,0,1,1
2024/2025,2024-10-21,18:00,Radomiak Radom,Puszcza Niepołomice,2,0,H,3,0,2,2
2024/2025,2024-10-23,17:30,Śląsk Wrocław,Stal Mielec,2,1,H,3,0,3,1
2024/2025,2024-10-25,17:00,Piast Gliwice,Lechia Gdańsk,3,3,D,1,1,6,0
2024/2025,2024-10-25,19:30,Pogoń Szczecin,Puszcza Niepołomice,2,1,H,3,0,3,1
2024/2025,2024-10-26,13:45,Cracovia,Motor Lublin,6,2,H,3,0,8,4
2024/2025,2024-10-26,16:30,Śląsk Wrocław,Raków Częstochowa,0,0,D,1,1,0,0
2024/2025,2024-10-26,19:15,Lech Poznań,Radomiak Radom,2,1,H,3,0,3,1
2024/2025,2024-10-27,11:15,Stal Mielec,Zagłębie Lubin,2,2,D,1,1,4,0
2024/2025,2024-10-27,13:45,Jagiellonia Białystok,Korona Kielce,3,1,H,3,0,4,2
2024/2025,2024-10-27,16:30,Widzew Łódź,Górnik Zabrze,0,2,A,0,3,2,-2
2024/2025,2024-10-27,19:15,Legia Warszawa,GKS Katowice,4,1,H,3,0,5,3
2024/2025,2024-11-02,13:45,Raków Częstochowa,Stal Mielec,1,0,H,3,0,1,1
2024/2025,2024-11-02,16:30,Motor Lublin,Pogoń Szczecin,4,2,H,3,0,6,2
2024/2025,2024-11-02,19:15,Puszcza Niepołomice,Lech Poznań,2,0,H,3,0,2,2
2024/2025,2024-11-03,11:15,Radomiak Radom,Piast Gliwice,1,1,D,1,1,2,0
2024/2025,2024-11-03,13:45,Górnik Zabrze,Jagiellonia Białystok,0,2,A,0,3,2,-2
2024/2025,2024-11-03,16:30,Lechia Gdańsk,Cracovia,1,2,A,0,3,3,-1
2024/2025,2024-11-03,19:15,Legia Warszawa,Widzew Łódź,2,1,H,3,0,3,1
2024/2025,2024-11-04,17:00,GKS Katowice,Korona Kielce,1,2,A,0,3,3,-1
2024/2025,2024-11-04,19:30,Zagłębie Lubin,Śląsk Wrocław,3,0,H,3,0,3,3
2024/2025,2024-11-08,17:00,Piast Gliwice,Motor Lublin,2,3,A,0,3,5,-1
2024/2025,2024-11-08,19:30,Pogoń Szczecin,Radomiak Radom,0,1,A,0,3,1,-1
2024/2025,2024-11-09,11:15,Korona Kielce,Lechia Gdańsk,0,0,D,1,1,0,0
2024/2025,2024-11-09,13:45,Cracovia,GKS Katowice,3,4,A,0,3,7,-1
2024/2025,2024-11-09,16:30,Widzew Łódź,Zagłębie Lubin,2,0,H,3,0,2,2
2024/2025,2024-11-09,19:15,Śląsk Wrocław,Górnik Zabrze,0,1,A,0,3,1,-1
2024/2025,2024-11-10,11:15,Stal Mielec,Puszcza Niepołomice,2,0,H,3,0,2,2
2024/2025,2024-11-10,13:45,Jagiellonia Białystok,Raków Częstochowa,2,2,D,1,1,4,0
2024/2025,2024-11-10,16:30,Lech Poznań,Legia Warszawa,5,2,H,3,0,7,3
2024/2025,2024-11-22,17:00,Zagłębie Lubin,Motor Lublin,1,2,A,0,3,3,-1
2024/2025,2024-11-22,19:30,Jagiellonia Białystok,Śląsk Wrocław,2,2,D,1,1,4,0
2024/2025,2024-11-23,13:45,Lechia Gdańsk,Pogoń Szczecin,0,3,A,0,3,3,-3
2024/2025,2024-11-23,16:30,Lech Poznań,GKS Katowice,2,0,H,3,0,2,2
2024/2025,2024-11-23,19:15,Legia Warszawa,Cracovia,3,2,H,3,0,5,1
2024/2025,2024-11-24,11:15,Radomiak Radom,Stal Mielec,1,2,A,0,3,3,-1
2024/2025,2024-11-24,13:45,Raków Częstochowa,Korona Kielce,1,1,D,1,1,2,0
2024/2025,2024-11-24,16:30,Górnik Zabrze,Piast Gliwice,1,0,H,3,0,1,1
2024/2025,2024-11-25,18:00,Puszcza Niepołomice,Widzew Łódź,2,0,H,3,0,2,2
2024/2025,2024-11-29,17:00,Cracovia,Zagłębie Lubin,1,1,D,1,1,2,0
2024/2025,2024-11-29,19:30,Piast Gliwice,Lech Poznań,0,0,D,1,1,0,0
2024/2025,2024-11-30,13:45,Śląsk Wrocław,Puszcza Niepołomice,0,1,A,0,3,1,-1
2024/2025,2024-11-30,16:30,GKS Katowice,Lechia Gdańsk,2,0,H,3,0,2,2
2024/2025,2024-11-30,19:15,Widzew Łódź,Raków Częstochowa,2,3,A,0,3,5,-1
2024/2025,2024-12-01,11:15,Korona Kielce,Górnik Zabrze,2,4,A,0,3,6,-2
2024/2025,2024-12-01,13:45,Pogoń Szczecin,Jagiellonia Białystok,1,1,D,1,1,2,0
2024/2025,2024-12-01,16:30,Stal Mielec,Legia Warszawa,2,2,D,1,1,4,0
2024/2025,2024-12-02,18:00,Motor Lublin,Radomiak Radom,1,0,H,3,0,1,1
2024/2025,2024-12-06,17:00,Radomiak Radom,GKS Katowice,1,1,D,1,1,2,0
2024/2025,2024-12-06,19:30,Górnik Zabrze,Lech Poznań,2,1,H,3,0,3,1
2024/2025,2024-12-07,13:45,Lechia Gdańsk,Śląsk Wrocław,1,0,H,3,0,1,1
2024/2025,2024-12-07,16:30,Widzew Łódź,Stal Mielec,2,1,H,3,0,3,1
2024/2025,2024-12-07,19:15,Raków Częstochowa,Motor Lublin,2,2,D,1,1,4,0
2024/2025,2024-12-08,11:15,Piast Gliwice,Cracovia,0,0,D,1,1,0,0
2024/2025,2024-12-08,13:45,Puszcza Niepołomice,Jagiellonia Białystok,1,1,D,1,1,2,0
2024/2025,2024-12-08,16:30,Zagłębie Lubin,Legia Warszawa,0,3,A,0,3,3,-3
2024/2025,2024-12-09,18:00,Korona Kielce,Pogoń Szczecin,0,0,D,1,1,0,0
2024/2025,2024-12-14,16:30,Śląsk Wrocław,Radomiak Radom,1,2,A,0,3,3,-1
2024/2025,2025-01-31,17:00,GKS Katowice,Stal Mielec,1,0,H,3,0,1,1
2024/2025,2025-01-31,19:30,Lech Poznań,Widzew Łódź,4,1,H,3,0,5,3
2024/2025,2025-02-01,13:45,Motor Lublin,Lechia Gdańsk,1,1,D,1,1,2,0
2024/2025,2025-02-01,16:30,Cracovia,Raków Częstochowa,0,0,D,1,1,0,0
2024/2025,2025-02-01,19:15,Pogoń Szczecin,Zagłębie Lubin,1,0,H,3,0,1,1
2024/2025,2025-02-02,11:15,Górnik Zabrze,Puszcza Niepołomice,1,1,D,1,1,2,0
2024/2025,2025-02-02,13:45,Jagiellonia Białystok,Radomiak Radom,5,0,H,3,0,5,5
2024/2025,2025-02-02,16:30,Legia Warszawa,Korona Kielce,1,1,D,1,1,2,0
2024/2025,2025-02-03,18:00,Śląsk Wrocław,Piast Gliwice,1,3,A,0,3,4,-2
2024/2025,2025-02-07,17:00,Stal Mielec,Jagiellonia Białystok,2,1,H,3,0,3,1
2024/2025,2025-02-07,19:30,Pogoń Szczecin,Górnik Zabrze,3,0,H,3,0,3,3
2024/2025,2025-02-08,13:45,Radomiak Radom,Śląsk Wrocław,1,1,D,1,1,2,0
2024/2025,2025-02-08,16:30,Raków Częstochowa,GKS Katowice,1,2,A,0,3,3,-1
2024/2025,2025-02-08,19:15,Piast Gliwice,Legia Warszawa,1,0,H,3,0,1,1
2024/2025,2025-02-09,11:15,Korona Kielce,Motor Lublin,1,0,H,3,0,1,1
2024/2025,2025-02-09,13:45,Widzew Łódź,Cracovia,1,1,D,1,1,2,0
2024/2025,2025-02-09,16:30,Lechia Gdańsk,Lech Poznań,1,0,H,3,0,1,1
2024/2025,2025-02-10,18:00,Puszcza Niepołomice,Zagłębie Lubin,1,2,A,0,3,3,-1
2024/2025,2025-02-14,17:00,Cracovia,Korona Kielce,1,1,D,1,1,2,0
2024/2025,2025-02-14,19:30,Lech Poznań,Raków Częstochowa,0,1,A,0,3,1,-1
2024/2025,2025-02-15,13:45,Śląsk Wrocław,Widzew Łódź,3,0,H,3,0,3,3
2024/2025,2025-02-15,16:30,Górnik Zabrze,Radomiak Radom,3,2,H,3,0,5,1
2024/2025,2025-02-15,19:15,Legia Warszawa,Puszcza Niepołomice,2,0,H,3,0,2,2
2024/2025,2025-02-16,11:15,Stal Mielec,Pogoń Szczecin,1,2,A,0,3,3,-1
2024/2025,2025-02-16,13:45,GKS Katowice,Piast Gliwice,0,0,D,1,1,0,0
2024/2025,2025-02-16,16:30,Jagiellonia Białystok,Motor Lublin,3,0,H,3,0,3,3
2024/2025,2025-02-17,18:00,Zagłębie Lubin,Lechia Gdańsk,1,3,A,0,3,4,-2
2024/2025,2025-02-21,17:00,Piast Gliwice,Stal Mielec,2,2,D,1,1,4,0
2024/2025,2025-02-21,19:30,Raków Częstochowa,Górnik Zabrze,1,0,H,3,0,1,1
2024/2025,2025-02-22,13:45,Korona Kielce,Śląsk Wrocław,2,0,H,3,0,2,2
2024/2025,2025-02-22,16:30,Widzew Łódź,Pogoń Szczecin,0,4,A,0,3,4,-4
2024/2025,2025-02-22,19:15,Radomiak Radom,Legia Warszawa,3,1,H,3,0,4,2
2024/2025,2025-02-23,11:15,Lechia Gdańsk,Puszcza Niepołomice,0,2,A,0,3,2,-2
2024/2025,2025-02-23,13:45,Cracovia,Jagiellonia Białystok,2,2,D,1,1,4,0
2024/2025,2025-02-23,16:30,Lech Poznań,Zagłębie Lubin,3,1,H,3,0,4,2
2024/2025,2025-02-24,18:00,Motor Lublin,GKS Katowice,3,2,H,3,0,5,1
2024/2025,2025-02-28,17:00,Radomiak Radom,Widzew Łódź,1,1,D,1,1,2,0
2024/2025,2025-02-28,19:30,Górnik Zabrze,Cracovia,0,1,A,0,3,1,-1
2024/2025,2025-03-01,13:45,Stal Mielec,Korona Kielce,0,1,A,0,3,1,-1
2024/2025,2025-03-01,16:30,Pogoń Szczecin,Lech Poznań,0,3,A,0,3,3,-3
2024/2025,2025-03-01,19:15,Zagłębie Lubin,Piast Gliwice,0,1,A,0,3,1,-1
2024/2025,2025-03-02,11:15,Puszcza Niepołomice,Motor Lublin,0,1,A,0,3,1,-1
2024/2025,2025-03-02,13:45,Legia Warszawa,Śląsk Wrocław,3,1,H,3,0,4,2
2024/2025,2025-03-02,16:30,Jagiellonia Białystok,GKS Katowice,1,0,H,3,0,1,1
2024/2025,2025-03-03,18:00,Raków Częstochowa,Lechia Gdańsk,3,1,H,3,0,4,2
2024/2025,2025-03-07,17:00,Korona Kielce,Puszcza Niepołomice,2,1,H,3,0,3,1
2024/2025,2025-03-07,19:30,Śląsk Wrocław,Pogoń Szczecin,1,1,D,1,1,2,0
2024/2025,2025-03-08,13:45,Cracovia,Radomiak Radom,1,2,A,0,3,3,-1
2024/2025,2025-03-08,16:30,Piast Gliwice,Raków Częstochowa,0,3,A,0,3,3,-3
2024/2025,2025-03-08,19:15,Lech Poznań,Stal Mielec,3,1,H,3,0,4,2
2024/2025,2025-03-09,11:15,GKS Katowice,Zagłębie Lubin,1,0,H,3,0,1,1
2024/2025,2025-03-09,13:45,Lechia Gdańsk,Górnik Zabrze,1,2,A,0,3,3,-1
2024/2025,2025-03-09,16:30,Widzew Łódź,Jagiellonia Białystok,0,1,A,0,3,1,-1
2024/2025,2025-03-10,18:00,Motor Lublin,Legia Warszawa,3,3,D,1,1,6,0
2024/2025,2025-03-14,17:00,Radomiak Radom,Lechia Gdańsk,2,1,H,3,0,3,1
2024/2025,2025-03-14,19:30,Pogoń Szczecin,Cracovia,5,2,H,3,0,7,3
2024/2025,2025-03-15,13:45,Stal Mielec,Śląsk Wrocław,1,4,A,0,3,5,-3
2024/2025,2025-03-15,16:30,Górnik Zabrze,Motor Lublin,4,0,H,3,0,4,4
2024/2025,2025-03-15,19:15,Widzew Łódź,GKS Katowice,1,0,H,3,0,1,1
2024/2025,2025-03-16,11:15,Puszcza Niepołomice,Piast Gliwice,2,1,H,3,0,3,1
2024/2025,2025-03-16,13:45,Zagłębie Lubin,Korona Kielce,1,1,D,1,1,2,0
2024/2025,2025-03-16,16:30,Raków Częstochowa,Legia Warszawa,3,2,H,3,0,5,1
2024/2025,2025-03-16,19:15,Jagiellonia Białystok,Lech Poznań,2,1,H,3,0,3,1
2024/2025,2025-03-28,17:00,Piast Gliwice,Widzew Łódź,0,2,A,0,3,2,-2
2024/2025,2025-03-28,19:30,Legia Warszawa,Pogoń Szczecin,0,0,D,1,1,0,0
2024/2025,2025-03-29,13:45,Cracovia,Puszcza Niepołomice,3,1,H,3,0,4,2
2024/2025,2025-03-29,16:30,Lechia Gdańsk,Jagiellonia Białystok,1,0,H,3,0,1,1
2024/2025,2025-03-29,19:15,Śląsk Wrocław,Lech Poznań,3,1,H,3,0,4,2
2024/2025,2025-03-30,11:15,Korona Kielce,Radomiak Radom,1,3,A,0,3,4,-2
2024/2025,2025-03-30,13:45,Motor Lublin,Stal Mielec,4,1,H,3,0,5,3
2024/2025,2025-03-30,16:30,GKS Katowice,Górnik Zabrze,2,1,H,3,0,3,1
2024/2025,2025-03-31,18:00,Zagłębie Lubin,Raków Częstochowa,0,2,A,0,3,2,-2
2024/2025,2025-04-04,17:00,Stal Mielec,Cracovia,1,1,D,1,1,2,0
2024/2025,2025-04-04,19:30,Widzew Łódź,Lechia Gdańsk,2,0,H,3,0,2,2
2024/2025,2025-04-05,13:45,Radomiak Radom,Zagłębie Lubin,0,1,A,0,3,1,-1
2024/2025,2025-04-05,16:30,Śląsk Wrocław,Motor Lublin,1,1,D,1,1,2,0
2024/2025,2025-04-05,19:15,Lech Poznań,Korona Kielce,2,0,H,3,0,2,2
2024/2025,2025-04-06,11:15,Jagiellonia Białystok,Piast Gliwice,1,1,D,1,1,2,0
2024/2025,2025-04-06,13:45,Górnik Zabrze,Legia Warszawa,1,2,A,0,3,3,-1
2024/2025,2025-04-06,16:30,Pogoń Szczecin,GKS Katowice,4,0,H,3,0,4,4
2024/2025,2025-04-07,18:00,Puszcza Niepołomice,Raków Częstochowa,1,1,D,1,1,2,0
2024/2025,2025-04-11,17:00,Zagłębie Lubin,Górnik Zabrze,2,1,H,3,0,3,1
2024/2025,2025-04-11,19:30,Korona Kielce,Widzew Łódź,2,1,H,3,0,3,1
2024/2025,2025-04-12,13:45,GKS Katowice,Puszcza Niepołomice,3,1,H,3,0,4,2
2024/2025,2025-04-12,16:30,Cracovia,Śląsk Wrocław,2,4,A,0,3,6,-2
2024/2025,2025-04-12,19:15,Raków Częstochowa,Radomiak Radom,2,1,H,3,0,3,1
2024/2025,2025-04-13,13:45,Piast Gliwice,Pogoń Szczecin,2,1,H,3,0,3,1
2024/2025,2025-04-13,16:30,Motor Lublin,Lech Poznań,1,2,A,0,3,3,-1
2024/2025,2025-04-13,19:15,Legia Warszawa,Jagiellonia Białystok,0,1,A,0,3,1,-1
2024/2025,2025-04-14,18:00,Lechia Gdańsk,Stal Mielec,3,2,H,3,0,5,1
2024/2025,2025-04-19,11:15,Piast Gliwice,Korona Kielce,1,1,D,1,1,2,0
2024/2025,2025-04-19,13:45,Śląsk Wrocław,GKS Katowice,0,2,A,0,3,2,-2
2024/2025,2025-04-19,16:30,Widzew Łódź,Motor Lublin,1,2,A,0,3,3,-1
2024/2025,2025-04-19,19:15,Pogoń Szczecin,Raków Częstochowa,1,0,H,3,0,1,1
2024/2025,2025-04-21,11:15,Puszcza Niepołomice,Radomiak Radom,2,2,D,1,1,4,0
2024/2025,2025-04-21,13:45,Jagiellonia Białystok,Zagłębie Lubin,1,3,A,0,3,4,-2
2024/2025,2025-04-21,16:30,Legia Warszawa,Lechia Gdańsk,2,1,H,3,0,3,1
2024/2025,2025-04-21,19:15,Lech Poznań,Cracovia,2,1,H,3,0,3,1
2024/2025,2025-04-22,18:00,Stal Mielec,Górnik Zabrze,0,0,D,1,1,0,0
2024/2025,2025-04-25,17:00,Puszcza Niepołomice,Pogoń Szczecin,4,5,A,0,3,9,-1
2024/2025,2025-04-25,19:30,Raków Częstochowa,Śląsk Wrocław,3,0,H,3,0,3,3
2024/2025,2025-04-26,13:45,Lechia Gdańsk,Piast Gliwice,3,1,H,3,0,4,2
2024/2025,2025-04-26,16:30,Motor Lublin,Cracovia,0,1,A,0,3,1,-1
2024/2025,2025-04-26,19:15,GKS Katowice,Legia Warszawa,1,3,A,0,3,4,-2
2024/2025,2025-04-27,11:15,Korona Kielce,Jagiellonia Białystok,3,1,H,3,0,4,2
2024/2025,2025-04-27,13:45,Górnik Zabrze,Widzew Łódź,0,0,D,1,1,0,0
2024/2025,2025-04-27,16:30,Radomiak Radom,Lech Poznań,2,2,D,1,1,4,0
2024/2025,2025-04-28,18:00,Zagłębie Lubin,Stal Mielec,2,2,D,1,1,4,0
2024/2025,2025-05-03,13:45,Stal Mielec,Raków Częstochowa,0,2,A,0,3,2,-2
2024/2025,2025-05-03,16:30,Śląsk Wrocław,Zagłębie Lubin,3,1,H,3,0,4,2
2024/2025,2025-05-03,19:15,Lech Poznań,Puszcza Niepołomice,8,1,H,3,0,9,7
2024/2025,2025-05-04,11:15,Piast Gliwice,Radomiak Radom,0,0,D,1,1,0,0
2024/2025,2025-05-04,13:45,Cracovia,Lechia Gdańsk,0,2,A,0,3,2,-2
2024/2025,2025-05-04,16:30,Jagiellonia Białystok,Górnik Zabrze,1,1,D,1,1,2,0
2024/2025,2025-05-05,18:00,Korona Kielce,GKS Katowice,2,1,H,3,0,3,1
2024/2025,2025-05-09,17:00,Motor Lublin,Piast Gliwice,1,4,A,0,3,5,-3
2024/2025,2025-05-09,19:30,Górnik Zabrze,Śląsk Wrocław,2,0,H,3,0,2,2
2024/2025,2025-05-10,13:45,Radomiak Radom,Pogoń Szczecin,2,0,H,3,0,2,2
2024/2025,2025-05-10,16:30,Zagłębie Lubin,Widzew Łódź,2,1,H,3,0,3,1
2024/2025,2025-05-10,19:15,Raków Częstochowa,Jagiellonia Białystok,1,2,A,0,3,3,-1
2024/2025,2025-05-11,11:15,Lechia Gdańsk,Korona Kielce,3,2,H,3,0,5,1
2024/2025,2025-05-11,13:45,GKS Katowice,Cracovia,2,1,H,3,0,3,1
2024/2025,2025-05-11,16:30,Legia Warszawa,Lech Poznań,0,1,A,0,3,1,-1
2024/2025,2025-05-12,18:00,Puszcza Niepołomice,Stal Mielec,2,3,A,0,3,5,-1
2024/2025,2025-05-14,19:30,Pogoń Szczecin,Motor Lublin,3,0,H,3,0,3,3
2024/2025,2025-05-15,19:30,Widzew Łódź,Legia Warszawa,0,2,A,0,3,2,-2
2024/2025,2025-05-16,17:00,Stal Mielec,Radomiak Radom,2,2,D,1,1,4,0
2024/2025,2025-05-16,19:30,Śląsk Wrocław,Jagiellonia Białystok,1,1,D,1,1,2,0
2024/2025,2025-05-17,13:45,Pogoń Szczecin,Lechia Gdańsk,3,3,D,1,1,6,0
2024/2025,2025-05-17,16:30,Piast Gliwice,Górnik Zabrze,2,0,H,3,0,2,2
2024/2025,2025-05-17,19:15,Korona Kielce,Raków Częstochowa,1,1,D,1,1,2,0
2024/2025,2025-05-18,11:15,Motor Lublin,Zagłębie Lubin,1,0,H,3,0,1,1
2024/2025,2025-05-18,13:45,Cracovia,Legia Warszawa,3,1,H,3,0,4,2
2024/2025,2025-05-18,16:30,GKS Katowice,Lech Poznań,2,2,D,1,1,4,0
2024/2025,2025-05-19,18:00,Widzew Łódź,Puszcza Niepołomice,2,0,H,3,0,2,2
2024/2025,2025-05-24,16:30,Górnik Zabrze,Korona Kielce,1,1,D,1,1,2,0
2024/2025,2025-05-24,16:30,Jagiellonia Białystok,Pogoń Szczecin,1,1,D,1,1,2,0
2024/2025,2025-05-24,16:30,Lech Poznań,Piast Gliwice,1,0,H,3,0,1,1
2024/2025,2025-05-24,16:30,Lechia Gdańsk,GKS Katowice,2,3,A,0,3,5,-1
2024/2025,2025-05-24,16:30,Legia Warszawa,Stal Mielec,2,2,D,1,1,4,0
2024/2025,2025-05-24,16:30,Puszcza Niepołomice,Śląsk Wrocław,1,1,D,1,1,2,0
2024/2025,2025-05-24,16:30,Radomiak Radom,Motor Lublin,2,3,A,0,3,5,-1
2024/2025,2025-05-24,16:30,Raków Częstochowa,Widzew Łódź,2,1,H,3,0,3,1
2024/2025,2025-05-24,16:30,Zagłębie Lubin,Cracovia,1,2,A,0,3,3,-1
2025/2026,2025-07-18,17:00,Jagiellonia Białystok,Bruk-Bet Termalica Nieciecza,0,4,A,0,3,4,-4
2025/2026,2025-07-18,19:30,Lech Poznań,Cracovia,1,4,A,0,3,5,-3
2025/2026,2025-07-19,13:45,Widzew Łódź,Zagłębie Lubin,1,0,H,3,0,1,1
2025/2026,2025-07-19,16:30,Wisła Płock,Korona Kielce,2,0,H,3,0,2,2
2025/2026,2025-07-19,19:15,GKS Katowice,Raków Częstochowa,0,1,A,0,3,1,-1
2025/2026,2025-07-20,13:45,Górnik Zabrze,Lechia Gdańsk,2,1,H,3,0,3,1
2025/2026,2025-07-20,16:30,Motor Lublin,Arka Gdynia,1,0,H,3,0,1,1
2025/2026,2025-07-20,19:15,Radomiak Radom,Pogoń Szczecin,5,1,H,3,0,6,4
2025/2026,2025-07-25,17:00,Cracovia,Bruk-Bet Termalica Nieciecza,2,0,H,3,0,2,2
2025/2026,2025-07-25,19:30,Arka Gdynia,Radomiak Radom,1,1,D,1,1,2,0
2025/2026,2025-07-26,13:45,Piast Gliwice,Górnik Zabrze,0,1,A,0,3,1,-1
2025/2026,2025-07-26,16:30,Pogoń Szczecin,Motor Lublin,4,1,H,3,0,5,3
2025/2026,2025-07-26,19:15,Lechia Gdańsk,Lech Poznań,3,4,A,0,3,7,-1
2025/2026,2025-07-27,13:45,Raków Częstochowa,Wisła Płock,1,2,A,0,3,3,-1
2025/2026,2025-07-27,16:30,Jagiellonia Białystok,Widzew Łódź,3,2,H,3,0,5,1
2025/2026,2025-07-27,19:15,Korona Kielce,Legia Warszawa,0,2,A,0,3,2,-2
2025/2026,2025-07-28,18:00,GKS Katowice,Zagłębie Lubin,2,2,D,1,1,4,0
2025/2026,2025-08-01,17:00,Zagłębie Lubin,Korona Kielce,1,1,D,1,1,2,0
2025/2026,2025-08-01,19:30,Wisła Płock,Piast Gliwice,2,0,H,3,0,2,2
2025/2026,2025-08-02,13:45,Bruk-Bet Termalica Nieciecza,Pogoń Szczecin,1,1,D,1,1,2,0
2025/2026,2025-08-02,16:30,Widzew Łódź,GKS Katowice,3,0,H,3,0,3,3
2025/2026,2025-08-02,19:15,Lech Poznań,Górnik Zabrze,2,1,H,3,0,3,1
2025/2026,2025-08-03,13:45,Cracovia,Lechia Gdańsk,2,2,D,1,1,4,0
2025/2026,2025-08-03,16:30,Radomiak Radom,Raków Częstochowa,3,1,H,3,0,4,2
2025/2026,2025-08-03,19:15,Legia Warszawa,Arka Gdynia,0,0,D,1,1,0,0
2025/2026,2025-08-08,17:00,Korona Kielce,Radomiak Radom,3,0,H,3,0,3,3
2025/2026,2025-08-08,19:30,Górnik Zabrze,Bruk-Bet Termalica Nieciecza,0,1,A,0,3,1,-1
2025/2026,2025-08-09,16:30,Arka Gdynia,Pogoń Szczecin,2,1,H,3,0,3,1
2025/2026,2025-08-09,19:15,Widzew Łódź,Wisła Płock,1,1,D,1,1,2,0
2025/2026,2025-08-10,16:30,Jagiellonia Białystok,Cracovia,5,2,H,3,0,7,3
2025/2026,2025-08-10,19:15,Legia Warszawa,GKS Katowice,3,1,H,3,0,4,2
2025/2026,2025-08-11,18:00,Lechia Gdańsk,Motor Lublin,3,3,D,1,1,6,0
2025/2026,2025-08-15,17:00,Zagłębie Lubin,Lechia Gdańsk,6,2,H,3,0,8,4
2025/2026,2025-08-15,19:30,Cracovia,Widzew Łódź,1,0,H,3,0,1,1
2025/2026,2025-08-16,13:45,Motor Lublin,Piast Gliwice,0,0,D,1,1,0,0
2025/2026,2025-08-16,16:30,GKS Katowice,Arka Gdynia,4,1,H,3,0,5,3
2025/2026,2025-08-16,19:15,Lech Poznań,Korona Kielce,1,1,D,1,1,2,0
2025/2026,2025-08-17,16:30,Pogoń Szczecin,Górnik Zabrze,0,3,A,0,3,3,-3
2025/2026,2025-08-17,16:30,Radomiak Radom,Jagiellonia Białystok,1,2,A,0,3,3,-1
2025/2026,2025-08-17,19:15,Bruk-Bet Termalica Nieciecza,Raków Częstochowa,2,3,A,0,3,5,-1
2025/2026,2025-08-17,19:15,Wisła Płock,Legia Warszawa,1,0,H,3,0,1,1
2025/2026,2025-08-22,17:00,Radomiak Radom,Bruk-Bet Termalica Nieciecza,1,1,D,1,1,2,0
2025/2026,2025-08-22,19:30,Widzew Łódź,Pogoń Szczecin,1,2,A,0,3,3,-1
2025/2026,2025-08-23,16:30,Korona Kielce,Motor Lublin,2,0,H,3,0,2,2
2025/2026,2025-08-23,19:15,Górnik Zabrze,GKS Katowice,3,0,H,3,0,3,3
2025/2026,2025-08-24,13:45,Piast Gliwice,Cracovia,0,0,D,1,1,0,0
2025/2026,2025-08-24,16:30,Lechia Gdańsk,Arka Gdynia,1,0,H,3,0,1,1
2025/2026,2025-08-25,18:00,Wisła Płock,Zagłębie Lubin,2,1,H,3,0,3,1
2025/2026,2025-08-29,17:00,Arka Gdynia,Wisła Płock,1,0,H,3,0,1,1
2025/2026,2025-08-29,19:30,GKS Katowice,Radomiak Radom,3,2,H,3,0,5,1
2025/2026,2025-08-30,13:45,Bruk-Bet Termalica Nieciecza,Korona Kielce,1,3,A,0,3,4,-2
2025/2026,2025-08-30,16:30,Zagłębie Lubin,Piast Gliwice,2,2,D,1,1,4,0
2025/2026,2025-08-30,19:15,Górnik Zabrze,Motor Lublin,0,1,A,0,3,1,-1
2025/2026,2025-08-31,16:30,Jagiellonia Białystok,Lechia Gdańsk,2,0,H,3,0,2,2
2025/2026,2025-08-31,16:30,Lech Poznań,Widzew Łódź,2,1,H,3,0,3,1
2025/2026,2025-08-31,19:15,Cracovia,Legia Warszawa,2,1,H,3,0,3,1
2025/2026,2025-08-31,19:15,Pogoń Szczecin,Raków Częstochowa,2,0,H,3,0,2,2
2025/2026,2025-09-12,17:00,Lechia Gdańsk,GKS Katowice,2,0,H,3,0,2,2
2025/2026,2025-09-12,19:30,Lech Poznań,Zagłębie Lubin,1,2,A,0,3,3,-1
2025/2026,2025-09-13,13:45,Korona Kielce,Pogoń Szczecin,1,0,H,3,0,1,1
2025/2026,2025-09-13,19:15,Piast Gliwice,Jagiellonia Białystok,1,1,D,1,1,2,0
2025/2026,2025-09-14,11:15,Motor Lublin,Bruk-Bet Termalica Nieciecza,1,1,D,1,1,2,0
2025/2026,2025-09-14,13:45,Legia Warszawa,Radomiak Radom,4,1,H,3,0,5,3
2025/2026,2025-09-14,16:30,Widzew Łódź,Arka Gdynia,2,0,H,3,0,2,2
2025/2026,2025-09-15,18:00,Raków Częstochowa,Górnik Zabrze,0,1,A,0,3,1,-1
2025/2026,2025-09-19,17:00,GKS Katowice,Cracovia,0,3,A,0,3,3,-3
2025/2026,2025-09-19,19:30,Wisła Płock,Jagiellonia Białystok,0,1,A,0,3,1,-1
2025/2026,2025-09-20,11:15,Radomiak Radom,Piast Gliwice,1,0,H,3,0,1,1
2025/2026,2025-09-20,13:45,Arka Gdynia,Korona Kielce,0,0,D,1,1,0,0
2025/2026,2025-09-20,16:30,Bruk-Bet Termalica Nieciecza,Lech Poznań,0,2,A,0,3,2,-2
2025/2026,2025-09-20,19:15,Raków Częstochowa,Legia Warszawa,1,1,D,1,1,2,0
2025/2026,2025-09-21,11:15,Zagłębie Lubin,Motor Lublin,2,2,D,1,1,4,0
2025/2026,2025-09-21,13:45,Pogoń Szczecin,Lechia Gdańsk,3,4,A,0,3,7,-1
2025/2026,2025-09-21,16:30,Górnik Zabrze,Widzew Łódź,3,2,H,3,0,5,1
2025/2026,2025-09-24,17:45,Raków Częstochowa,Lech Poznań,2,2,D,1,1,4,0
2025/2026,2025-09-24,20:00,Legia Warszawa,Jagiellonia Białystok,0,0,D,1,1,0,0
2025/2026,2025-09-26,19:30,Wisła Płock,GKS Katowice,1,1,D,1,1,2,0
2025/2026,2025-09-27,13:45,Korona Kielce,Lechia Gdańsk,3,0,H,3,0,3,3
2025/2026,2025-09-27,16:30,Piast Gliwice,Bruk-Bet Termalica Nieciecza,4,2,H,3,0,6,2
2025/2026,2025-09-27,19:15,Cracovia,Górnik Zabrze,1,1,D,1,1,2,0
2025/2026,2025-09-28,11:15,Widzew Łódź,Raków Częstochowa,0,1,A,0,3,1,-1
2025/2026,2025-09-28,13:45,Lech Poznań,Jagiellonia Białystok,2,2,D,1,1,4,0
2025/2026,2025-09-28,16:30,Legia Warszawa,Pogoń Szczecin,1,0,H,3,0,1,1
2025/2026,2025-09-29,17:00,Zagłębie Lubin,Arka Gdynia,4,0,H,3,0,4,4
2025/2026,2025-09-29,19:30,Motor Lublin,Radomiak Radom,2,2,D,1,1,4,0
2025/2026,2025-10-03,17:00,Lechia Gdańsk,Wisła Płock,1,1,D,1,1,2,0
2025/2026,2025-10-03,19:30,Pogoń Szczecin,Piast Gliwice,2,1,H,3,0,3,1
2025/2026,2025-10-04,13:45,Bruk-Bet Termalica Nieciecza,Widzew Łódź,2,4,A,0,3,6,-2
2025/2026,2025-10-04,16:30,Radomiak Radom,Zagłębie Lubin,3,1,H,3,0,4,2
2025/2026,2025-10-04,19:15,Arka Gdynia,Cracovia,2,1,H,3,0,3,1
2025/2026,2025-10-05,11:15,Jagiellonia Białystok,Korona Kielce,3,1,H,3,0,4,2
2025/2026,2025-10-05,13:45,Raków Częstochowa,Motor Lublin,2,0,H,3,0,2,2
2025/2026,2025-10-05,16:30,GKS Katowice,Lech Poznań,0,1,A,0,3,1,-1
2025/2026,2025-10-05,19:15,Górnik Zabrze,Legia Warszawa,3,1,H,3,0,4,2
2025/2026,2025-10-17,17:00,Motor Lublin,GKS Katowice,2,5,A,0,3,7,-3
2025/2026,2025-10-17,19:30,Widzew Łódź,Radomiak Radom,3,2,H,3,0,5,1
2025/2026,2025-10-18,13:45,Korona Kielce,Górnik Zabrze,1,1,D,1,1,2,0
2025/2026,2025-10-18,16:30,Jagiellonia Białystok,Arka Gdynia,4,0,H,3,0,4,4
2025/2026,2025-10-18,19:15,Cracovia,Raków Częstochowa,2,0,H,3,0,2,2
2025/2026,2025-10-19,11:15,Piast Gliwice,Lechia Gdańsk,1,2,A,0,3,3,-1
2025/2026,2025-10-19,13:45,Lech Poznań,Pogoń Szczecin,2,2,D,1,1,4,0
2025/2026,2025-10-19,16:30,Zagłębie Lubin,Legia Warszawa,3,1,H,3,0,4,2
2025/2026,2025-10-20,18:00,Wisła Płock,Bruk-Bet Termalica Nieciecza,3,1,H,3,0,4,2
2025/2026,2025-10-24,17:00,Bruk-Bet Termalica Nieciecza,Zagłębie Lubin,1,1,D,1,1,2,0
2025/2026,2025-10-24,19:30,Motor Lublin,Widzew Łódź,3,0,H,3,0,3,3
2025/2026,2025-10-25,13:45,Arka Gdynia,Piast Gliwice,2,1,H,3,0,3,1
2025/2026,2025-10-25,16:30,Pogoń Szczecin,Cracovia,2,1,H,3,0,3,1
2025/2026,2025-10-25,19:15,GKS Katowice,Korona Kielce,1,0,H,3,0,1,1
2025/2026,2025-10-26,13:45,Raków Częstochowa,Lechia Gdańsk,2,1,H,3,0,3,1
2025/2026,2025-10-26,16:30,Górnik Zabrze,Jagiellonia Białystok,2,1,H,3,0,3,1
2025/2026,2025-10-26,19:15,Legia Warszawa,Lech Poznań,0,0,D,1,1,0,0
2025/2026,2025-10-27,18:00,Radomiak Radom,Wisła Płock,1,1,D,1,1,2,0
2025/2026,2025-10-31,17:00,Bruk-Bet Termalica Nieciecza,GKS Katowice,0,3,A,0,3,3,-3
2025/2026,2025-10-31,19:30,Piast Gliwice,Korona Kielce,0,0,D,1,1,0,0
2025/2026,2025-11-02,11:15,Górnik Zabrze,Arka Gdynia,5,1,H,3,0,6,4
2025/2026,2025-11-02,13:45,Lech Poznań,Motor Lublin,2,2,D,1,1,4,0
2025/2026,2025-11-02,16:30,Jagiellonia Białystok,Raków Częstochowa,1,2,A,0,3,3,-1
2025/2026,2025-11-02,19:15,Widzew Łódź,Legia Warszawa,1,1,D,1,1,2,0
2025/2026,2025-11-03,17:00,Lechia Gdańsk,Radomiak Radom,1,2,A,0,3,3,-1
2025/2026,2025-11-03,17:00,Wisła Płock,Pogoń Szczecin,2,0,H,3,0,2,2
2025/2026,2025-11-03,19:30,Cracovia,Zagłębie Lubin,0,0,D,1,1,0,0
2025/2026,2025-11-07,17:00,Radomiak Radom,Cracovia,3,0,H,3,0,3,3
2025/2026,2025-11-07,19:30,Zagłębie Lubin,Górnik Zabrze,2,0,H,3,0,2,2
2025/2026,2025-11-08,13:45,Lechia Gdańsk,Widzew Łódź,2,1,H,3,0,3,1
2025/2026,2025-11-08,16:30,Motor Lublin,Wisła Płock,1,1,D,1,1,2,0
2025/2026,2025-11-08,19:15,GKS Katowice,Piast Gliwice,1,3,A,0,3,4,-2
2025/2026,2025-11-09,13:45,Korona Kielce,Raków Częstochowa,1,4,A,0,3,5,-3
2025/2026,2025-11-09,13:45,Legia Warszawa,Bruk-Bet Termalica Nieciecza,1,2,A,0,3,3,-1
2025/2026,2025-11-09,16:30,Pogoń Szczecin,Jagiellonia Białystok,1,2,A,0,3,3,-1
2025/2026,2025-11-09,19:15,Arka Gdynia,Lech Poznań,3,1,H,3,0,4,2
2025/2026,2025-11-21,17:00,Bruk-Bet Termalica Nieciecza,Arka Gdynia,2,0,H,3,0,2,2
2025/2026,2025-11-21,19:30,Górnik Zabrze,Wisła Płock,1,1,D,1,1,2,0
2025/2026,2025-11-22,13:45,Cracovia,Motor Lublin,1,2,A,0,3,3,-1
2025/2026,2025-11-22,16:30,Raków Częstochowa,Piast Gliwice,1,3,A,0,3,4,-2
2025/2026,2025-11-22,19:15,Legia Warszawa,Lechia Gdańsk,2,2,D,1,1,4,0
2025/2026,2025-11-23,13:45,Lech Poznań,Radomiak Radom,4,1,H,3,0,5,3
2025/2026,2025-11-23,16:30,Widzew Łódź,Korona Kielce,1,3,A,0,3,4,-2
2025/2026,2025-11-24,18:00,Pogoń Szczecin,Zagłębie Lubin,5,1,H,3,0,6,4
2025/2026,2025-11-28,17:00,Piast Gliwice,Widzew Łódź,0,2,A,0,3,2,-2
2025/2026,2025-11-28,19:30,Radomiak Radom,Górnik Zabrze,4,0,H,3,0,4,4
2025/2026,2025-11-29,13:45,Lechia Gdańsk,Bruk-Bet Termalica Nieciecza,5,1,H,3,0,6,4
2025/2026,2025-11-29,16:30,Korona Kielce,Cracovia,0,1,A,0,3,1,-1
2025/2026,2025-11-29,19:15,GKS Katowice,Pogoń Szczecin,2,0,H,3,0,2,2
2025/2026,2025-11-30,13:45,Arka Gdynia,Raków Częstochowa,1,4,A,0,3,5,-3
2025/2026,2025-11-30,16:30,Zagłębie Lubin,Jagiellonia Białystok,0,0,D,1,1,0,0
2025/2026,2025-11-30,19:15,Wisła Płock,Lech Poznań,0,0,D,1,1,0,0
2025/2026,2025-12-01,18:00,Motor Lublin,Legia Warszawa,1,1,D,1,1,2,0
2025/2026,2025-12-04,16:00,Wisła Płock,Cracovia,0,0,D,1,1,0,0
2025/2026,2025-12-05,19:30,Lechia Gdańsk,Górnik Zabrze,5,2,H,3,0,7,3
2025/2026,2025-12-06,11:15,Arka Gdynia,Motor Lublin,1,0,H,3,0,1,1
2025/2026,2025-12-06,13:45,Pogoń Szczecin,Radomiak Radom,2,2,D,1,1,4,0
2025/2026,2025-12-06,16:30,Zagłębie Lubin,Widzew Łódź,2,1,H,3,0,3,1
2025/2026,2025-12-06,19:15,Piast Gliwice,Legia Warszawa,2,0,H,3,0,2,2
2025/2026,2025-12-07,11:15,Bruk-Bet Termalica Nieciecza,Jagiellonia Białystok,2,1,H,3,0,3,1
2025/2026,2025-12-07,13:45,Cracovia,Lech Poznań,2,2,D,1,1,4,0
2025/2026,2025-12-07,16:30,Raków Częstochowa,GKS Katowice,1,0,H,3,0,1,1
2025/2026,2025-12-08,18:00,Korona Kielce,Wisła Płock,1,1,D,1,1,2,0
2025/2026,2025-12-14,13:45,Raków Częstochowa,Zagłębie Lubin,0,1,A,0,3,1,-1
2025/2026,2025-12-14,16:30,Motor Lublin,Jagiellonia Białystok,1,1,D,1,1,2,0
2025/2026,2025-12-14,19:15,Legia Warszawa,Piast Gliwice,0,1,A,0,3,1,-1
2025/2026,2026-01-30,17:00,Zagłębie Lubin,GKS Katowice,0,2,A,0,3,2,-2
2025/2026,2026-01-31,13:45,Górnik Zabrze,Piast Gliwice,2,1,H,3,0,3,1
2025/2026,2026-01-31,16:30,Widzew Łódź,Jagiellonia Białystok,1,3,A,0,3,4,-2
2025/2026,2026-01-31,19:15,Lech Poznań,Lechia Gdańsk,1,3,A,0,3,4,-2
2025/2026,2026-02-01,11:15,Motor Lublin,Pogoń Szczecin,2,1,H,3,0,3,1
2025/2026,2026-02-01,13:45,Wisła Płock,Raków Częstochowa,2,1,H,3,0,3,1
2025/2026,2026-02-01,16:30,Legia Warszawa,Korona Kielce,1,2,A,0,3,3,-1
2025/2026,2026-02-02,18:00,Bruk-Bet Termalica Nieciecza,Cracovia,0,1,A,0,3,1,-1
2025/2026,2026-02-03,19:30,Piast Gliwice,Lech Poznań,1,0,H,3,0,1,1
2025/2026,2026-02-06,17:00,Korona Kielce,Zagłębie Lubin,1,2,A,0,3,3,-1
2025/2026,2026-02-06,19:30,Lechia Gdańsk,Cracovia,1,1,D,1,1,2,0
2025/2026,2026-02-07,13:45,Arka Gdynia,Legia Warszawa,2,2,D,1,1,4,0
2025/2026,2026-02-07,16:30,Jagiellonia Białystok,Motor Lublin,4,1,H,3,0,5,3
2025/2026,2026-02-07,19:15,Górnik Zabrze,Lech Poznań,0,1,A,0,3,1,-1
2025/2026,2026-02-08,11:15,Pogoń Szczecin,Bruk-Bet Termalica Nieciecza,1,1,D,1,1,2,0
2025/2026,2026-02-08,13:45,Raków Częstochowa,Radomiak Radom,0,0,D,1,1,0,0
2025/2026,2026-02-08,16:30,GKS Katowice,Widzew Łódź,1,0,H,3,0,1,1
2025/2026,2026-02-09,18:00,Piast Gliwice,Wisła Płock,1,0,H,3,0,1,1
2025/2026,2026-02-13,17:00,Radomiak Radom,Korona Kielce,0,2,A,0,3,2,-2
2025/2026,2026-02-13,19:30,GKS Katowice,Legia Warszawa,1,1,D,1,1,2,0
2025/2026,2026-02-14,13:45,Cracovia,Jagiellonia Białystok,0,0,D,1,1,0,0
2025/2026,2026-02-14,16:30,Zagłębie Lubin,Raków Częstochowa,0,0,D,1,1,0,0
2025/2026,2026-02-14,19:15,Wisła Płock,Widzew Łódź,0,2,A,0,3,2,-2
2025/2026,2026-02-15,11:15,Motor Lublin,Lechia Gdańsk,2,3,A,0,3,5,-1
2025/2026,2026-02-15,13:45,Pogoń Szczecin,Arka Gdynia,1,0,H,3,0,1,1
2025/2026,2026-02-15,16:30,Lech Poznań,Piast Gliwice,3,0,H,3,0,3,3
2025/2026,2026-02-16,18:00,Bruk-Bet Termalica Nieciecza,Górnik Zabrze,1,1,D,1,1,2,0
2025/2026,2026-02-20,17:00,Piast Gliwice,Motor Lublin,1,2,A,0,3,3,-1
2025/2026,2026-02-20,19:30,Widzew Łódź,Cracovia,0,0,D,1,1,0,0
2025/2026,2026-02-21,14:00,Raków Częstochowa,Bruk-Bet Termalica Nieciecza,1,0,H,3,0,1,1
2025/2026,2026-02-21,16:45,Górnik Zabrze,Pogoń Szczecin,0,1,A,0,3,1,-1
2025/2026,2026-02-21,19:30,Legia Warszawa,Wisła Płock,2,1,H,3,0,3,1
2025/2026,2026-02-22,11:15,Arka Gdynia,GKS Katowice,2,1,H,3,0,3,1
2025/2026,2026-02-22,13:45,Jagiellonia Białystok,Radomiak Radom,1,1,D,1,1,2,0
2025/2026,2026-02-22,16:30,Korona Kielce,Lech Poznań,1,2,A,0,3,3,-1
2025/2026,2026-02-23,18:00,Lechia Gdańsk,Zagłębie Lubin,0,2,A,0,3,2,-2
2025/2026,2026-02-27,17:00,Cracovia,Piast Gliwice,2,3,A,0,3,5,-1
2025/2026,2026-02-27,19:30,Arka Gdynia,Lechia Gdańsk,2,2,D,1,1,4,0
2025/2026,2026-02-28,13:45,Pogoń Szczecin,Widzew Łódź,1,0,H,3,0,1,1
2025/2026,2026-02-28,16:30,Motor Lublin,Korona Kielce,2,0,H,3,0,2,2
2025/2026,2026-02-28,19:15,GKS Katowice,Górnik Zabrze,3,1,H,3,0,4,2
2025/2026,2026-03-01,11:15,Bruk-Bet Termalica Nieciecza,Radomiak Radom,1,1,D,1,1,2,0
2025/2026,2026-03-01,13:45,Jagiellonia Białystok,Legia Warszawa,2,2,D,1,1,4,0
2025/2026,2026-03-01,16:30,Lech Poznań,Raków Częstochowa,4,3,H,3,0,7,1
2025/2026,2026-03-02,18:00,Zagłębie Lubin,Wisła Płock,2,0,H,3,0,2,2
2025/2026,2026-03-05,19:30,Radomiak Radom,Arka Gdynia,3,1,H,3,0,4,2
2025/2026,2026-03-06,19:30,Lechia Gdańsk,Jagiellonia Białystok,3,0,H,3,0,3,3
2025/2026,2026-03-07,13:45,Korona Kielce,Bruk-Bet Termalica Nieciecza,2,1,H,3,0,3,1
2025/2026,2026-03-07,16:30,Piast Gliwice,Zagłębie Lubin,1,3,A,0,3,4,-2
2025/2026,2026-03-07,19:15,Widzew Łódź,Lech Poznań,2,1,H,3,0,3,1
2025/2026,2026-03-08,11:15,Motor Lublin,Górnik Zabrze,0,0,D,1,1,0,0
2025/2026,2026-03-08,13:45,Radomiak Radom,GKS Katowice,0,1,A,0,3,1,-1
2025/2026,2026-03-08,16:30,Raków Częstochowa,Pogoń Szczecin,2,0,H,3,0,2,2
2025/2026,2026-03-08,19:15,Legia Warszawa,Cracovia,1,0,H,3,0,1,1
2025/2026,2026-03-09,18:00,Wisła Płock,Arka Gdynia,0,3,A,0,3,3,-3
2025/2026,2026-03-13,17:00,Bruk-Bet Termalica Nieciecza,Motor Lublin,1,2,A,0,3,3,-1
2025/2026,2026-03-13,19:30,Radomiak Radom,Legia Warszawa,1,1,D,1,1,2,0
2025/2026,2026-03-14,13:45,Jagiellonia Białystok,Piast Gliwice,1,2,A,0,3,3,-1
2025/2026,2026-03-14,16:30,GKS Katowice,Lechia Gdańsk,2,0,H,3,0,2,2
2025/2026,2026-03-14,19:15,Cracovia,Wisła Płock,1,2,A,0,3,3,-1
2025/2026,2026-03-15,11:15,Arka Gdynia,Widzew Łódź,0,0,D,1,1,0,0
2025/2026,2026-03-15,13:45,Zagłębie Lubin,Lech Poznań,0,1,A,0,3,1,-1
2025/2026,2026-03-15,16:30,Górnik Zabrze,Raków Częstochowa,3,1,H,3,0,4,2
2025/2026,2026-03-16,18:00,Pogoń Szczecin,Korona Kielce,2,1,H,3,0,3,1
2025/2026,2026-03-17,18:00,Jagiellonia Białystok,GKS Katowice,2,1,H,3,0,3,1
2025/2026,2026-03-20,17:00,Piast Gliwice,Radomiak Radom,3,1,H,3,0,4,2
2025/2026,2026-03-20,19:30,Motor Lublin,Zagłębie Lubin,1,0,H,3,0,1,1
2025/2026,2026-03-21,13:45,Cracovia,GKS Katowice,1,0,H,3,0,1,1
2025/2026,2026-03-21,16:30,Lechia Gdańsk,Pogoń Szczecin,2,1,H,3,0,3,1
2025/2026,2026-03-21,19:15,Jagiellonia Białystok,Wisła Płock,1,2,A,0,3,3,-1
2025/2026,2026-03-22,11:15,Korona Kielce,Arka Gdynia,3,0,H,3,0,3,3
2025/2026,2026-03-22,13:45,Lech Poznań,Bruk-Bet Termalica Nieciecza,4,1,H,3,0,5,3
2025/2026,2026-03-22,16:30,Widzew Łódź,Górnik Zabrze,0,0,D,1,1,0,0
2025/2026,2026-03-22,19:15,Legia Warszawa,Raków Częstochowa,1,1,D,1,1,2,0
2025/2026,2026-04-04,11:15,GKS Katowice,Wisła Płock,1,0,H,3,0,1,1
2025/2026,2026-04-04,13:45,Raków Częstochowa,Widzew Łódź,1,1,D,1,1,2,0
2025/2026,2026-04-04,16:30,Górnik Zabrze,Cracovia,3,0,H,3,0,3,3
2025/2026,2026-04-04,19:15,Jagiellonia Białystok,Lech Poznań,0,0,D,1,1,0,0
2025/2026,2026-04-06,11:15,Bruk-Bet Termalica Nieciecza,Piast Gliwice,3,2,H,3,0,5,1
2025/2026,2026-04-06,13:45,Radomiak Radom,Motor Lublin,1,1,D,1,1,2,0
2025/2026,2026-04-06,16:30,Pogoń Szczecin,Legia Warszawa,0,2,A,0,3,2,-2
2025/2026,2026-04-06,19:15,Lechia Gdańsk,Korona Kielce,4,2,H,3,0,6,2
2025/2026,2026-04-07,18:00,Arka Gdynia,Zagłębie Lubin,3,1,H,3,0,4,2
2025/2026,2026-04-10,17:00,Wisła Płock,Lechia Gdańsk,1,0,H,3,0,1,1
2025/2026,2026-04-10,19:30,Korona Kielce,Jagiellonia Białystok,1,1,D,1,1,2,0
2025/2026,2026-04-11,13:45,Widzew Łódź,Bruk-Bet Termalica Nieciecza,1,0,H,3,0,1,1
2025/2026,2026-04-11,16:30,Zagłębie Lubin,Radomiak Radom,1,0,H,3,0,1,1
2025/2026,2026-04-11,19:15,Legia Warszawa,Górnik Zabrze,1,1,D,1,1,2,0
2025/2026,2026-04-12,11:15,Cracovia,Arka Gdynia,2,2,D,1,1,4,0
2025/2026,2026-04-12,13:45,Motor Lublin,Raków Częstochowa,1,1,D,1,1,2,0
2025/2026,2026-04-12,16:30,Lech Poznań,GKS Katowice,3,3,D,1,1,6,0
2025/2026,2026-04-13,18:00,Piast Gliwice,Pogoń Szczecin,0,2,A,0,3,2,-2
2025/2026,2026-04-17,17:00,GKS Katowice,Motor Lublin,3,2,H,3,0,5,1
2025/2026,2026-04-17,19:30,Legia Warszawa,Zagłębie Lubin,1,0,H,3,0,1,1
2025/2026,2026-04-18,13:45,Radomiak Radom,Widzew Łódź,2,1,H,3,0,3,1
2025/2026,2026-04-18,16:30,Górnik Zabrze,Korona Kielce,1,0,H,3,0,1,1
2025/2026,2026-04-18,19:15,Pogoń Szczecin,Lech Poznań,1,2,A,0,3,3,-1
2025/2026,2026-04-19,11:15,Bruk-Bet Termalica Nieciecza,Wisła Płock,1,3,A,0,3,4,-2
2025/2026,2026-04-19,13:45,Raków Częstochowa,Cracovia,4,1,H,3,0,5,3
2025/2026,2026-04-19,16:30,Arka Gdynia,Jagiellonia Białystok,0,3,A,0,3,3,-3
2025/2026,2026-04-20,18:00,Lechia Gdańsk,Piast Gliwice,1,1,D,1,1,2,0
2025/2026,2026-04-24,17:00,Zagłębie Lubin,Bruk-Bet Termalica Nieciecza,1,2,A,0,3,3,-1
2025/2026,2026-04-24,19:30,Jagiellonia Białystok,Górnik Zabrze,1,2,A,0,3,3,-1
2025/2026,2026-04-25,13:45,Korona Kielce,GKS Katowice,1,1,D,1,1,2,0
2025/2026,2026-04-25,16:30,Lechia Gdańsk,Raków Częstochowa,1,2,A,0,3,3,-1
2025/2026,2026-04-25,19:15,Cracovia,Pogoń Szczecin,1,1,D,1,1,2,0
2025/2026,2026-04-26,11:15,Wisła Płock,Radomiak Radom,0,1,A,0,3,1,-1
2025/2026,2026-04-26,13:45,Widzew Łódź,Motor Lublin,2,0,H,3,0,2,2
2025/2026,2026-04-26,16:30,Lech Poznań,Legia Warszawa,4,0,H,3,0,4,4
2025/2026,2026-04-27,18:00,Piast Gliwice,Arka Gdynia,4,1,H,3,0,5,3
2025/2026,2026-05-01,16:30,Korona Kielce,Piast Gliwice,1,1,D,1,1,2,0
2025/2026,2026-05-01,19:30,Legia Warszawa,Widzew Łódź,1,0,H,3,0,1,1
2025/2026,2026-05-02,19:15,Motor Lublin,Lech Poznań,0,1,A,0,3,1,-1
2025/2026,2026-05-03,11:15,GKS Katowice,Bruk-Bet Termalica Nieciecza,5,1,H,3,0,6,4
2025/2026,2026-05-03,13:45,Zagłębie Lubin,Cracovia,0,0,D,1,1,0,0
2025/2026,2026-05-03,16:30,Pogoń Szczecin,Wisła Płock,3,0,H,3,0,3,3
2025/2026,2026-05-04,18:00,Radomiak Radom,Lechia Gdańsk,3,1,H,3,0,4,2
2025/2026,2026-05-08,17:00,Raków Częstochowa,Korona Kielce,2,0,H,3,0,2,2
2025/2026,2026-05-08,19:30,Lech Poznań,Arka Gdynia,1,1,D,1,1,2,0
2025/2026,2026-05-09,13:45,Widzew Łódź,Lechia Gdańsk,3,1,H,3,0,4,2
2025/2026,2026-05-09,16:30,Jagiellonia Białystok,Pogoń Szczecin,3,2,H,3,0,5,1
2025/2026,2026-05-09,19:15,Górnik Zabrze,Zagłębie Lubin,0,2,A,0,3,2,-2
2025/2026,2026-05-10,11:15,Piast Gliwice,GKS Katowice,0,0,D,1,1,0,0
2025/2026,2026-05-10,13:45,Wisła Płock,Motor Lublin,0,4,A,0,3,4,-4
2025/2026,2026-05-10,16:30,Bruk-Bet Termalica Nieciecza,Legia Warszawa,0,1,A,0,3,1,-1
2025/2026,2026-05-11,18:00,Cracovia,Radomiak Radom,0,0,D,1,1,0,0
2025/2026,2026-05-13,17:00,Arka Gdynia,Górnik Zabrze,0,0,D,1,1,0,0
2025/2026,2026-05-13,19:30,Raków Częstochowa,Jagiellonia Białystok,0,2,A,0,3,2,-2
2025/2026,2026-05-15,17:00,Zagłębie Lubin,Pogoń Szczecin,0,1,A,0,3,1,-1
2025/2026,2026-05-15,19:30,Korona Kielce,Widzew Łódź,1,0,H,3,0,1,1
2025/2026,2026-05-16,13:45,Motor Lublin,Cracovia,3,3,D,1,1,6,0
2025/2026,2026-05-16,16:30,Wisła Płock,Górnik Zabrze,0,1,A,0,3,1,-1
2025/2026,2026-05-16,19:15,Radomiak Radom,Lech Poznań,1,3,A,0,3,4,-2
2025/2026,2026-05-17,11:15,Piast Gliwice,Raków Częstochowa,1,3,A,0,3,4,-2
2025/2026,2026-05-17,13:45,GKS Katowice,Jagiellonia Białystok,2,2,D,1,1,4,0
2025/2026,2026-05-17,16:30,Lechia Gdańsk,Legia Warszawa,1,2,A,0,3,3,-1
2025/2026,2026-05-18,18:00,Arka Gdynia,Bruk-Bet Termalica Nieciecza,2,3,A,0,3,5,-1
2025/2026,2026-05-23,16:30,Cracovia,Korona Kielce,1,1,D,1,1,2,0
2025/2026,2026-05-23,16:30,Górnik Zabrze,Radomiak Radom,6,2,H,3,0,8,4
2025/2026,2026-05-23,16:30,Jagiellonia Białystok,Zagłębie Lubin,1,0,H,3,0,1,1
2025/2026,2026-05-23,16:30,Lech Poznań,Wisła Płock,2,2,D,1,1,4,0
2025/2026,2026-05-23,16:30,Legia Warszawa,Motor Lublin,4,0,H,3,0,4,4
2025/2026,2026-05-23,16:30,Pogoń Szczecin,GKS Katowice,1,1,D,1,1,2,0
2025/2026,2026-05-23,16:30,Raków Częstochowa,Arka Gdynia,3,0,H,3,0,3,3
2025/2026,2026-05-23,16:30,Bruk-Bet Termalica Nieciecza,Lechia Gdańsk,3,2,H,3,0,5,1
2025/2026,2026-05-23,16:30,Widzew Łódź,Piast Gliwice,2,1,H,3,0,3,1
2026/2027,2026-07-24,17:00,Radomiak Radom,Wieczysta Kraków,2,1,H,3,0,3,1
2026/2027,2026-07-24,19:30,Pogoń Szczecin,Legia Warszawa,0,1,A,0,3,1,-1
2026/2027,2026-07-25,13:45,Jagiellonia Białystok,Korona Kielce,1,0,H,3,0,1,1
2026/2027,2026-07-25,16:30,Górnik Zabrze,Śląsk Wrocław,2,1,H,3,0,3,1
2026/2027,2026-07-25,19:15,Lech Poznań,Cracovia,0,0,D,1,1,0,0
2026/2027,2026-07-26,13:45,Raków Częstochowa,Wisła Płock,1,2,A,0,3,3,-1
2026/2027,2026-07-26,16:30,Widzew Łódź,Motor Lublin,2,2,D,1,1,4,0
2026/2027,2026-07-26,19:15,Wisła Kraków,GKS Katowice,2,1,H,3,0,3,1
2026/2027,2026-07-27,18:00,Zagłębie Lubin,Piast Gliwice,2,0,H,3,0,2,2
2026/2027,2026-07-31,17:00,Wisła Płock,Widzew Łódź,0,0,D,1,1,0,0
2026/2027,2026-07-31,19:30,Motor Lublin,Jagiellonia Białystok,1,2,A,0,3,3,-1
2026/2027,2026-08-01,13:45,Piast Gliwice,Wisła Kraków,4,3,H,3,0,7,1
2026/2027,2026-08-01,16:30,Wieczysta Kraków,Lech Poznań,1,2,A,0,3,3,-1
2026/2027,2026-08-02,13:45,Legia Warszawa,Zagłębie Lubin,3,1,H,3,0,4,2
2026/2027,2026-08-02,16:30,Śląsk Wrocław,Raków Częstochowa,2,1,H,3,0,3,1
2026/2027,2026-08-02,19:15,GKS Katowice,Radomiak Radom,3,1,H,3,0,4,2
2026/2027,2026-08-03,18:00,Cracovia,Pogoń Szczecin,0,2,A,0,3,2,-2
2026/2027,2026-08-07,19:30,Wisła Kraków,Wisła Płock,2,1,H,3,0,3,1
2026/2027,2026-08-08,13:45,Radomiak Radom,Górnik Zabrze,1,3,A,0,3,4,-2
2026/2027,2026-08-08,16:30,Pogoń Szczecin,Motor Lublin,3,1,H,3,0,4,2
2026/2027,2026-08-08,19:15,Korona Kielce,Legia Warszawa,1,1,D,1,1,2,0
2026/2027,2026-08-09,13:45,Śląsk Wrocław,Cracovia,0,0,D,1,1,0,0
2026/2027,2026-08-09,16:30,Lech Poznań,Piast Gliwice,3,0,H,3,0,3,3
2026/2027,2026-08-09,19:15,Jagiellonia Białystok,Widzew Łódź,0,2,A,0,3,2,-2
2026/2027,2026-08-14,19:30,Legia Warszawa,Radomiak Radom,5,0,H,3,0,5,5
2026/2027,2026-08-15,13:45,Zagłębie Lubin,Śląsk Wrocław,2,1,H,3,0,3,1
2026/2027,2026-08-15,16:30,Piast Gliwice,Wieczysta Kraków,3,4,A,0,3,7,-1
2026/2027,2026-08-15,19:15,Widzew Łódź,Korona Kielce,1,2,A,0,3,3,-1
2026/2027,2026-08-16,13:45,Motor Lublin,GKS Katowice,1,0,H,3,0,1,1
2026/2027,2026-08-16,16:30,Cracovia,Raków Częstochowa,2,1,H,3,0,3,1
2026/2027,2026-08-16,19:15,Górnik Zabrze,Wisła Kraków,2,1,H,3,0,3,1
2026/2027,2026-08-21,19:30,Cracovia,Wieczysta Kraków,3,2,H,3,0,5,1
2026/2027,2026-08-22,13:45,Korona Kielce,Motor Lublin,1,1,D,1,1,2,0
2026/2027,2026-08-22,16:30,Piast Gliwice,Legia Warszawa,1,1,D,1,1,2,0
2026/2027,2026-08-22,19:15,Śląsk Wrocław,Widzew Łódź,3,3,D,1,1,6,0
2026/2027,2026-08-23,13:45,Radomiak Radom,Zagłębie Lubin,0,0,D,1,1,0,0
2026/2027,2026-08-23,16:30,GKS Katowice,Wisła Płock,5,0,H,3,0,5,5
2026/2027,2026-08-23,19:15,Pogoń Szczecin,Wisła Kraków,2,2,D,1,1,4,0
2026/2027,2026-08-28,17:00,Wisła Płock,Korona Kielce,0,2,A,0,3,2,-2
2026/2027,2026-08-28,19:30,Legia Warszawa,Śląsk Wrocław,1,1,D,1,1,2,0
2026/2027,2026-08-29,11:15,Radomiak Radom,Cracovia,2,1,H,3,0,3,1
2026/2027,2026-08-29,13:45,Motor Lublin,Piast Gliwice,0,2,A,0,3,2,-2
2026/2027,2026-08-29,16:30,Wisła Kraków,Wieczysta Kraków,2,0,H,3,0,2,2
2026/2027,2026-08-29,19:15,Zagłębie Lubin,Pogoń Szczecin,0,0,D,1,1,0,0
2026/2027,2026-08-30,13:45,Raków Częstochowa,Jagiellonia Białystok,2,5,A,0,3,7,-3
2026/2027,2026-08-30,16:30,Górnik Zabrze,GKS Katowice,2,3,A,0,3,5,-1
2026/2027,2026-08-30,19:15,Widzew Łódź,Lech Poznań,2,3,A,0,3,5,-1
2026/2027,2026-09-03,17:00,Raków Częstochowa,Górnik Zabrze,1,2,A,0,3,3,-1
2026/2027,2026-09-03,19:30,Lech Poznań,Jagiellonia Białystok,2,1,H,3,0,3,1
2026/2027,2026-09-04,19:30,Piast Gliwice,GKS Katowice,3,0,H,3,0,3,3
2026/2027,2026-09-05,13:45,Widzew Łódź,Radomiak Radom,0,0,D,1,1,0,0
2026/2027,2026-09-05,16:30,Korona Kielce,Wisła Kraków,1,1,D,1,1,2,0
2026/2027,2026-09-05,19:15,Motor Lublin,Legia Warszawa,2,3,A,0,3,5,-1
2026/2027,2026-09-06,13:45,Cracovia,Górnik Zabrze,0,1,A,0,3,1,-1
2026/2027,2026-09-06,16:30,Lech Poznań,Raków Częstochowa,1,0,H,3,0,1,1
2026/2027,2026-09-06,19:15,Jagiellonia Białystok,Śląsk Wrocław,2,1,H,3,0,3,1
2026/2027,2026-09-07,17:00,Wieczysta Kraków,Zagłębie Lubin,1,1,D,1,1,2,0
2026/2027,2026-09-07,19:30,Pogoń Szczecin,Wisła Płock,1,1,D,1,1,2,0
2026/2027,2026-09-11,17:00,Raków Częstochowa,Motor Lublin,2,1,H,3,0,3,1
2026/2027,2026-09-11,19:30,Wisła Kraków,Jagiellonia Białystok,2,0,H,3,0,2,2
2026/2027,2026-09-12,13:45,Śląsk Wrocław,Korona Kielce,1,2,A,0,3,3,-1
2026/2027,2026-09-12,16:30,Górnik Zabrze,Lech Poznań,2,1,H,3,0,3,1
2026/2027,2026-09-12,19:15,Zagłębie Lubin,GKS Katowice,2,1,H,3,0,3,1
2026/2027,2026-09-13,11:15,Wisła Płock,Cracovia,3,1,H,3,0,4,2
2026/2027,2026-09-13,13:45,Pogoń Szczecin,Wieczysta Kraków,2,0,H,3,0,2,2
2026/2027,2026-09-13,16:30,Legia Warszawa,Widzew Łódź,1,1,D,1,1,2,0
2026/2027,2026-09-14,18:00,Radomiak Radom,Piast Gliwice,0,2,A,0,3,2,-2
2026/2027,2026-09-15,17:00,Raków Częstochowa,Zagłębie Lubin,2,3,A,0,3,5,-1
2026/2027,2026-09-15,19:30,Korona Kielce,Górnik Zabrze,0,2,A,0,3,2,-2
2026/2027,2026-09-18,17:30,Widzew Łódź,Wieczysta Kraków,2,2,D,1,1,4,0
2026/2027,2026-09-18,19:30,Wisła Kraków,Śląsk Wrocław,2,1,H,3,0,3,1
2026/2027,2026-09-19,13:45,Korona Kielce,Raków Częstochowa,3,2,H,3,0,5,1
2026/2027,2026-09-19,16:30,GKS Katowice,Cracovia,3,2,H,3,0,5,1
2026/2027,2026-09-19,19:15,Motor Lublin,Górnik Zabrze,0,0,D,1,1,0,0
2026/2027,2026-09-20,11:15,Piast Gliwice,Pogoń Szczecin,1,2,A,0,3,3,-1
2026/2027,2026-09-20,13:45,Zagłębie Lubin,Wisła Płock,0,2,A,0,3,2,-2
2026/2027,2026-09-20,16:30,Jagiellonia Białystok,Legia Warszawa,1,3,A,0,3,4,-2
2026/2027,2026-09-20,19:15,Lech Poznań,Radomiak Radom,5,1,H,3,0,6,4
